metric,method,mean,lo,hi,n_env,n_seed,delta,ci1_lo,ci1_hi,ci2_lo,ci2_hi,seed_sd,seeds_same_sign,verdict,verdict_x1.5,verdict_x4.2,confirmatory,pooled_pearson_r_diag
spearman,B1r_gblup_reml,0.22323330875293315,0.18952153948766168,0.25355421360871466,27,3,-0.05050292555933072,-0.07426280448158862,-0.02522628215858392,-0.07802179765877157,-0.022808938504457966,0.011306987843779481,True,resolved,resolved,detectable,False,0.15230805266597644
spearman,GEFormer_fair,0.27373623431226385,0.22988177933974568,0.31338739607949434,27,3,,,,,,,,,,,,0.16244073233493717
spearman,GEFormer_own,0.21597103108858745,0.17754436978893817,0.24937750669433176,27,3,-0.05776520322367644,-0.07748398371576581,-0.037516937027091524,-0.14170564258324406,0.003855245299190754,0.07974530959668301,False,tied,tied,tied,False,0.36272092026474606
spearman,S1_twohead_mse,0.22222492093844706,0.18397328281262973,0.2580731114140002,27,3,-0.051511313373816786,-0.07522361441790432,-0.02702414321071858,-0.08539235874208945,-0.020177573764753945,0.020913292819874398,True,resolved,resolved,detectable,False,0.485079368560485
spearman,S1_twohead_mse_noec,0.23746912736251052,0.1955636263484936,0.2730389862789926,27,3,-0.03626710694975338,-0.05616971300448926,-0.017666232194736575,-0.07029421603990735,-0.006853088134452505,0.026348800938553914,True,resolved,detectable,detectable,False,0.5148434457707172
pearson,B1r_gblup_reml,0.27711619332733667,0.2340319937202049,0.3140996778079134,27,3,-0.07424842819397476,-0.0984054787922199,-0.04755946927193714,-0.10116085009744695,-0.04488394051467737,0.01289711525947762,True,resolved,resolved,detectable,False,0.15230805266597644
pearson,GEFormer_fair,0.3513646215213114,0.2968550794955894,0.40112673060110177,27,3,,,,,,,,,,,,0.16244073233493717
pearson,GEFormer_own,0.2924639280667627,0.24303991547610992,0.33804712364584033,27,3,-0.05890069345454873,-0.08132414044895167,-0.038003354930571005,-0.13370832546049907,-0.003105019002211083,0.07001906926053296,True,resolved,resolved,detectable,False,0.36272092026474606
pearson,S1_twohead_mse,0.27107918327750163,0.22499405237014333,0.3125391116080876,27,3,-0.08028543824380975,-0.10928758471728843,-0.05052493808365167,-0.12820185714729093,-0.034003536843265604,0.03940409802071935,True,resolved,resolved,detectable,False,0.485079368560485
pearson,S1_twohead_mse_noec,0.2995200315149203,0.25230111944394845,0.3416635971334528,27,3,-0.05184459000639107,-0.07733043072714775,-0.026776566883298325,-0.0932178608879834,-0.015850169317640214,0.03114141946039572,True,resolved,resolved,detectable,False,0.5148434457707172
sel_diff_f10,B1r_gblup_reml,0.25424828194455357,0.1911468640654116,0.31280925211594807,27,3,-0.03570166661290939,-0.10386770317759983,0.03700493737579826,-0.12014907287014688,0.050078871271613444,0.0482231507765982,False,,,,,0.15230805266597644
sel_diff_f10,GEFormer_fair,0.2899499485574629,0.2214039744014189,0.35590697201825855,27,3,,,,,,,,,,,,0.16244073233493717
sel_diff_f10,GEFormer_own,0.1821266091694339,0.1287373805102055,0.2300193422200605,27,3,-0.10782333938802902,-0.16032471658700714,-0.05016933386951875,-0.2956039662397637,0.033842525015874175,0.17665297203110428,False,,,,,0.36272092026474606
sel_diff_f10,S1_twohead_mse,0.1448935511706031,0.08395297361782923,0.2144502156371118,27,3,-0.14505639738685988,-0.22024726318008173,-0.06611629631321152,-0.28829548307571345,0.006088843273028374,0.1326080767758174,False,,,,,0.485079368560485
sel_diff_f10,S1_twohead_mse_noec,0.2489538202178575,0.1909792888569126,0.3048209690926774,27,3,-0.04099612833960545,-0.09307261034665189,0.011411431728215887,-0.16276496343918417,0.0705741600262612,0.10622367736686647,False,,,,,0.5148434457707172
topk_hit_f10,B1r_gblup_reml,0.13531509606103734,0.11704642744732434,0.15267980547624266,27,3,-0.017317587548454354,-0.03772369883697075,0.0044200943007492765,-0.04316279420323408,0.007082743107699771,0.011244473405746845,True,,,,,0.15230805266597644
topk_hit_f10,GEFormer_fair,0.1526326836094917,0.14017136240752578,0.16701859991441084,27,3,,,,,,,,,,,,0.16244073233493717
topk_hit_f10,GEFormer_own,0.12276734970968751,0.10942760810435204,0.1364241236069299,27,3,-0.029865333899804194,-0.04621713531918847,-0.01378813264163905,-0.07006154053239072,0.007624092637217817,0.03327981755997408,True,,,,,0.36272092026474606
topk_hit_f10,S1_twohead_mse,0.10958988909618403,0.09476919049353974,0.12547053837599048,27,3,-0.043042794513307676,-0.06191626771065348,-0.022958424372876002,-0.08288432833958706,0.0011002373550890673,0.03911991688759199,False,,,,,0.485079368560485
topk_hit_f10,S1_twohead_mse_noec,0.1451112669318547,0.12433402323497428,0.1662475876641849,27,3,-0.007521416677637002,-0.02099716268227292,0.006187077588381282,-0.02734145479302066,0.01381547097921326,0.011079364316965424,False,,,,,0.5148434457707172
ndcg_f10,B1r_gblup_reml,0.7065516120776615,0.6579661587334705,0.746197735633922,27,3,-0.012248074135483336,-0.02821072381834283,0.00421852477569688,-0.033716481423835806,0.00737653270350723,0.012890185743636802,False,,,,,0.15230805266597644
ndcg_f10,GEFormer_fair,0.7187996862131448,0.6738585598610541,0.7572451236847618,27,3,,,,,,,,,,,,0.16244073233493717
ndcg_f10,GEFormer_own,0.6973561050691957,0.6518389560765085,0.7357091849339451,27,3,-0.0214435811439493,-0.03405235060766371,-0.008873835982794336,-0.05614072698164444,0.0056546761596534606,0.03173663507117799,False,,,,,0.36272092026474606
ndcg_f10,S1_twohead_mse,0.6948836669042878,0.6531816326414701,0.7310616032145323,27,3,-0.023916019308856947,-0.03878838595661942,-0.008285014174109536,-0.05346383359321958,0.005172447507306244,0.025854609561822894,False,,,,,0.485079368560485
ndcg_f10,S1_twohead_mse_noec,0.7061797092949639,0.6632919297173675,0.7418276390142315,27,3,-0.012619976918181095,-0.023993826431023657,-0.001108282038336088,-0.03776956694088328,0.010059159359028725,0.021609879355710612,False,,,,,0.5148434457707172
