variant,left_out,est,lo,hi,tau2,k
ia_main,G2F,0.006051297653476093,0.001373819609670486,0.0107287756972817,0.00011906301022331331,43
ia_main,NUST,0.004098041379950951,-0.002706411941283988,0.01090249470118589,0.00023780796647696032,33
ia_main,URSN,0.005455866942652804,0.001159239755994512,0.009752494129311097,9.132140743057177e-05,37
ia_main,ESWYT,0.007178029251938181,0.0017991225910725661,0.012556935912803796,0.0001461510923335171,36
ia_main,GEM_IA,0.005030517582952813,0.0002475511398543637,0.009813484026051263,0.00014234862912128972,44
ia_main,MU_SOY,0.0049592761282561335,0.00043777972172379803,0.009480772534788469,0.0001319738659781291,47
ib_main,G2F,0.01076662918503009,0.003271412513866089,0.01826184585619409,0.0001636670272676454,38
ib_main,NUST,0.011715671815946361,0.002559282285148486,0.020872061346744235,0.00020104259575162952,28
ib_main,URSN,0.013616576654882293,0.006539914465936405,0.02069323884382818,0.00015872911437693019,32
ib_main,ESWYT,0.012069342624905301,0.006369056370388209,0.01776962887942239,0.0,31
