contrast,target_years,level,resolution,est_plan,lo_plan,hi_plan,verdict_plan,est_zero_only,lo_zero_only,hi_zero_only,verdict_zero_only,years_raised_by_plan_floor,years_with_zero_se,verdict_changed,abs_change_est
Benchmark: Two-stage GBLUP − cell-level GBLUP,48,0.95,0.0087,-0.012468268594645924,-0.01941634060613081,-0.005520196583161038,resolved loss,-0.014409519438917988,-0.021028546792133757,-0.007790492085702219,resolved loss,22,0,False,0.001941250844272064
Benchmark: Random forest − cell-level GBLUP,48,0.95,0.0087,-0.02573805844412503,-0.04020822019987964,-0.011267896688370414,resolved loss,-0.029001207562313187,-0.0435051625109965,-0.014497252613629873,resolved loss,22,0,False,0.003263149118188157
Benchmark: Gradient boosting − cell-level GBLUP,46,0.95,0.0087,-0.04125634834781979,-0.05807488849096744,-0.024437808204672146,resolved loss,-0.04364123179312604,-0.06252206825206519,-0.024760395334186894,resolved loss,21,0,False,0.0023848834453062476
Benchmark: Multilayer perceptron − cell-level GBLUP,48,0.95,0.0087,-0.08853517594572292,-0.10997335523720271,-0.06709699665424314,resolved loss,-0.09094250237407542,-0.11591448356498699,-0.06597052118316385,resolved loss,22,0,False,0.0024073264283524937
Benchmark: Covariate LightGBM − cell-level GBLUP,16,0.95,0.0087,-0.036097995485258105,-0.07174901318392368,-0.00044697778659252146,resolved loss,-0.03995276510994236,-0.07548112053972658,-0.004424409680158135,resolved loss,7,0,False,0.0038547696246842567
Benchmark: Covariate reaction-norm ridge − cell-level GBLUP,16,0.95,0.0087,-0.019640827670037355,-0.04434930921985128,0.005067653879776566,tied,-0.02051354728065566,-0.04610317696217171,0.005076082400860396,tied,7,0,False,0.0008727196106183034
Benchmark: Within-environment-loss network − cell-level GBLUP,31,0.95,0.0087,-0.008365710227044274,-0.017843363004803003,0.0011119425507144544,tied,-0.009019701387911546,-0.018985626281663014,0.0009462235058399215,tied,14,0,False,0.0006539911608672722
Benchmark: Stacking on the forward history − cell-level GBLUP,48,0.95,0.0087,-0.0024693838960231076,-0.011570804990919989,0.006632037198873773,tied,-0.0021160804523539215,-0.01027982433422905,0.0060476634295212085,tied,22,0,False,0.00035330344366918615
Benchmark: Best method in hindsight − cell-level GBLUP,48,0.95,0.0087,0.01864795656501474,0.010061567268558917,0.02723434586147056,resolved gain,0.01838970009547704,0.010851417620264902,0.02592798257068918,resolved gain,32,19,False,0.00025825646953769876
Sparse 25 %: M×E − main-effect GBLUP,46,0.95,0.0103198252414311,0.018699457888536258,0.013561715715865248,0.023837200061207268,resolved gain,0.01603951538670761,0.012480007933279707,0.019599022840135517,resolved gain,25,8,False,0.0026599425018286466
Sparse 50 %: M×E − main-effect GBLUP,36,0.95,0.0140423218033941,0.0349442000154711,0.025343213498329294,0.0445451865326129,resolved gain,0.028888901515298233,0.022457334696728705,0.03532046833386776,resolved gain,17,3,False,0.0060552985001728656
Sparse 25 %: learned environment correlation − M×E,46,0.95,0.0103198252414311,7.008557422788412e-05,-0.0029081026286554767,0.003048273777111245,tied,-0.00036171692117124767,-0.002339126767247027,0.001615692924904532,tied,25,8,False,0.0004318024953991318
Sparse 25 %: stacking with LightGBM − M×E,46,0.9833333333333333,0.010319825241431135,-0.002765950504887408,-0.006129912013311934,0.0005980110035371184,tied,-0.0023252859776742964,-0.004048507762669168,-0.0006020641926794247,"detectable, below resolution",23,4,True,0.0004406645272131116
Sparse 25 %: residual network − M×E,46,0.975,0.010319825241431135,-0.001440352156663665,-0.004669879476690245,0.0017891751633629148,tied,-0.002729403685995728,-0.0061925811503038535,0.0007337737783123968,tied,21,0,False,0.0012890515293320632
Sparse 25 %: covariate environment correlation − M×E,14,0.95,0.015028770060469153,-0.0011868669554573768,-0.0040369197833430535,0.0016631858724282995,tied,-0.0012501443720066355,-0.0036160065142558377,0.0011157177702425668,tied,8,4,False,6.327741654925867e-05
Old lines: own-history residual,19,0.95,0.0256936342343242,0.0010021849651130799,-0.003129335267130161,0.005133705197356321,tied,0.00019870925010075414,-0.0015172735411835934,0.0019146920413851017,tied,8,0,False,0.0008034757150123257
Old lines: line × location history,18,0.975,0.026578871697687526,0.011516882894298808,0.0035429868850888127,0.019490778903508803,"detectable, below resolution",0.011734135010310495,0.003903025252805217,0.019565244767815772,"detectable, below resolution",8,0,False,0.00021725211601168748
Same-season silking dates,4,0.95,0.01427729931021286,0.00048718111488049726,-0.0034999727702708632,0.004474335000031858,tied,-0.00037576573661677253,-0.0025996354900820716,0.0018481040168485266,tied,2,0,False,0.0008629468514972698
CLAC − cell-level GBLUP,5,0.975,0.01319832550268359,0.05957898878617094,0.037434283996428494,0.08172369357591339,resolved gain,0.05624599881259381,0.03569239189121057,0.07679960573397705,resolved gain,2,0,False,0.00333298997357713
"CLAC ablation, loss: linear kernel",5,0.99,0.01295343549437951,0.02265422916122359,0.0022323226981368523,0.04307613562431033,resolved gain,0.022587303952251944,0.00398396683914027,0.04119064106536362,resolved gain,2,0,False,6.692520897164794e-05
"CLAC ablation, loss: single main effect",5,0.9875,0.01295343549437951,0.03239486076413546,-0.02026250179384207,0.08505222332211299,tied,0.031442308802420424,-0.02682126603944124,0.08970588364428209,tied,2,0,False,0.0009525519617150369
"CLAC ablation, loss: equal weights",5,0.95,0.01295343549437951,-0.000826621328540518,-0.016881467886081702,0.015228225229000667,tied,-0.007955888816799508,-0.020211441749942657,0.004299664116343641,tied,2,0,False,0.0071292674882589896
"CLAC ablation, loss: no phenotype cleaning",5,0.975,0.01295343549437951,0.0004685220398125004,-0.003762353798992565,0.004699397878617566,tied,0.000470926911866413,-0.003263953613179485,0.004205807436912311,tied,2,0,False,2.4048720539126016e-06
"CLAC ablation, loss: no spatial adjustment",5,0.9833333333333333,0.01295343549437951,-2.4489944496893397e-05,-0.00021524081462771124,0.00016626092563392446,tied,-1.594886334472671e-05,-0.00020411433119863818,0.00017221660450918475,tied,2,0,False,8.541081152166687e-06
Kernel transfer: all six datasets,48,0.95,0.0087171741471576,0.0036233434820667886,-0.0002204291078575244,0.007467116071991102,tied,0.003790021805959894,-0.00010891551578824394,0.007688959127708032,tied,22,0,False,0.00016667832389310544
Kernel transfer: G2F,5,0.95,0.0129534354943795,0.03418115703421333,0.02140156001377566,0.046960754054651,resolved gain,0.032154551985588205,0.018448295733594848,0.04586080823758156,resolved gain,2,0,False,0.0020266050486251255
Kernel transfer: NUST,15,0.95,0.0165799003956264,0.004148697540071119,-0.0007192266424887479,0.009016621722630985,tied,0.003839612228554006,-0.0016423710397407052,0.009321595496848717,tied,7,0,False,0.00030908531151711263
Kernel transfer: URSN,11,0.95,0.0991227900682634,0.003181123906800125,-0.007847330614716758,0.014209578428317009,tied,0.0028636119765328484,-0.008748592606525775,0.014475816559591471,tied,5,0,False,0.00031751193026727676
Kernel transfer: ESWYT,12,0.95,0.0200791338637447,-0.00038935818865918134,-0.005806375108954351,0.005027658731635988,tied,-0.0003880743048391783,-0.0054358561405873935,0.004659707530909036,tied,6,0,False,1.2838838200030585e-06
Kernel transfer: GEM_IA,4,0.95,0.0360063376731948,-0.005705575171242959,-0.03247451955351547,0.021063369211029553,tied,-0.005515558843306839,-0.0271272701775469,0.016096152490933224,tied,2,0,False,0.00019001632793612042
Kernel transfer: MU_SOY,1,0.95,0.0692082494998187,0.0056299876872098,-0.009744428364907971,0.021004403739327573,tied,0.0056299876872098,-0.009744428364907971,0.021004403739327573,tied,0,0,False,0.0
