set,dataset,target,oracle,class,oracle_d,cell_rank,n_methods,second,second_d,oracle_prereg
new17,ESWYT,2006,reml_x0.1,linear_2stage,0.004710656335497297,3,11,reml,0.004562518701137889,reml_x0.1
new17,ESWYT,2007,mlp,nonlinear_2stage,0.012387467459435106,8,11,ridge_pc20,0.012156265093359963,mlp
new17,ESWYT,2008,mlp,nonlinear_2stage,0.08404572777292674,6,11,knn10,0.031898739852262444,mlp
new17,ESWYT,2009,rf,nonlinear_2stage,0.05085317982773757,6,11,reml_x100,0.03823468883658951,rf
new17,ESWYT,2010,reml_x10,linear_2stage,0.004860351371372678,4,11,reml,0.002294017712391857,reml_x10
new17,ESWYT,2011,cell_reml,cell_reml,0.0,1,11,reml,-0.00891932743118929,cell_reml
new17,ESWYT,2012,gbm,nonlinear_2stage,0.022463065452878277,3,11,reml_x0.1,0.0033599262582998837,gbm
new17,ESWYT,2013,cell_reml,cell_reml,0.0,1,11,knn30,-0.011116339533090425,cell_reml
new17,ESWYT,2014,gbm,nonlinear_2stage,0.0070256093247548735,3,11,reml,0.002557113846624802,gbm
new17,ESWYT,2015,rf,nonlinear_2stage,0.018850532290750736,7,11,knn30,0.011719724725501217,rf
new17,ESWYT,2016,gbm,nonlinear_2stage,0.017336839998985193,5,11,reml_x0.1,0.016088357243939734,gbm
new17,ESWYT,2017,reml,linear_2stage,0.005746211904518744,3,11,reml_x0.1,0.00036255842399328,reml
new17,GEM_IA,2016,rf,nonlinear_2stage,0.10896381993716897,6,11,knn30,0.09981839157013182,rf
new17,GEM_IA,2017,gbm,nonlinear_2stage,0.24845610770408078,4,11,rf,0.02883174378161924,gbm
new17,GEM_IA,2018,cell_reml,cell_reml,0.0,1,10,reml_x0.1,-0.006977005176385716,knn10
new17,GEM_IA,2019,cell_reml,cell_reml,0.0,1,11,reml_x100,-0.02952660843373403,cell_reml
new17,MU_SOY,2020,reml,linear_2stage,0.03133741318810643,3,11,reml_x0.1,0.026714278717124472,reml
orig31,G2F,2016,rn_ridge,gxe_linear,0.031718304155631795,6,13,reml_x10,0.031416574447262785,rn_ridge
orig31,G2F,2018,gxe_gbm,gxe_nonlinear,0.0014956735024313193,2,13,cell_reml,0.0,gxe_gbm
orig31,G2F,2020,rf,nonlinear_2stage,0.039959887188487773,11,13,knn30,0.03783624317371619,rf
orig31,G2F,2022,reml,linear_2stage,0.01103823654581753,3,13,reml_x10,0.0015750983831872166,reml
orig31,G2F,2024,rf,nonlinear_2stage,0.08439680005638138,6,13,knn30,0.06985975162375818,rf
orig31,NUST,2005,reml_x100,linear_2stage,0.005494792080289503,2,11,cell_reml,0.0,reml_x100
orig31,NUST,2006,cell_reml,cell_reml,0.0,1,11,reml_x10,-0.049272116161016975,cell_reml
orig31,NUST,2007,cell_reml,cell_reml,0.0,1,11,gbm,-0.01564670508542009,cell_reml
orig31,NUST,2008,cell_reml,cell_reml,0.0,1,11,reml_x10,-0.02610312273602863,cell_reml
orig31,NUST,2009,cell_reml,cell_reml,0.0,1,11,reml_x10,-0.01404481817878059,cell_reml
orig31,NUST,2010,cell_reml,cell_reml,0.0,1,11,reml_x10,-0.02617405590616278,cell_reml
orig31,NUST,2011,reml,linear_2stage,0.013436389013217323,3,11,rf,0.004046416363817308,reml
orig31,NUST,2012,cell_reml,cell_reml,0.0,1,11,reml_x10,-0.012224354613621907,cell_reml
orig31,NUST,2013,cell_reml,cell_reml,0.0,1,11,reml,-0.020696276794078115,cell_reml
orig31,NUST,2014,cell_reml,cell_reml,0.0,1,11,reml,-0.023096329286833993,cell_reml
orig31,NUST,2015,cell_reml,cell_reml,0.0,1,11,reml_x10,-0.07494417591766948,cell_reml
orig31,NUST,2016,cell_reml,cell_reml,0.0,1,11,reml_x10,-0.0011683191572607074,cell_reml
orig31,NUST,2017,cell_reml,cell_reml,0.0,1,11,reml_x10,-0.010362929200835187,cell_reml
orig31,NUST,2019,cell_reml,cell_reml,0.0,1,11,reml,-0.04171129828382947,cell_reml
orig31,NUST,2020,cell_reml,cell_reml,0.0,1,11,reml,-0.038269142919739124,cell_reml
orig31,URSN,1999,reml,linear_2stage,0.09563724702442462,6,12,reml_x0.1,0.09563724702442462,reml_x0.1
orig31,URSN,2000,mlp,nonlinear_2stage,0.12460340981733953,8,12,reml,0.07148784074078594,mlp
orig31,URSN,2001,rf,nonlinear_2stage,0.23481991175543468,9,13,rn_ridge,0.07054811443956223,rf
orig31,URSN,2002,rn_ridge,gxe_linear,0.10644139721210295,8,13,gxe_gbm,0.08080892209343168,rn_ridge
orig31,URSN,2003,cell_reml,cell_reml,0.0,1,13,reml,-0.019478181706290343,cell_reml
orig31,URSN,2004,cell_reml,cell_reml,0.0,1,13,reml,-0.0148738961388595,cell_reml
orig31,URSN,2008,gbm,nonlinear_2stage,0.14251596758771395,6,13,ridge_pc20,0.03641490775897691,gbm
orig31,URSN,2009,cell_reml,cell_reml,0.0,1,13,mlp,-0.017567291613813964,cell_reml
orig31,URSN,2014,rf,nonlinear_2stage,0.003364293085655279,2,13,cell_reml,0.0,rf
orig31,URSN,2015,rn_ridge,gxe_linear,0.0530384683321773,6,13,reml_x0.1,0.017490484956768967,rn_ridge
orig31,URSN,2019,reml_x0.1,linear_2stage,0.022646276817006983,3,13,reml,0.0029546211837463976,reml_x0.1
