item,kind,metric,scope,k,est,lo,hi,tau2,datasets
knn30,method,sel_diff_f10,all48,48,-0.18047351163288028,-0.2420540029350427,-0.11889302033071787,0.030151745544389538,"ESWYT,G2F,GEM_IA,MU_SOY,NUST,URSN"
mlp,method,sel_diff_f10,all48,48,-0.1533125034923281,-0.22836395419274025,-0.07826105279191599,0.05677425999675281,"ESWYT,G2F,GEM_IA,MU_SOY,NUST,URSN"
ridge_pc20,method,sel_diff_f10,all48,48,-0.13709667641582313,-0.18850350071490762,-0.08568985211673862,0.020651627183637226,"ESWYT,G2F,GEM_IA,MU_SOY,NUST,URSN"
knn10,method,sel_diff_f10,all48,48,-0.09538029542800079,-0.14232239281166734,-0.048438198044334246,0.01404072883738461,"ESWYT,G2F,GEM_IA,MU_SOY,NUST,URSN"
reml_x100,method,sel_diff_f10,all48,48,-0.07748328573380364,-0.11411460203333473,-0.04085196943427254,0.007478367241966148,"ESWYT,G2F,GEM_IA,MU_SOY,NUST,URSN"
reml_x10,method,sel_diff_f10,all48,48,-0.05454753027996645,-0.08389345787401194,-0.025201602685920966,0.004169720490140367,"ESWYT,G2F,GEM_IA,MU_SOY,NUST,URSN"
rn_ridge_real,method,sel_diff_f10,all48,16,-0.05030669505905222,-0.08945296860219693,-0.011160421515907508,0.0007449627339014348,"G2F,URSN"
rn_ridge,method,sel_diff_f10,all48,16,-0.03982284104909795,-0.07771191362000207,-0.0019337684781938341,0.0012697535072697412,"G2F,URSN"
gbm,method,sel_diff_f10,all48,48,-0.032729266998971135,-0.08350860913711289,0.018050075139170618,0.021151720216841544,"ESWYT,G2F,GEM_IA,MU_SOY,NUST,URSN"
reml_x0.1,method,sel_diff_f10,all48,48,-0.03234810210993071,-0.05566713521386722,-0.009029069005994192,0.0022847153062238177,"ESWYT,G2F,GEM_IA,MU_SOY,NUST,URSN"
reml,method,sel_diff_f10,all48,48,-0.032131275036109255,-0.052720069763012224,-0.011542480309206286,0.001389226746986485,"ESWYT,G2F,GEM_IA,MU_SOY,NUST,URSN"
dl_g,method,sel_diff_f10,all48,31,-0.011214938394883663,-0.033053498922530546,0.010623622132763218,0.0,"G2F,NUST,URSN"
rf,method,sel_diff_f10,all48,48,-0.009439741799023377,-0.03876649300478543,0.019887009406738675,0.004224930199525646,"ESWYT,G2F,GEM_IA,MU_SOY,NUST,URSN"
dl_ge,method,sel_diff_f10,all48,16,0.009443509129295861,-0.0254328318413993,0.04431985009999102,0.0,"G2F,URSN"
gxe_gbm,method,sel_diff_f10,all48,16,0.013153089285854808,-0.05849213171539075,0.08479831028710036,0.012477381556936588,"G2F,URSN"
gxe_gbm_real,method,sel_diff_f10,all48,16,0.02354972699214669,-0.03176830880132081,0.07886776278561419,0.005793594249762065,"G2F,URSN"
mlp,method,sel_diff_f10,new17,17,-0.12416882752857639,-0.21442193594889272,-0.03391571910826005,0.02551095374928172,"ESWYT,GEM_IA,MU_SOY"
knn30,method,sel_diff_f10,new17,17,-0.10798955876394983,-0.1814528334437615,-0.034526284084138145,0.014270129425352699,"ESWYT,GEM_IA,MU_SOY"
ridge_pc20,method,sel_diff_f10,new17,17,-0.10296766454460213,-0.15423867380113443,-0.05169665528806984,0.003699995068225328,"ESWYT,GEM_IA,MU_SOY"
reml_x100,method,sel_diff_f10,new17,17,-0.03836684856792615,-0.07238635196272783,-0.0043473451731244755,0.0,"ESWYT,GEM_IA,MU_SOY"
reml_x10,method,sel_diff_f10,new17,17,-0.03538284097896424,-0.06631595389619592,-0.004449728061732567,0.0,"ESWYT,GEM_IA,MU_SOY"
knn10,method,sel_diff_f10,new17,17,-0.029639143279053006,-0.09515521781250039,0.03587693125439437,0.00923700324760223,"ESWYT,GEM_IA,MU_SOY"
rf,method,sel_diff_f10,new17,17,-0.01645897051203416,-0.07569044657477363,0.0427725055507053,0.007772933676501255,"ESWYT,GEM_IA,MU_SOY"
reml,method,sel_diff_f10,new17,17,-0.016228344900415408,-0.04238660528180138,0.00992991548097057,0.0006973349788694241,"ESWYT,GEM_IA,MU_SOY"
reml_x0.1,method,sel_diff_f10,new17,17,-0.008520985635602872,-0.03937800354187341,0.022336032270667668,0.0015708479919328202,"ESWYT,GEM_IA,MU_SOY"
gbm,method,sel_diff_f10,new17,17,0.014428316196182837,-0.038954632894612894,0.06781126528697856,0.00603740799508054,"ESWYT,GEM_IA,MU_SOY"
knn30,method,sel_diff_f10,orig31,31,-0.24602098436588207,-0.33823684336322163,-0.15380512536854252,0.04373304109009777,"G2F,NUST,URSN"
mlp,method,sel_diff_f10,orig31,31,-0.17490938092477448,-0.2810747831056918,-0.06874397874385721,0.07542366686894071,"G2F,NUST,URSN"
ridge_pc20,method,sel_diff_f10,orig31,31,-0.16362687337048698,-0.23951401293972246,-0.08773973380125148,0.030198219960039813,"G2F,NUST,URSN"
knn10,method,sel_diff_f10,orig31,31,-0.145161296500817,-0.20945868035713955,-0.08086391264449445,0.016777588232919933,"G2F,NUST,URSN"
reml_x100,method,sel_diff_f10,orig31,31,-0.1093469861857664,-0.1645718357832935,-0.054122136588239285,0.011359857998384735,"G2F,NUST,URSN"
gbm,method,sel_diff_f10,orig31,31,-0.07207301450635173,-0.1476917516892849,0.003545722676581417,0.031386561371125554,"G2F,NUST,URSN"
reml_x10,method,sel_diff_f10,orig31,31,-0.06805231850712003,-0.11131174850288769,-0.024792888511352355,0.006661345495230316,"G2F,NUST,URSN"
reml_x0.1,method,sel_diff_f10,orig31,31,-0.05302349808590649,-0.08542791882998624,-0.020619077341826754,0.0023845465500076566,"G2F,NUST,URSN"
rn_ridge_real,method,sel_diff_f10,orig31,16,-0.05030669505905222,-0.08945296860219693,-0.011160421515907508,0.0007449627339014348,"G2F,URSN"
reml,method,sel_diff_f10,orig31,31,-0.04727816209813837,-0.07757196189820999,-0.01698436229806675,0.0017383384847675116,"G2F,NUST,URSN"
rn_ridge,method,sel_diff_f10,orig31,16,-0.03982284104909795,-0.07771191362000207,-0.0019337684781938341,0.0012697535072697412,"G2F,URSN"
dl_g,method,sel_diff_f10,orig31,31,-0.011214938394883663,-0.033053498922530546,0.010623622132763218,0.0,"G2F,NUST,URSN"
rf,method,sel_diff_f10,orig31,31,-0.006213063036219619,-0.039540325160232856,0.02711419908779362,0.0029084069706441567,"G2F,NUST,URSN"
dl_ge,method,sel_diff_f10,orig31,16,0.009443509129295861,-0.0254328318413993,0.04431985009999102,0.0,"G2F,URSN"
gxe_gbm,method,sel_diff_f10,orig31,16,0.013153089285854808,-0.05849213171539075,0.08479831028710036,0.012477381556936588,"G2F,URSN"
gxe_gbm_real,method,sel_diff_f10,orig31,16,0.02354972699214669,-0.03176830880132081,0.07886776278561419,0.005793594249762065,"G2F,URSN"
mlp,method,spearman,all48,48,-0.08853517594572298,-0.10997335523720278,-0.06709699665424318,0.004274127290421143,"ESWYT,G2F,GEM_IA,MU_SOY,NUST,URSN"
knn30,method,spearman,all48,48,-0.0792936367107872,-0.10161402578195783,-0.05697324763961656,0.004758897317676531,"ESWYT,G2F,GEM_IA,MU_SOY,NUST,URSN"
ridge_pc20,method,spearman,all48,48,-0.07526737203532392,-0.09393971414263902,-0.056595029928008835,0.0031250769037443264,"ESWYT,G2F,GEM_IA,MU_SOY,NUST,URSN"
knn10,method,spearman,all48,48,-0.06474864110379293,-0.08247536639123189,-0.04702191581635397,0.002405751541630284,"ESWYT,G2F,GEM_IA,MU_SOY,NUST,URSN"
reml_x100,method,spearman,all48,48,-0.04872724774389321,-0.06398367769628191,-0.03347081779150451,0.002013560996309987,"ESWYT,G2F,GEM_IA,MU_SOY,NUST,URSN"
gxe_gbm_real,method,spearman,all48,16,-0.04371144083248952,-0.08183406782301034,-0.005588813841968708,0.003868835512305386,"G2F,URSN"
gbm,method,spearman,all48,46,-0.04125634834781981,-0.05807488849096748,-0.024437808204672146,0.002370496560143444,"ESWYT,G2F,GEM_IA,MU_SOY,NUST,URSN"
gxe_gbm,method,spearman,all48,16,-0.036097995485258154,-0.07174901318392378,-0.0004469777865925284,0.003001831949068065,"G2F,URSN"
rn_ridge_real,method,spearman,all48,16,-0.028665189404991024,-0.05639960157141865,-0.0009307772385633989,0.0017861408326654256,"G2F,URSN"
rf,method,spearman,all48,48,-0.025738058444125043,-0.04020822019987967,-0.01126789668837042,0.0015339035859974926,"ESWYT,G2F,GEM_IA,MU_SOY,NUST,URSN"
reml_x0.1,method,spearman,all48,48,-0.0241678759954482,-0.033039182673039805,-0.015296569317856598,0.0005708885709219035,"ESWYT,G2F,GEM_IA,MU_SOY,NUST,URSN"
dl_ge,method,spearman,all48,16,-0.022392258449827826,-0.04832692155123959,0.003542404651583935,0.0016390970319337902,"G2F,URSN"
reml_x10,method,spearman,all48,48,-0.021209283685253693,-0.03096224765087565,-0.011456319719631734,0.0006340636546589557,"ESWYT,G2F,GEM_IA,MU_SOY,NUST,URSN"
rn_ridge,method,spearman,all48,16,-0.019640827670037397,-0.04434930921985136,0.005067653879776573,0.0013321155703570535,"G2F,URSN"
reml,method,spearman,all48,48,-0.012468268594645952,-0.01941634060613087,-0.005520196583161035,0.0003264669975970628,"ESWYT,G2F,GEM_IA,MU_SOY,NUST,URSN"
dl_g,method,spearman,all48,31,-0.008365710227044286,-0.017843363004803034,0.0011119425507144596,0.00038826313423223223,"G2F,NUST,URSN"
mlp,method,spearman,new17,17,-0.062595476489007,-0.09052328067935164,-0.034667672298662355,0.0024457143290600686,"ESWYT,GEM_IA,MU_SOY"
knn30,method,spearman,new17,17,-0.05032479266135266,-0.07777661700192882,-0.022872968320776496,0.002349516033370654,"ESWYT,GEM_IA,MU_SOY"
ridge_pc20,method,spearman,new17,17,-0.040330757433842845,-0.060888899838224785,-0.019772615029460906,0.0010937462329082329,"ESWYT,GEM_IA,MU_SOY"
knn10,method,spearman,new17,17,-0.032380487748176444,-0.05641059877610905,-0.008350376720243836,0.0014414692435695965,"ESWYT,GEM_IA,MU_SOY"
reml_x100,method,spearman,new17,17,-0.0254121013863599,-0.04068269458219931,-0.010141508190520485,0.0005128139828625549,"ESWYT,GEM_IA,MU_SOY"
gbm,method,spearman,new17,17,-0.01626454118964173,-0.040104725292093246,0.007575642912809787,0.0016943410080687306,"ESWYT,GEM_IA,MU_SOY"
reml_x10,method,spearman,new17,17,-0.014553123637651828,-0.025451895623841314,-0.0036543516514623443,0.00023172047530864716,"ESWYT,GEM_IA,MU_SOY"
rf,method,spearman,new17,17,-0.011860343750966939,-0.031751578090059705,0.00803089058812583,0.0010431082915776436,"ESWYT,GEM_IA,MU_SOY"
reml_x0.1,method,spearman,new17,17,-0.006628253913347739,-0.01556823017728478,0.0023117223505893,0.00021256964002355343,"ESWYT,GEM_IA,MU_SOY"
reml,method,spearman,new17,17,-0.002580000545836545,-0.007910192122534654,0.002750191030861564,6.976118996590832e-05,"ESWYT,GEM_IA,MU_SOY"
mlp,method,spearman,orig31,31,-0.10592608924737772,-0.13572439334834785,-0.0761277851464076,0.005342087968431344,"G2F,NUST,URSN"
knn30,method,spearman,orig31,31,-0.10026189714966077,-0.13226550184143882,-0.06825829245788272,0.006421890881248024,"G2F,NUST,URSN"
ridge_pc20,method,spearman,orig31,31,-0.09852490441185373,-0.12488829645171312,-0.07216151237199434,0.00405257968560448,"G2F,NUST,URSN"
knn10,method,spearman,orig31,31,-0.08693044475629783,-0.11072649910493243,-0.06313439040766322,0.002767288606703863,"G2F,NUST,URSN"
reml_x100,method,spearman,orig31,31,-0.06328229244702825,-0.08616639878193477,-0.04039818611212173,0.003097595948639091,"G2F,NUST,URSN"
gbm,method,spearman,orig31,29,-0.05777507032420393,-0.08052515992944687,-0.035024980718961,0.002780265061580652,"G2F,NUST,URSN"
gxe_gbm_real,method,spearman,orig31,16,-0.04371144083248952,-0.08183406782301034,-0.005588813841968708,0.003868835512305386,"G2F,URSN"
reml_x0.1,method,spearman,orig31,31,-0.037624034368193206,-0.051310229288790844,-0.023937839447595567,0.0008416841624792388,"G2F,NUST,URSN"
gxe_gbm,method,spearman,orig31,16,-0.036097995485258154,-0.07174901318392378,-0.0004469777865925284,0.003001831949068065,"G2F,URSN"
rf,method,spearman,orig31,31,-0.03484461004814543,-0.055302800309328375,-0.014386419786962486,0.002037563418281639,"G2F,NUST,URSN"
rn_ridge_real,method,spearman,orig31,16,-0.028665189404991024,-0.05639960157141865,-0.0009307772385633989,0.0017861408326654256,"G2F,URSN"
reml_x10,method,spearman,orig31,31,-0.02506867471637632,-0.040263990258810285,-0.00987335917394235,0.0010939234829242274,"G2F,NUST,URSN"
dl_ge,method,spearman,orig31,16,-0.022392258449827826,-0.04832692155123959,0.003542404651583935,0.0016390970319337902,"G2F,URSN"
reml,method,spearman,orig31,31,-0.020415431877541815,-0.03485027374757576,-0.0059805900075078685,0.0010759353132318743,"G2F,NUST,URSN"
rn_ridge,method,spearman,orig31,16,-0.019640827670037397,-0.04434930921985136,0.005067653879776573,0.0013321155703570535,"G2F,URSN"
dl_g,method,spearman,orig31,31,-0.008365710227044286,-0.017843363004803034,0.0011119425507144596,0.00038826313423223223,"G2F,NUST,URSN"
R_CV,rule,sel_diff_f10,all48,48,-0.008007586668404374,-0.040838131307565056,0.024822957970756312,0.0068875310677096,"ESWYT,G2F,GEM_IA,MU_SOY,NUST,URSN"
R_EQ,rule,sel_diff_f10,all48,48,-0.004315434389793775,-0.02802553849746533,0.019394669717877774,0.0018060616164794006,"ESWYT,G2F,GEM_IA,MU_SOY,NUST,URSN"
R_FW,rule,sel_diff_f10,all48,48,0.006753420065083605,-0.011046015573402606,0.024552855703569815,0.0,"ESWYT,G2F,GEM_IA,MU_SOY,NUST,URSN"
R_STK_CV,rule,sel_diff_f10,all48,48,0.008078011321140291,-0.011521469125908484,0.027677491768189066,0.0018193871989607103,"ESWYT,G2F,GEM_IA,MU_SOY,NUST,URSN"
R_STK_FW,rule,sel_diff_f10,all48,48,0.009304332704293778,-0.013459858857866117,0.03206852426645367,0.0024713064386144763,"ESWYT,G2F,GEM_IA,MU_SOY,NUST,URSN"
Oracle,rule,sel_diff_f10,all48,48,0.015583252387247289,-0.0005300136133063599,0.03169651838780094,0.0,"ESWYT,G2F,GEM_IA,MU_SOY,NUST,URSN"
R_STK_FW,rule,sel_diff_f10,new17,17,-0.03916612470351017,-0.08771549754177642,0.009383248134756078,0.005054491923701547,"ESWYT,GEM_IA,MU_SOY"
R_EQ,rule,sel_diff_f10,new17,17,-0.02534138288238545,-0.06570766438434585,0.015024898619574945,0.003174956238156059,"ESWYT,GEM_IA,MU_SOY"
R_FW,rule,sel_diff_f10,new17,17,-0.01609301228747421,-0.054909878944523746,0.022723854369575327,0.0,"ESWYT,GEM_IA,MU_SOY"
R_CV,rule,sel_diff_f10,new17,17,-0.008558179760450755,-0.04126044151075278,0.024144081989851268,0.0014193565729266999,"ESWYT,GEM_IA,MU_SOY"
R_STK_CV,rule,sel_diff_f10,new17,17,-0.004680094812050705,-0.02655328767629219,0.017193098052190776,0.0008724822013834443,"ESWYT,GEM_IA,MU_SOY"
Oracle,rule,sel_diff_f10,new17,17,0.011987228491151112,-0.02152944404968325,0.04550390103198547,0.0001829944942357633,"ESWYT,GEM_IA,MU_SOY"
R_CV,rule,sel_diff_f10,orig31,31,-0.009770656897281686,-0.06075870566375868,0.04121739186919532,0.011232502433338024,"G2F,NUST,URSN"
R_FW,rule,sel_diff_f10,orig31,31,0.006271545949072168,-0.007728627088223057,0.02027171898636739,0.0,"G2F,NUST,URSN"
Oracle,rule,sel_diff_f10,orig31,31,0.01695148864507134,-0.0015699094255497877,0.03547288671569247,0.0,"G2F,NUST,URSN"
R_STK_CV,rule,sel_diff_f10,orig31,31,0.01820431953838736,-0.013635043385895614,0.05004368246267033,0.0031682449146679162,"G2F,NUST,URSN"
R_EQ,rule,sel_diff_f10,orig31,31,0.02078996656686146,-0.003933127716818554,0.04551306085054148,0.0,"G2F,NUST,URSN"
R_STK_FW,rule,sel_diff_f10,orig31,31,0.03210854478999467,0.010773981005510525,0.053443108574478815,0.0004452915406861002,"G2F,NUST,URSN"
R_CV,rule,spearman,all48,48,-0.009764684365093885,-0.0186301910930188,-0.0008991776371689714,0.000506539010204277,"ESWYT,G2F,GEM_IA,MU_SOY,NUST,URSN"
R_EQ,rule,spearman,all48,48,-0.005516204822554657,-0.01400450102600791,0.002972091380898597,0.000550925928472983,"ESWYT,G2F,GEM_IA,MU_SOY,NUST,URSN"
R_FW,rule,spearman,all48,48,-0.004827103349717437,-0.013420342167149307,0.003766135467714431,0.0004188230253973339,"ESWYT,G2F,GEM_IA,MU_SOY,NUST,URSN"
R_STK_CV,rule,spearman,all48,48,-0.003735839159701074,-0.013591467973078707,0.006119789653676559,0.0008534097667877704,"ESWYT,G2F,GEM_IA,MU_SOY,NUST,URSN"
R_STK_FW,rule,spearman,all48,48,-0.0024693838960231206,-0.011570804990920018,0.006632037198873777,0.000709804333377328,"ESWYT,G2F,GEM_IA,MU_SOY,NUST,URSN"
Oracle,rule,spearman,all48,48,0.018647956565014782,0.010061567268558952,0.02723434586147061,0.00030899000345324494,"ESWYT,G2F,GEM_IA,MU_SOY,NUST,URSN"
R_FW,rule,spearman,new17,17,-0.015439641718406508,-0.031427049816988184,0.0005477663801751707,0.0007153387784132029,"ESWYT,GEM_IA,MU_SOY"
R_STK_FW,rule,spearman,new17,17,-0.012704090003084593,-0.028330688576725688,0.002922508570556502,0.000665854087188823,"ESWYT,GEM_IA,MU_SOY"
R_CV,rule,spearman,new17,17,-0.0107185391695593,-0.020792775443644024,-0.0006443028954745758,0.0002671758654980348,"ESWYT,GEM_IA,MU_SOY"
R_STK_CV,rule,spearman,new17,17,-0.006841650776600928,-0.01604427462048058,0.0023609730672787257,0.0002314794576503005,"ESWYT,GEM_IA,MU_SOY"
R_EQ,rule,spearman,new17,17,-0.0050291974529796755,-0.013427961086523735,0.003369566180564384,0.00015866407776882188,"ESWYT,GEM_IA,MU_SOY"
Oracle,rule,spearman,new17,17,0.017646115461093702,0.006860389531278321,0.028431841390909082,0.00010751811049351224,"ESWYT,GEM_IA,MU_SOY"
R_CV,rule,spearman,orig31,31,-0.010149465189183308,-0.02518486392997212,0.004885933551605503,0.000998832956658923,"G2F,NUST,URSN"
R_EQ,rule,spearman,orig31,31,-0.006323112880025714,-0.020748557257462767,0.008102331497411339,0.0011455800932386058,"G2F,NUST,URSN"
R_STK_CV,rule,spearman,orig31,31,-0.00268742948164684,-0.018421727801477827,0.013046868838184148,0.0014226784447191204,"G2F,NUST,URSN"
R_FW,rule,spearman,orig31,31,0.002049511117178922,-0.0064116882948847525,0.010510710529242595,9.500235371996912e-05,"G2F,NUST,URSN"
R_STK_FW,rule,spearman,orig31,31,0.002588681180181755,-0.008281268630130213,0.013458630990493724,0.0006772495042724972,"G2F,NUST,URSN"
Oracle,rule,spearman,orig31,31,0.01940606080120246,0.0068018740731205,0.03201024752928442,0.0005374887033745159,"G2F,NUST,URSN"
