Env,n,pearson,spearman,top10_overlap,col,subset,model,protocol,fold
DEH1_2022,473,0.23527427281862948,0.19874024314388314,0.0851063829787234,9,all,MG_2k,P1,EXT_2022
GAH1_2022,445,0.14282462973229304,0.11763563197624374,0.18181818181818182,9,all,MG_2k,P1,EXT_2022
GAH2_2022,437,0.1440081326840009,0.0916235160237444,0.045454545454545456,9,all,MG_2k,P1,EXT_2022
GEH1_2022,440,0.2049488546302846,0.18388884036632036,0.18181818181818182,9,all,MG_2k,P1,EXT_2022
IAH1_2022,524,0.36496993297293706,0.33990983440073863,0.15384615384615385,9,all,MG_2k,P1,EXT_2022
IAH2_2022,518,0.10294303192114546,0.08738512354710617,0.057692307692307696,9,all,MG_2k,P1,EXT_2022
IAH3_2022,521,0.33880105519539994,0.3172651476559265,0.057692307692307696,9,all,MG_2k,P1,EXT_2022
IAH4_2022,518,0.2717921317226313,0.219943134566202,0.11538461538461539,9,all,MG_2k,P1,EXT_2022
ILH1_2022,446,0.23388202025770735,0.19426793377416618,0.1111111111111111,9,all,MG_2k,P1,EXT_2022
INH1_2022,458,0.3689533876989254,0.3323243130219307,0.17391304347826086,9,all,MG_2k,P1,EXT_2022
MIH1_2022,507,0.20927233013619387,0.1939369309738047,0.11764705882352941,9,all,MG_2k,P1,EXT_2022
MNH1_2022,434,0.20658321982257577,0.16248634153922248,0.046511627906976744,9,all,MG_2k,P1,EXT_2022
MOH2_2022,453,0.17526798949196346,0.19353228429664143,0.08888888888888889,9,all,MG_2k,P1,EXT_2022
NCH1_2022,530,0.16365800835194286,0.12973591203856158,0.09433962264150944,9,all,MG_2k,P1,EXT_2022
NEH1_2022,344,0.09092999315804456,0.11062935388006198,0.17647058823529413,9,all,MG_2k,P1,EXT_2022
NEH2_2022,344,0.10412960225450274,0.056315989657956735,0.14705882352941177,9,all,MG_2k,P1,EXT_2022
NEH3_2022,347,0.2969180851452867,0.22989466573545725,0.05714285714285714,9,all,MG_2k,P1,EXT_2022
NYH2_2022,427,0.2657183542195891,0.22935463062796127,0.16279069767441862,9,all,MG_2k,P1,EXT_2022
NYH3_2022,435,0.16646604198778006,0.1733677942341085,0.09090909090909091,9,all,MG_2k,P1,EXT_2022
OHH1_2022,430,0.2541892260505552,0.2224426905419956,0.18604651162790697,9,all,MG_2k,P1,EXT_2022
SCH1_2022,333,0.007782556954258947,-0.03163377531056796,0.12121212121212122,9,all,MG_2k,P1,EXT_2022
TXH1_2022,347,0.10752930695198343,0.05977544644684308,0.11428571428571428,9,all,MG_2k,P1,EXT_2022
TXH2_2022,335,0.090033045946951,0.07058974863541909,0.058823529411764705,9,all,MG_2k,P1,EXT_2022
TXH3_2022,342,0.2575161905999086,0.26104070302674826,0.11764705882352941,9,all,MG_2k,P1,EXT_2022
WIH1_2022,423,0.25712113877289805,0.2033189014314339,0.047619047619047616,9,all,MG_2k,P1,EXT_2022
WIH2_2022,501,0.20669218852796287,0.1880456172198465,0.08,9,all,MG_2k,P1,EXT_2022
WIH3_2022,442,0.25322595601211606,0.1906471682102346,0.11363636363636363,9,all,MG_2k,P1,EXT_2022
DEH1_2022,456,0.23234708453662647,0.1921795597799192,0.08695652173913043,9,new,MG_2k,P1,EXT_2022
GAH1_2022,413,0.10924031081043829,0.08201616616167266,0.17073170731707318,9,new,MG_2k,P1,EXT_2022
GAH2_2022,406,0.09493567360685742,0.05085786675967237,0.04878048780487805,9,new,MG_2k,P1,EXT_2022
GEH1_2022,420,0.1662798382958751,0.15855225702182135,0.19047619047619047,9,new,MG_2k,P1,EXT_2022
IAH1_2022,492,0.3331233074237653,0.3184147259023958,0.14285714285714285,9,new,MG_2k,P1,EXT_2022
IAH2_2022,486,0.09965817146396774,0.08247775469403484,0.061224489795918366,9,new,MG_2k,P1,EXT_2022
IAH3_2022,489,0.2930686420145138,0.2632337406192976,0.04081632653061224,9,new,MG_2k,P1,EXT_2022
IAH4_2022,486,0.2126451588719663,0.16947702387089636,0.12244897959183673,9,new,MG_2k,P1,EXT_2022
ILH1_2022,415,0.19521997382243486,0.17513578775028144,0.09523809523809523,9,new,MG_2k,P1,EXT_2022
INH1_2022,415,0.30973763089211326,0.28035429702376097,0.14285714285714285,9,new,MG_2k,P1,EXT_2022
MIH1_2022,488,0.1862705814812856,0.1784558478336396,0.12244897959183673,9,new,MG_2k,P1,EXT_2022
MNH1_2022,403,0.1377413901860978,0.10878966330393054,0.05,9,new,MG_2k,P1,EXT_2022
MOH2_2022,411,0.14825405108583886,0.1668175321540688,0.0975609756097561,9,new,MG_2k,P1,EXT_2022
NCH1_2022,487,0.08740377573988592,0.07794826294007687,0.10204081632653061,9,new,MG_2k,P1,EXT_2022
NEH1_2022,314,0.06781110186113354,0.08047710348632132,0.16129032258064516,9,new,MG_2k,P1,EXT_2022
NEH2_2022,314,0.05096708059633002,0.0324099551465491,0.12903225806451613,9,new,MG_2k,P1,EXT_2022
NEH3_2022,317,0.18495244781223055,0.16132523819656427,0.0625,9,new,MG_2k,P1,EXT_2022
NYH2_2022,408,0.2424735728823758,0.20476385020743432,0.17073170731707318,9,new,MG_2k,P1,EXT_2022
NYH3_2022,416,0.1346968067873441,0.14440692301256045,0.09523809523809523,9,new,MG_2k,P1,EXT_2022
OHH1_2022,411,0.20580112740692297,0.1873320479370993,0.17073170731707318,9,new,MG_2k,P1,EXT_2022
SCH1_2022,315,-0.0009452122030485553,-0.032996285647887334,0.125,9,new,MG_2k,P1,EXT_2022
TXH1_2022,316,0.04310066290407879,0.026612707402830928,0.09375,9,new,MG_2k,P1,EXT_2022
TXH2_2022,316,0.03789962617801343,0.03601786565542868,0.0625,9,new,MG_2k,P1,EXT_2022
TXH3_2022,313,0.2467025625889915,0.2477497529185008,0.12903225806451613,9,new,MG_2k,P1,EXT_2022
WIH1_2022,406,0.20162973980073604,0.16742441854263296,0.04878048780487805,9,new,MG_2k,P1,EXT_2022
WIH2_2022,482,0.17339837401645763,0.16100897645484147,0.08333333333333333,9,new,MG_2k,P1,EXT_2022
WIH3_2022,404,0.1935192137630861,0.14809350828879858,0.125,9,new,MG_2k,P1,EXT_2022
DEH1_2022,473,0.38914091777760573,0.3264541852502859,0.2765957446808511,14,all,MG_2k,P2,EXT_2022
GAH1_2022,445,0.25922740676384454,0.2400951958512174,0.13636363636363635,14,all,MG_2k,P2,EXT_2022
GAH2_2022,437,0.21174981117813052,0.10061607621805584,0.045454545454545456,14,all,MG_2k,P2,EXT_2022
GEH1_2022,440,0.29609279143214917,0.24123442302891737,0.20454545454545456,14,all,MG_2k,P2,EXT_2022
IAH1_2022,524,0.5196638965954348,0.438966595049384,0.17307692307692307,14,all,MG_2k,P2,EXT_2022
IAH2_2022,518,0.08279977575774149,0.06466916578751174,0.1346153846153846,14,all,MG_2k,P2,EXT_2022
IAH3_2022,521,0.4757104657290806,0.39080518045944507,0.11538461538461539,14,all,MG_2k,P2,EXT_2022
IAH4_2022,518,0.44581878291648924,0.32236160985339446,0.21153846153846154,14,all,MG_2k,P2,EXT_2022
ILH1_2022,446,0.41584320782338086,0.2666537129822454,0.13333333333333333,14,all,MG_2k,P2,EXT_2022
INH1_2022,458,0.5435305673563772,0.4068059126770895,0.1956521739130435,14,all,MG_2k,P2,EXT_2022
MIH1_2022,507,0.31588796975684486,0.301740641846517,0.23529411764705882,14,all,MG_2k,P2,EXT_2022
MNH1_2022,434,0.3729742179285773,0.23814087421050065,0.09302325581395349,14,all,MG_2k,P2,EXT_2022
MOH2_2022,453,0.20200072170970654,0.19472506579985338,0.15555555555555556,14,all,MG_2k,P2,EXT_2022
NCH1_2022,530,0.3101692988055232,0.19943781694534216,0.1320754716981132,14,all,MG_2k,P2,EXT_2022
NEH1_2022,344,0.15965647025442853,0.17219095627374442,0.20588235294117646,14,all,MG_2k,P2,EXT_2022
NEH2_2022,344,0.2866129254387206,0.19498820737770625,0.058823529411764705,14,all,MG_2k,P2,EXT_2022
NEH3_2022,347,0.4932373814385728,0.2856658706456843,0.08571428571428572,14,all,MG_2k,P2,EXT_2022
NYH2_2022,427,0.3266993935706412,0.2918946767296336,0.06976744186046512,14,all,MG_2k,P2,EXT_2022
NYH3_2022,435,0.2900632838043578,0.25165561900164,0.11363636363636363,14,all,MG_2k,P2,EXT_2022
OHH1_2022,430,0.38964285254904346,0.2989277481806896,0.11627906976744186,14,all,MG_2k,P2,EXT_2022
SCH1_2022,333,-0.0009051135737721276,-0.024577543761656526,0.06060606060606061,14,all,MG_2k,P2,EXT_2022
TXH1_2022,347,0.30556279982543216,0.18414554551205423,0.2,14,all,MG_2k,P2,EXT_2022
TXH2_2022,335,0.20713053353851646,0.12313083690787616,0.029411764705882353,14,all,MG_2k,P2,EXT_2022
TXH3_2022,342,0.3151472297733939,0.264702531728673,0.058823529411764705,14,all,MG_2k,P2,EXT_2022
WIH1_2022,423,0.47428809334828703,0.3030272113292848,0.14285714285714285,14,all,MG_2k,P2,EXT_2022
WIH2_2022,501,0.4406988039780681,0.39306483401550374,0.2,14,all,MG_2k,P2,EXT_2022
WIH3_2022,442,0.44619495653964986,0.3235522465581428,0.13636363636363635,14,all,MG_2k,P2,EXT_2022
DEH1_2022,456,0.3993930439990261,0.3177489989432301,0.30434782608695654,14,new,MG_2k,P2,EXT_2022
GAH1_2022,413,0.2116619049215037,0.20247439720356863,0.14634146341463414,14,new,MG_2k,P2,EXT_2022
GAH2_2022,406,0.12374416411685961,0.05761949034547248,0.04878048780487805,14,new,MG_2k,P2,EXT_2022
GEH1_2022,420,0.20617979962752891,0.205140060139975,0.19047619047619047,14,new,MG_2k,P2,EXT_2022
IAH1_2022,492,0.5056784238863894,0.43412596719141944,0.1836734693877551,14,new,MG_2k,P2,EXT_2022
IAH2_2022,486,0.07059308964014094,0.05544149582665912,0.12244897959183673,14,new,MG_2k,P2,EXT_2022
IAH3_2022,489,0.3906748937314807,0.34448029335385844,0.12244897959183673,14,new,MG_2k,P2,EXT_2022
IAH4_2022,486,0.3474566710876651,0.278774893578965,0.1836734693877551,14,new,MG_2k,P2,EXT_2022
ILH1_2022,415,0.3570310760042736,0.24293517958166946,0.14285714285714285,14,new,MG_2k,P2,EXT_2022
INH1_2022,415,0.46434532271408285,0.3662468376830858,0.21428571428571427,14,new,MG_2k,P2,EXT_2022
MIH1_2022,488,0.2884806818819948,0.29392534725278774,0.22448979591836735,14,new,MG_2k,P2,EXT_2022
MNH1_2022,403,0.21694993553785527,0.1656255957279296,0.075,14,new,MG_2k,P2,EXT_2022
MOH2_2022,411,0.17074752072701826,0.1675707937091927,0.14634146341463414,14,new,MG_2k,P2,EXT_2022
NCH1_2022,487,0.16201427613176433,0.14147527074820718,0.12244897959183673,14,new,MG_2k,P2,EXT_2022
NEH1_2022,314,0.1315771079934816,0.1373994317225005,0.1935483870967742,14,new,MG_2k,P2,EXT_2022
NEH2_2022,314,0.21420133604091773,0.16859828092291437,0.03225806451612903,14,new,MG_2k,P2,EXT_2022
NEH3_2022,317,0.31883101086215865,0.22096457346412543,0.09375,14,new,MG_2k,P2,EXT_2022
NYH2_2022,408,0.29554887524088,0.2655192109778162,0.07317073170731707,14,new,MG_2k,P2,EXT_2022
NYH3_2022,416,0.23448728062631044,0.2169057970362304,0.11904761904761904,14,new,MG_2k,P2,EXT_2022
OHH1_2022,411,0.3139398320923105,0.2707308177938613,0.12195121951219512,14,new,MG_2k,P2,EXT_2022
SCH1_2022,315,-0.02191969504041542,-0.022571566403105783,0.09375,14,new,MG_2k,P2,EXT_2022
TXH1_2022,316,0.23584262285444682,0.1670452853559119,0.21875,14,new,MG_2k,P2,EXT_2022
TXH2_2022,316,0.12065800442831491,0.09588366978010754,0.03125,14,new,MG_2k,P2,EXT_2022
TXH3_2022,313,0.33644663778316447,0.2750065011160478,0.06451612903225806,14,new,MG_2k,P2,EXT_2022
WIH1_2022,406,0.3736350935024231,0.26133846257434223,0.14634146341463414,14,new,MG_2k,P2,EXT_2022
WIH2_2022,482,0.41095077580189676,0.37265538139890864,0.20833333333333334,14,new,MG_2k,P2,EXT_2022
WIH3_2022,404,0.37722206028410765,0.30020028105136204,0.15,14,new,MG_2k,P2,EXT_2022
DEH1_2022,473,0.2847500909528511,0.23530854903212545,0.10638297872340426,10,all,MG_2k,P3,EXT_2022
GAH1_2022,445,0.18484146459924095,0.15340216464820822,0.25,10,all,MG_2k,P3,EXT_2022
GAH2_2022,437,0.19385483353965133,0.13405181211850778,0.045454545454545456,10,all,MG_2k,P3,EXT_2022
GEH1_2022,440,0.25209895763678764,0.22184234400508976,0.18181818181818182,10,all,MG_2k,P3,EXT_2022
IAH1_2022,524,0.45336328867206166,0.4122471967722395,0.1346153846153846,10,all,MG_2k,P3,EXT_2022
IAH2_2022,518,0.1384118325765832,0.12043407500721195,0.07692307692307693,10,all,MG_2k,P3,EXT_2022
IAH3_2022,521,0.40723837462768064,0.3611601222620295,0.057692307692307696,10,all,MG_2k,P3,EXT_2022
IAH4_2022,518,0.3408286739499906,0.2762667646296398,0.19230769230769232,10,all,MG_2k,P3,EXT_2022
ILH1_2022,446,0.30231086296787624,0.23728460385396902,0.15555555555555556,10,all,MG_2k,P3,EXT_2022
INH1_2022,458,0.4453987977345646,0.3825379634810502,0.17391304347826086,10,all,MG_2k,P3,EXT_2022
MIH1_2022,507,0.2591698676534813,0.23338003718229824,0.11764705882352941,10,all,MG_2k,P3,EXT_2022
MNH1_2022,434,0.2765378881849484,0.21057630759189072,0.046511627906976744,10,all,MG_2k,P3,EXT_2022
MOH2_2022,453,0.16952635823508247,0.1838803066997626,0.06666666666666667,10,all,MG_2k,P3,EXT_2022
NCH1_2022,530,0.2199842082581204,0.17166292802891805,0.11320754716981132,10,all,MG_2k,P3,EXT_2022
NEH1_2022,344,0.10467415826676926,0.1344604551157779,0.23529411764705882,10,all,MG_2k,P3,EXT_2022
NEH2_2022,344,0.15022079335394312,0.0954688369739542,0.08823529411764706,10,all,MG_2k,P3,EXT_2022
NEH3_2022,347,0.3596725192435772,0.25564372762426685,0.05714285714285714,10,all,MG_2k,P3,EXT_2022
NYH2_2022,427,0.30587877695829657,0.24986224218096997,0.11627906976744186,10,all,MG_2k,P3,EXT_2022
NYH3_2022,435,0.20483017621498725,0.19916718274920264,0.09090909090909091,10,all,MG_2k,P3,EXT_2022
OHH1_2022,430,0.3046703370424331,0.25726263170153885,0.13953488372093023,10,all,MG_2k,P3,EXT_2022
SCH1_2022,333,0.0014711780262823694,-0.03206177038033798,0.15151515151515152,10,all,MG_2k,P3,EXT_2022
TXH1_2022,347,0.1967506950401962,0.12811888112390354,0.14285714285714285,10,all,MG_2k,P3,EXT_2022
TXH2_2022,335,0.14267160677155824,0.0915001167441435,0.11764705882352941,10,all,MG_2k,P3,EXT_2022
TXH3_2022,342,0.29596474851105564,0.27269456699250594,0.11764705882352941,10,all,MG_2k,P3,EXT_2022
WIH1_2022,423,0.3272092120847447,0.23691039180177875,0.07142857142857142,10,all,MG_2k,P3,EXT_2022
WIH2_2022,501,0.27429480779550947,0.2482897502773449,0.12,10,all,MG_2k,P3,EXT_2022
WIH3_2022,442,0.3325664191025294,0.25241337260355495,0.11363636363636363,10,all,MG_2k,P3,EXT_2022
DEH1_2022,456,0.28283142419847224,0.2284516741041925,0.10869565217391304,10,new,MG_2k,P3,EXT_2022
GAH1_2022,413,0.14820372018418237,0.12014947756570443,0.24390243902439024,10,new,MG_2k,P3,EXT_2022
GAH2_2022,406,0.1357338242011312,0.09210755408680839,0.04878048780487805,10,new,MG_2k,P3,EXT_2022
GEH1_2022,420,0.20401523050560805,0.19637290845194616,0.19047619047619047,10,new,MG_2k,P3,EXT_2022
IAH1_2022,492,0.4215423711516413,0.3935662165661968,0.12244897959183673,10,new,MG_2k,P3,EXT_2022
IAH2_2022,486,0.139646837077206,0.12250344178477249,0.061224489795918366,10,new,MG_2k,P3,EXT_2022
IAH3_2022,489,0.34912576539187823,0.30060544615729,0.061224489795918366,10,new,MG_2k,P3,EXT_2022
IAH4_2022,486,0.2712908190350217,0.2250830045132732,0.1836734693877551,10,new,MG_2k,P3,EXT_2022
ILH1_2022,415,0.25187583763843097,0.20841112151225302,0.14285714285714285,10,new,MG_2k,P3,EXT_2022
INH1_2022,415,0.37528018377086225,0.32707566189553483,0.19047619047619047,10,new,MG_2k,P3,EXT_2022
MIH1_2022,488,0.2334558062259357,0.2187662228001002,0.12244897959183673,10,new,MG_2k,P3,EXT_2022
MNH1_2022,403,0.19112470799856315,0.1469156998619125,0.05,10,new,MG_2k,P3,EXT_2022
MOH2_2022,411,0.13474055713851615,0.15098538468626546,0.07317073170731707,10,new,MG_2k,P3,EXT_2022
NCH1_2022,487,0.12937715869502867,0.11782181702432917,0.12244897959183673,10,new,MG_2k,P3,EXT_2022
NEH1_2022,314,0.07512012779689195,0.09758434575894424,0.1935483870967742,10,new,MG_2k,P3,EXT_2022
NEH2_2022,314,0.09145219923269822,0.07280684235359271,0.0967741935483871,10,new,MG_2k,P3,EXT_2022
NEH3_2022,317,0.22801337847072572,0.18036928387387202,0.0625,10,new,MG_2k,P3,EXT_2022
NYH2_2022,408,0.2776657154129784,0.21968909610105214,0.12195121951219512,10,new,MG_2k,P3,EXT_2022
NYH3_2022,416,0.16400890570559307,0.1656578718830677,0.09523809523809523,10,new,MG_2k,P3,EXT_2022
OHH1_2022,411,0.24570019188066336,0.21761618043721,0.12195121951219512,10,new,MG_2k,P3,EXT_2022
SCH1_2022,315,-0.010874358761667181,-0.03480882959612833,0.15625,10,new,MG_2k,P3,EXT_2022
TXH1_2022,316,0.12918194392284296,0.09874256255289893,0.15625,10,new,MG_2k,P3,EXT_2022
TXH2_2022,316,0.08136133056330126,0.05553458632762917,0.125,10,new,MG_2k,P3,EXT_2022
TXH3_2022,313,0.28403091111729395,0.25630304964469874,0.12903225806451613,10,new,MG_2k,P3,EXT_2022
WIH1_2022,406,0.2598032700317662,0.19749535294030843,0.07317073170731707,10,new,MG_2k,P3,EXT_2022
WIH2_2022,482,0.23565119163823772,0.2206640636930441,0.125,10,new,MG_2k,P3,EXT_2022
WIH3_2022,404,0.26586185173009685,0.20949622725387018,0.125,10,new,MG_2k,P3,EXT_2022
DEH1_2022,473,0.3003335362286458,0.25305369958397517,0.10638297872340426,0,all,D_noEC(MG_2k),P3,EXT_2022
GAH1_2022,445,0.19305770606539024,0.15986995647002752,0.20454545454545456,0,all,D_noEC(MG_2k),P3,EXT_2022
GAH2_2022,437,0.2021350399901839,0.14029885042100812,0.06818181818181818,0,all,D_noEC(MG_2k),P3,EXT_2022
GEH1_2022,440,0.25892306189301434,0.23181780402408828,0.18181818181818182,0,all,D_noEC(MG_2k),P3,EXT_2022
IAH1_2022,524,0.45940216326783534,0.4166090394252558,0.1346153846153846,0,all,D_noEC(MG_2k),P3,EXT_2022
IAH2_2022,518,0.1504248743855844,0.12978507903208333,0.09615384615384616,0,all,D_noEC(MG_2k),P3,EXT_2022
IAH3_2022,521,0.40839195786849863,0.3681219708092929,0.07692307692307693,0,all,D_noEC(MG_2k),P3,EXT_2022
IAH4_2022,518,0.3449151488685453,0.28084582854076684,0.17307692307692307,0,all,D_noEC(MG_2k),P3,EXT_2022
ILH1_2022,446,0.3008208329430055,0.23660084950560245,0.15555555555555556,0,all,D_noEC(MG_2k),P3,EXT_2022
INH1_2022,458,0.4588548991098383,0.39315562842914126,0.17391304347826086,0,all,D_noEC(MG_2k),P3,EXT_2022
MIH1_2022,507,0.27585067934367624,0.242394541464441,0.11764705882352941,0,all,D_noEC(MG_2k),P3,EXT_2022
MNH1_2022,434,0.26975934536362417,0.20909073093382305,0.046511627906976744,0,all,D_noEC(MG_2k),P3,EXT_2022
MOH2_2022,453,0.17136903991007016,0.1878941326380875,0.06666666666666667,0,all,D_noEC(MG_2k),P3,EXT_2022
NCH1_2022,530,0.237968770321078,0.18834689998823825,0.11320754716981132,0,all,D_noEC(MG_2k),P3,EXT_2022
NEH1_2022,344,0.10185962798859041,0.13293374824740248,0.23529411764705882,0,all,D_noEC(MG_2k),P3,EXT_2022
NEH2_2022,344,0.15078860032793745,0.09944832651476833,0.08823529411764706,0,all,D_noEC(MG_2k),P3,EXT_2022
NEH3_2022,347,0.3644019738529354,0.26102916547327426,0.05714285714285714,0,all,D_noEC(MG_2k),P3,EXT_2022
NYH2_2022,427,0.31650199754480224,0.2605643485076579,0.11627906976744186,0,all,D_noEC(MG_2k),P3,EXT_2022
NYH3_2022,435,0.21477657865911928,0.21166104515751813,0.09090909090909091,0,all,D_noEC(MG_2k),P3,EXT_2022
OHH1_2022,430,0.30326955632382463,0.2573233814439185,0.13953488372093023,0,all,D_noEC(MG_2k),P3,EXT_2022
SCH1_2022,333,0.003532887186285327,-0.034780855231337005,0.15151515151515152,0,all,D_noEC(MG_2k),P3,EXT_2022
TXH1_2022,347,0.20683597697168868,0.13373580743854424,0.14285714285714285,0,all,D_noEC(MG_2k),P3,EXT_2022
TXH2_2022,335,0.1496770827070205,0.09590128313223618,0.08823529411764706,0,all,D_noEC(MG_2k),P3,EXT_2022
TXH3_2022,342,0.30301889146971644,0.2729405588440259,0.11764705882352941,0,all,D_noEC(MG_2k),P3,EXT_2022
WIH1_2022,423,0.33880690745462055,0.24848786091152433,0.07142857142857142,0,all,D_noEC(MG_2k),P3,EXT_2022
WIH2_2022,501,0.2811975016884808,0.257015999579001,0.12,0,all,D_noEC(MG_2k),P3,EXT_2022
WIH3_2022,442,0.34251863794513365,0.2591155515447705,0.11363636363636363,0,all,D_noEC(MG_2k),P3,EXT_2022
DEH1_2022,456,0.2971248738195683,0.24627462713053866,0.10869565217391304,0,new,D_noEC(MG_2k),P3,EXT_2022
GAH1_2022,413,0.1551064720092353,0.12495734411027258,0.21951219512195122,0,new,D_noEC(MG_2k),P3,EXT_2022
GAH2_2022,406,0.14425873480533186,0.09793990046468971,0.07317073170731707,0,new,D_noEC(MG_2k),P3,EXT_2022
GEH1_2022,420,0.21654564782721963,0.2078861119009645,0.19047619047619047,0,new,D_noEC(MG_2k),P3,EXT_2022
IAH1_2022,492,0.42741682850128565,0.3962164545951553,0.12244897959183673,0,new,D_noEC(MG_2k),P3,EXT_2022
IAH2_2022,486,0.15072096106428076,0.12960549585823122,0.08163265306122448,0,new,D_noEC(MG_2k),P3,EXT_2022
IAH3_2022,489,0.3560200073229321,0.30914955881416845,0.061224489795918366,0,new,D_noEC(MG_2k),P3,EXT_2022
IAH4_2022,486,0.2787111897163575,0.2308753529661703,0.1836734693877551,0,new,D_noEC(MG_2k),P3,EXT_2022
ILH1_2022,415,0.25287550236388856,0.20981128774579072,0.14285714285714285,0,new,D_noEC(MG_2k),P3,EXT_2022
INH1_2022,415,0.392229526749229,0.337340641724537,0.19047619047619047,0,new,D_noEC(MG_2k),P3,EXT_2022
MIH1_2022,488,0.2514642553688235,0.22791261006851252,0.12244897959183673,0,new,D_noEC(MG_2k),P3,EXT_2022
MNH1_2022,403,0.19201528907943105,0.1483583497614373,0.05,0,new,D_noEC(MG_2k),P3,EXT_2022
MOH2_2022,411,0.13755189210456323,0.1555891298722971,0.07317073170731707,0,new,D_noEC(MG_2k),P3,EXT_2022
NCH1_2022,487,0.14888317344634605,0.13407360548650954,0.12244897959183673,0,new,D_noEC(MG_2k),P3,EXT_2022
NEH1_2022,314,0.07649461527481931,0.0982384404986078,0.1935483870967742,0,new,D_noEC(MG_2k),P3,EXT_2022
NEH2_2022,314,0.09602336373623736,0.07962144294836371,0.0967741935483871,0,new,D_noEC(MG_2k),P3,EXT_2022
NEH3_2022,317,0.23763704245786765,0.18684625973811073,0.0625,0,new,D_noEC(MG_2k),P3,EXT_2022
NYH2_2022,408,0.29181111970421475,0.23295870035004804,0.12195121951219512,0,new,D_noEC(MG_2k),P3,EXT_2022
NYH3_2022,416,0.1769363670708776,0.1791905905383373,0.09523809523809523,0,new,D_noEC(MG_2k),P3,EXT_2022
OHH1_2022,411,0.24734697577357304,0.21899177340619064,0.12195121951219512,0,new,D_noEC(MG_2k),P3,EXT_2022
SCH1_2022,315,-0.007821764535420358,-0.038163821185135734,0.15625,0,new,D_noEC(MG_2k),P3,EXT_2022
TXH1_2022,316,0.13718456857138003,0.10265279008729745,0.09375,0,new,D_noEC(MG_2k),P3,EXT_2022
TXH2_2022,316,0.08953308500283744,0.059766165959534684,0.09375,0,new,D_noEC(MG_2k),P3,EXT_2022
TXH3_2022,313,0.28933689827780457,0.252275194930797,0.12903225806451613,0,new,D_noEC(MG_2k),P3,EXT_2022
WIH1_2022,406,0.2763697010235683,0.21027536109356462,0.07317073170731707,0,new,D_noEC(MG_2k),P3,EXT_2022
WIH2_2022,482,0.24586510930616362,0.2317548853979235,0.125,0,new,D_noEC(MG_2k),P3,EXT_2022
WIH3_2022,404,0.2744648074416749,0.21358419731958528,0.125,0,new,D_noEC(MG_2k),P3,EXT_2022
DEH1_2022,473,0.3003335362286458,0.25305369958397517,0.10638297872340426,0,all,D_noEC(MG_2k),P2,EXT_2022
GAH1_2022,445,0.19305770606539024,0.15986995647002752,0.20454545454545456,0,all,D_noEC(MG_2k),P2,EXT_2022
GAH2_2022,437,0.2021350399901839,0.14029885042100812,0.06818181818181818,0,all,D_noEC(MG_2k),P2,EXT_2022
GEH1_2022,440,0.25892306189301434,0.23181780402408828,0.18181818181818182,0,all,D_noEC(MG_2k),P2,EXT_2022
IAH1_2022,524,0.45940216326783534,0.4166090394252558,0.1346153846153846,0,all,D_noEC(MG_2k),P2,EXT_2022
IAH2_2022,518,0.1504248743855844,0.12978507903208333,0.09615384615384616,0,all,D_noEC(MG_2k),P2,EXT_2022
IAH3_2022,521,0.40839195786849863,0.3681219708092929,0.07692307692307693,0,all,D_noEC(MG_2k),P2,EXT_2022
IAH4_2022,518,0.3449151488685453,0.28084582854076684,0.17307692307692307,0,all,D_noEC(MG_2k),P2,EXT_2022
ILH1_2022,446,0.3008208329430055,0.23660084950560245,0.15555555555555556,0,all,D_noEC(MG_2k),P2,EXT_2022
INH1_2022,458,0.4588548991098383,0.39315562842914126,0.17391304347826086,0,all,D_noEC(MG_2k),P2,EXT_2022
MIH1_2022,507,0.27585067934367624,0.242394541464441,0.11764705882352941,0,all,D_noEC(MG_2k),P2,EXT_2022
MNH1_2022,434,0.26975934536362417,0.20909073093382305,0.046511627906976744,0,all,D_noEC(MG_2k),P2,EXT_2022
MOH2_2022,453,0.17136903991007016,0.1878941326380875,0.06666666666666667,0,all,D_noEC(MG_2k),P2,EXT_2022
NCH1_2022,530,0.237968770321078,0.18834689998823825,0.11320754716981132,0,all,D_noEC(MG_2k),P2,EXT_2022
NEH1_2022,344,0.10185962798859041,0.13293374824740248,0.23529411764705882,0,all,D_noEC(MG_2k),P2,EXT_2022
NEH2_2022,344,0.15078860032793745,0.09944832651476833,0.08823529411764706,0,all,D_noEC(MG_2k),P2,EXT_2022
NEH3_2022,347,0.3644019738529354,0.26102916547327426,0.05714285714285714,0,all,D_noEC(MG_2k),P2,EXT_2022
NYH2_2022,427,0.31650199754480224,0.2605643485076579,0.11627906976744186,0,all,D_noEC(MG_2k),P2,EXT_2022
NYH3_2022,435,0.21477657865911928,0.21166104515751813,0.09090909090909091,0,all,D_noEC(MG_2k),P2,EXT_2022
OHH1_2022,430,0.30326955632382463,0.2573233814439185,0.13953488372093023,0,all,D_noEC(MG_2k),P2,EXT_2022
SCH1_2022,333,0.003532887186285327,-0.034780855231337005,0.15151515151515152,0,all,D_noEC(MG_2k),P2,EXT_2022
TXH1_2022,347,0.20683597697168868,0.13373580743854424,0.14285714285714285,0,all,D_noEC(MG_2k),P2,EXT_2022
TXH2_2022,335,0.1496770827070205,0.09590128313223618,0.08823529411764706,0,all,D_noEC(MG_2k),P2,EXT_2022
TXH3_2022,342,0.30301889146971644,0.2729405588440259,0.11764705882352941,0,all,D_noEC(MG_2k),P2,EXT_2022
WIH1_2022,423,0.33880690745462055,0.24848786091152433,0.07142857142857142,0,all,D_noEC(MG_2k),P2,EXT_2022
WIH2_2022,501,0.2811975016884808,0.257015999579001,0.12,0,all,D_noEC(MG_2k),P2,EXT_2022
WIH3_2022,442,0.34251863794513365,0.2591155515447705,0.11363636363636363,0,all,D_noEC(MG_2k),P2,EXT_2022
DEH1_2022,456,0.2971248738195683,0.24627462713053866,0.10869565217391304,0,new,D_noEC(MG_2k),P2,EXT_2022
GAH1_2022,413,0.1551064720092353,0.12495734411027258,0.21951219512195122,0,new,D_noEC(MG_2k),P2,EXT_2022
GAH2_2022,406,0.14425873480533186,0.09793990046468971,0.07317073170731707,0,new,D_noEC(MG_2k),P2,EXT_2022
GEH1_2022,420,0.21654564782721963,0.2078861119009645,0.19047619047619047,0,new,D_noEC(MG_2k),P2,EXT_2022
IAH1_2022,492,0.42741682850128565,0.3962164545951553,0.12244897959183673,0,new,D_noEC(MG_2k),P2,EXT_2022
IAH2_2022,486,0.15072096106428076,0.12960549585823122,0.08163265306122448,0,new,D_noEC(MG_2k),P2,EXT_2022
IAH3_2022,489,0.3560200073229321,0.30914955881416845,0.061224489795918366,0,new,D_noEC(MG_2k),P2,EXT_2022
IAH4_2022,486,0.2787111897163575,0.2308753529661703,0.1836734693877551,0,new,D_noEC(MG_2k),P2,EXT_2022
ILH1_2022,415,0.25287550236388856,0.20981128774579072,0.14285714285714285,0,new,D_noEC(MG_2k),P2,EXT_2022
INH1_2022,415,0.392229526749229,0.337340641724537,0.19047619047619047,0,new,D_noEC(MG_2k),P2,EXT_2022
MIH1_2022,488,0.2514642553688235,0.22791261006851252,0.12244897959183673,0,new,D_noEC(MG_2k),P2,EXT_2022
MNH1_2022,403,0.19201528907943105,0.1483583497614373,0.05,0,new,D_noEC(MG_2k),P2,EXT_2022
MOH2_2022,411,0.13755189210456323,0.1555891298722971,0.07317073170731707,0,new,D_noEC(MG_2k),P2,EXT_2022
NCH1_2022,487,0.14888317344634605,0.13407360548650954,0.12244897959183673,0,new,D_noEC(MG_2k),P2,EXT_2022
NEH1_2022,314,0.07649461527481931,0.0982384404986078,0.1935483870967742,0,new,D_noEC(MG_2k),P2,EXT_2022
NEH2_2022,314,0.09602336373623736,0.07962144294836371,0.0967741935483871,0,new,D_noEC(MG_2k),P2,EXT_2022
NEH3_2022,317,0.23763704245786765,0.18684625973811073,0.0625,0,new,D_noEC(MG_2k),P2,EXT_2022
NYH2_2022,408,0.29181111970421475,0.23295870035004804,0.12195121951219512,0,new,D_noEC(MG_2k),P2,EXT_2022
NYH3_2022,416,0.1769363670708776,0.1791905905383373,0.09523809523809523,0,new,D_noEC(MG_2k),P2,EXT_2022
OHH1_2022,411,0.24734697577357304,0.21899177340619064,0.12195121951219512,0,new,D_noEC(MG_2k),P2,EXT_2022
SCH1_2022,315,-0.007821764535420358,-0.038163821185135734,0.15625,0,new,D_noEC(MG_2k),P2,EXT_2022
TXH1_2022,316,0.13718456857138003,0.10265279008729745,0.09375,0,new,D_noEC(MG_2k),P2,EXT_2022
TXH2_2022,316,0.08953308500283744,0.059766165959534684,0.09375,0,new,D_noEC(MG_2k),P2,EXT_2022
TXH3_2022,313,0.28933689827780457,0.252275194930797,0.12903225806451613,0,new,D_noEC(MG_2k),P2,EXT_2022
WIH1_2022,406,0.2763697010235683,0.21027536109356462,0.07317073170731707,0,new,D_noEC(MG_2k),P2,EXT_2022
WIH2_2022,482,0.24586510930616362,0.2317548853979235,0.125,0,new,D_noEC(MG_2k),P2,EXT_2022
WIH3_2022,404,0.2744648074416749,0.21358419731958528,0.125,0,new,D_noEC(MG_2k),P2,EXT_2022
DEH1_2022,473,0.40665423391947686,0.31956816557799433,0.2127659574468085,12,all,MG_98k,P1,EXT_2022
GAH1_2022,445,0.2944285310648997,0.2826448284255897,0.1590909090909091,12,all,MG_98k,P1,EXT_2022
GAH2_2022,437,0.22873273242364317,0.12761122312827594,0.09090909090909091,12,all,MG_98k,P1,EXT_2022
GEH1_2022,440,0.29371842667561154,0.21282966925881477,0.18181818181818182,12,all,MG_98k,P1,EXT_2022
IAH1_2022,524,0.5510398562834522,0.46410154619460225,0.15384615384615385,12,all,MG_98k,P1,EXT_2022
IAH2_2022,518,0.15375211367843372,0.16758741489072124,0.07692307692307693,12,all,MG_98k,P1,EXT_2022
IAH3_2022,521,0.4912658421349738,0.405438930560911,0.1346153846153846,12,all,MG_98k,P1,EXT_2022
IAH4_2022,518,0.5204537930971954,0.42791349634238424,0.23076923076923078,12,all,MG_98k,P1,EXT_2022
ILH1_2022,446,0.3759953464095444,0.2616672344893564,0.17777777777777778,12,all,MG_98k,P1,EXT_2022
INH1_2022,458,0.548796774790126,0.4033827834205873,0.17391304347826086,12,all,MG_98k,P1,EXT_2022
MIH1_2022,507,0.3284904560004893,0.3270466916749342,0.13725490196078433,12,all,MG_98k,P1,EXT_2022
MNH1_2022,434,0.3464463429528957,0.2377070095765203,0.06976744186046512,12,all,MG_98k,P1,EXT_2022
MOH2_2022,453,0.20473610149537005,0.16731561271871417,0.13333333333333333,12,all,MG_98k,P1,EXT_2022
NCH1_2022,530,0.31552534641418706,0.27009957767061193,0.07547169811320754,12,all,MG_98k,P1,EXT_2022
NEH1_2022,344,0.1702903493266903,0.19657021572953068,0.20588235294117646,12,all,MG_98k,P1,EXT_2022
NEH2_2022,344,0.2596302796746157,0.1492082328075852,0.058823529411764705,12,all,MG_98k,P1,EXT_2022
NEH3_2022,347,0.5041418818384313,0.33923720561806947,0.14285714285714285,12,all,MG_98k,P1,EXT_2022
NYH2_2022,427,0.32138283159341413,0.2671244721852799,0.16279069767441862,12,all,MG_98k,P1,EXT_2022
NYH3_2022,435,0.2921516294795612,0.26236082309767494,0.22727272727272727,12,all,MG_98k,P1,EXT_2022
OHH1_2022,430,0.40746051438237246,0.2901589458464356,0.11627906976744186,12,all,MG_98k,P1,EXT_2022
SCH1_2022,333,0.009549293365210052,0.036244549928471585,0.06060606060606061,12,all,MG_98k,P1,EXT_2022
TXH1_2022,347,0.3511399154675676,0.24356643371706962,0.2,12,all,MG_98k,P1,EXT_2022
TXH2_2022,335,0.23311441525779278,0.16372619851866815,0.11764705882352941,12,all,MG_98k,P1,EXT_2022
TXH3_2022,342,0.3418354090217748,0.2665747697107901,0.058823529411764705,12,all,MG_98k,P1,EXT_2022
WIH1_2022,423,0.48172372916085004,0.32065667402628456,0.09523809523809523,12,all,MG_98k,P1,EXT_2022
WIH2_2022,501,0.4189849836727747,0.37388187961361213,0.08,12,all,MG_98k,P1,EXT_2022
WIH3_2022,442,0.4851762422703028,0.36028796522005285,0.06818181818181818,12,all,MG_98k,P1,EXT_2022
DEH1_2022,456,0.41647070874671566,0.31880106250315277,0.2391304347826087,12,new,MG_98k,P1,EXT_2022
GAH1_2022,413,0.2534737374575465,0.24411854463585023,0.14634146341463414,12,new,MG_98k,P1,EXT_2022
GAH2_2022,406,0.15965589546271772,0.08879747634681023,0.0975609756097561,12,new,MG_98k,P1,EXT_2022
GEH1_2022,420,0.21551091853848683,0.17653990932334002,0.16666666666666666,12,new,MG_98k,P1,EXT_2022
IAH1_2022,492,0.5280114438798499,0.4576953625581893,0.16326530612244897,12,new,MG_98k,P1,EXT_2022
IAH2_2022,486,0.14424289202047977,0.15907117753829064,0.061224489795918366,12,new,MG_98k,P1,EXT_2022
IAH3_2022,489,0.43075227323285487,0.3652942553467289,0.16326530612244897,12,new,MG_98k,P1,EXT_2022
IAH4_2022,486,0.4472335662439706,0.3898191350909996,0.20408163265306123,12,new,MG_98k,P1,EXT_2022
ILH1_2022,415,0.37907312334829985,0.2844035599764421,0.21428571428571427,12,new,MG_98k,P1,EXT_2022
INH1_2022,415,0.4735895250545001,0.358325454825428,0.19047619047619047,12,new,MG_98k,P1,EXT_2022
MIH1_2022,488,0.299402498702097,0.3164398441403271,0.14285714285714285,12,new,MG_98k,P1,EXT_2022
MNH1_2022,403,0.2378037387464738,0.19602179934931097,0.1,12,new,MG_98k,P1,EXT_2022
MOH2_2022,411,0.17682443000442674,0.14118243478133957,0.17073170731707318,12,new,MG_98k,P1,EXT_2022
NCH1_2022,487,0.19993024216480793,0.22753427801081746,0.061224489795918366,12,new,MG_98k,P1,EXT_2022
NEH1_2022,314,0.14815546813388855,0.16775814890608517,0.22580645161290322,12,new,MG_98k,P1,EXT_2022
NEH2_2022,314,0.1770758535550857,0.11171219989288823,0.03225806451612903,12,new,MG_98k,P1,EXT_2022
NEH3_2022,317,0.37038979315303056,0.2810693348334266,0.15625,12,new,MG_98k,P1,EXT_2022
NYH2_2022,408,0.29448390805842445,0.2480108072116866,0.17073170731707318,12,new,MG_98k,P1,EXT_2022
NYH3_2022,416,0.25419297910719935,0.24029025685053623,0.23809523809523808,12,new,MG_98k,P1,EXT_2022
OHH1_2022,411,0.3444358039734999,0.26388818850359086,0.0975609756097561,12,new,MG_98k,P1,EXT_2022
SCH1_2022,315,-0.003691864119355763,0.038207009891178256,0.0625,12,new,MG_98k,P1,EXT_2022
TXH1_2022,316,0.2928508980041416,0.22965703364632936,0.21875,12,new,MG_98k,P1,EXT_2022
TXH2_2022,316,0.1663044964958366,0.14169326695099296,0.125,12,new,MG_98k,P1,EXT_2022
TXH3_2022,313,0.35409594545631307,0.2684738823412933,0.06451612903225806,12,new,MG_98k,P1,EXT_2022
WIH1_2022,406,0.40374921643883827,0.28707621391725335,0.12195121951219512,12,new,MG_98k,P1,EXT_2022
WIH2_2022,482,0.38536546840491687,0.3593563403646096,0.08333333333333333,12,new,MG_98k,P1,EXT_2022
WIH3_2022,404,0.4262373463331679,0.3403693076684731,0.075,12,new,MG_98k,P1,EXT_2022
DEH1_2022,473,0.4090229062557413,0.35581894043070217,0.2978723404255319,14,all,MG_98k,P2,EXT_2022
GAH1_2022,445,0.3116729221370601,0.31504254678105087,0.13636363636363635,14,all,MG_98k,P2,EXT_2022
GAH2_2022,437,0.22335340847000906,0.12814656644593714,0.045454545454545456,14,all,MG_98k,P2,EXT_2022
GEH1_2022,440,0.30572997003179003,0.23303127111237715,0.20454545454545456,14,all,MG_98k,P2,EXT_2022
IAH1_2022,524,0.5513407696099284,0.4928786506185198,0.17307692307692307,14,all,MG_98k,P2,EXT_2022
IAH2_2022,518,0.1446431174497224,0.14506541660864158,0.11538461538461539,14,all,MG_98k,P2,EXT_2022
IAH3_2022,521,0.5037981868567842,0.43689929562269,0.11538461538461539,14,all,MG_98k,P2,EXT_2022
IAH4_2022,518,0.5206434818405493,0.4322642002447047,0.21153846153846154,14,all,MG_98k,P2,EXT_2022
ILH1_2022,446,0.39285718941485603,0.2811069583499986,0.08888888888888889,14,all,MG_98k,P2,EXT_2022
INH1_2022,458,0.5547628448405497,0.4373806161578977,0.10869565217391304,14,all,MG_98k,P2,EXT_2022
MIH1_2022,507,0.3486285641823147,0.35487406789321035,0.27450980392156865,14,all,MG_98k,P2,EXT_2022
MNH1_2022,434,0.37414887223257315,0.2666292189797748,0.06976744186046512,14,all,MG_98k,P2,EXT_2022
MOH2_2022,453,0.2115516130246135,0.2036152186393403,0.15555555555555556,14,all,MG_98k,P2,EXT_2022
NCH1_2022,530,0.32825400139022176,0.24669341757338906,0.11320754716981132,14,all,MG_98k,P2,EXT_2022
NEH1_2022,344,0.16694235479296732,0.18319686493000953,0.17647058823529413,14,all,MG_98k,P2,EXT_2022
NEH2_2022,344,0.29463261505719734,0.17681099458718222,0.029411764705882353,14,all,MG_98k,P2,EXT_2022
NEH3_2022,347,0.5364415861123936,0.38115263333509786,0.17142857142857143,14,all,MG_98k,P2,EXT_2022
NYH2_2022,427,0.3250558398549359,0.3125400075680434,0.11627906976744186,14,all,MG_98k,P2,EXT_2022
NYH3_2022,435,0.30242636072970985,0.28727762210463975,0.11363636363636363,14,all,MG_98k,P2,EXT_2022
OHH1_2022,430,0.418370541672394,0.33899849185948994,0.06976744186046512,14,all,MG_98k,P2,EXT_2022
SCH1_2022,333,0.006087415252804574,0.009269001054069699,0.06060606060606061,14,all,MG_98k,P2,EXT_2022
TXH1_2022,347,0.35745866814008415,0.24567669429368275,0.08571428571428572,14,all,MG_98k,P2,EXT_2022
TXH2_2022,335,0.24192449000901411,0.16555915337116278,0.11764705882352941,14,all,MG_98k,P2,EXT_2022
TXH3_2022,342,0.3192014864580676,0.2765179403432642,0.029411764705882353,14,all,MG_98k,P2,EXT_2022
WIH1_2022,423,0.5035968729962682,0.35031932113871617,0.047619047619047616,14,all,MG_98k,P2,EXT_2022
WIH2_2022,501,0.47180197915037014,0.44813643381618173,0.1,14,all,MG_98k,P2,EXT_2022
WIH3_2022,442,0.4961032354527594,0.3974292750465666,0.06818181818181818,14,all,MG_98k,P2,EXT_2022
DEH1_2022,456,0.4271960070857312,0.3561320627860727,0.30434782608695654,14,new,MG_98k,P2,EXT_2022
GAH1_2022,413,0.27834595510686533,0.285513227892703,0.12195121951219512,14,new,MG_98k,P2,EXT_2022
GAH2_2022,406,0.16063598463422052,0.09903942865189586,0.07317073170731707,14,new,MG_98k,P2,EXT_2022
GEH1_2022,420,0.21624188951530013,0.19623676410701402,0.21428571428571427,14,new,MG_98k,P2,EXT_2022
IAH1_2022,492,0.5552336845441648,0.4984888155625486,0.1836734693877551,14,new,MG_98k,P2,EXT_2022
IAH2_2022,486,0.1292214695364651,0.1316271228929186,0.10204081632653061,14,new,MG_98k,P2,EXT_2022
IAH3_2022,489,0.4626517660569843,0.4130185334999862,0.14285714285714285,14,new,MG_98k,P2,EXT_2022
IAH4_2022,486,0.45361499930457067,0.4080529723481768,0.20408163265306123,14,new,MG_98k,P2,EXT_2022
ILH1_2022,415,0.41073731163545074,0.30461089857148715,0.14285714285714285,14,new,MG_98k,P2,EXT_2022
INH1_2022,415,0.5027105193566043,0.4165686575241245,0.16666666666666666,14,new,MG_98k,P2,EXT_2022
MIH1_2022,488,0.32693939598588584,0.34533783200864937,0.2653061224489796,14,new,MG_98k,P2,EXT_2022
MNH1_2022,403,0.2507065546116566,0.22888051674679868,0.075,14,new,MG_98k,P2,EXT_2022
MOH2_2022,411,0.19939847251185283,0.18908670454092397,0.17073170731707318,14,new,MG_98k,P2,EXT_2022
NCH1_2022,487,0.19944969843982924,0.2102068128622007,0.12244897959183673,14,new,MG_98k,P2,EXT_2022
NEH1_2022,314,0.14823823871166578,0.15684397253152121,0.22580645161290322,14,new,MG_98k,P2,EXT_2022
NEH2_2022,314,0.19912811469776504,0.13660248883509415,0.0,14,new,MG_98k,P2,EXT_2022
NEH3_2022,317,0.4229786924291704,0.3520930565903719,0.1875,14,new,MG_98k,P2,EXT_2022
NYH2_2022,408,0.30665058112433974,0.2937728094099381,0.0975609756097561,14,new,MG_98k,P2,EXT_2022
NYH3_2022,416,0.2655853488650789,0.2652622605878451,0.11904761904761904,14,new,MG_98k,P2,EXT_2022
OHH1_2022,411,0.3635864400992601,0.3188679156415288,0.04878048780487805,14,new,MG_98k,P2,EXT_2022
SCH1_2022,315,-0.007430643310883279,0.009520174051817331,0.0625,14,new,MG_98k,P2,EXT_2022
TXH1_2022,316,0.3148813249905466,0.23719911033006716,0.125,14,new,MG_98k,P2,EXT_2022
TXH2_2022,316,0.1777752612544969,0.15404231465542684,0.125,14,new,MG_98k,P2,EXT_2022
TXH3_2022,313,0.3627477508322062,0.2971603868854267,0.06451612903225806,14,new,MG_98k,P2,EXT_2022
WIH1_2022,406,0.4245143499837728,0.32022196144485604,0.07317073170731707,14,new,MG_98k,P2,EXT_2022
WIH2_2022,482,0.4544728737088477,0.4392939504738724,0.10416666666666667,14,new,MG_98k,P2,EXT_2022
WIH3_2022,404,0.4561511530954616,0.3966702963937549,0.1,14,new,MG_98k,P2,EXT_2022
DEH1_2022,473,0.271693865724643,0.2126372728858736,0.19148936170212766,8,all,MG_98k,P3,EXT_2022
GAH1_2022,445,0.23031977097391557,0.22424902676048283,0.09090909090909091,8,all,MG_98k,P3,EXT_2022
GAH2_2022,437,0.2058802229678018,0.14278884606518555,0.11363636363636363,8,all,MG_98k,P3,EXT_2022
GEH1_2022,440,0.18566525825203947,0.1197719373706182,0.09090909090909091,8,all,MG_98k,P3,EXT_2022
IAH1_2022,524,0.38331072865760835,0.31672801025724023,0.11538461538461539,8,all,MG_98k,P3,EXT_2022
IAH2_2022,518,0.1385912854402103,0.13810692392361698,0.11538461538461539,8,all,MG_98k,P3,EXT_2022
IAH3_2022,521,0.323756764468833,0.29201925766942016,0.15384615384615385,8,all,MG_98k,P3,EXT_2022
IAH4_2022,518,0.3916122618934856,0.3310825450070262,0.19230769230769232,8,all,MG_98k,P3,EXT_2022
ILH1_2022,446,0.28953741966270324,0.2543543095205725,0.1111111111111111,8,all,MG_98k,P3,EXT_2022
INH1_2022,458,0.42682941328727503,0.3489718867270425,0.15217391304347827,8,all,MG_98k,P3,EXT_2022
MIH1_2022,507,0.2541075435818985,0.24439994690743141,0.11764705882352941,8,all,MG_98k,P3,EXT_2022
MNH1_2022,434,0.2447888883888024,0.20337147353089857,0.13953488372093023,8,all,MG_98k,P3,EXT_2022
MOH2_2022,453,0.09583691693952325,0.07007281291852475,0.1111111111111111,8,all,MG_98k,P3,EXT_2022
NCH1_2022,530,0.22813470173066203,0.18695277988528783,0.1320754716981132,8,all,MG_98k,P3,EXT_2022
NEH1_2022,344,0.12284244418242199,0.15442511740852952,0.20588235294117646,8,all,MG_98k,P3,EXT_2022
NEH2_2022,344,0.16453408238181402,0.11083111990594768,0.058823529411764705,8,all,MG_98k,P3,EXT_2022
NEH3_2022,347,0.4034160336930623,0.324970864540003,0.22857142857142856,8,all,MG_98k,P3,EXT_2022
NYH2_2022,427,0.22650154883877116,0.1710389521311992,0.09302325581395349,8,all,MG_98k,P3,EXT_2022
NYH3_2022,435,0.22406033471633885,0.21942632982272803,0.11363636363636363,8,all,MG_98k,P3,EXT_2022
OHH1_2022,430,0.28448902462340797,0.23258683222599327,0.06976744186046512,8,all,MG_98k,P3,EXT_2022
SCH1_2022,333,0.01513835347851387,0.05368607880344251,0.09090909090909091,8,all,MG_98k,P3,EXT_2022
TXH1_2022,347,0.2856934452061658,0.2239644896063048,0.2,8,all,MG_98k,P3,EXT_2022
TXH2_2022,335,0.15743705625671858,0.12719733143478634,0.11764705882352941,8,all,MG_98k,P3,EXT_2022
TXH3_2022,342,0.2879235468968473,0.2621803652754364,0.029411764705882353,8,all,MG_98k,P3,EXT_2022
WIH1_2022,423,0.3393994791407528,0.2290263592840196,0.07142857142857142,8,all,MG_98k,P3,EXT_2022
WIH2_2022,501,0.2506461264826194,0.20673565411339836,0.1,8,all,MG_98k,P3,EXT_2022
WIH3_2022,442,0.3503114252360451,0.22570178806757532,0.06818181818181818,8,all,MG_98k,P3,EXT_2022
DEH1_2022,456,0.26809526537356276,0.2083523829152322,0.1956521739130435,8,new,MG_98k,P3,EXT_2022
GAH1_2022,413,0.1863720285841286,0.1852241409605799,0.07317073170731707,8,new,MG_98k,P3,EXT_2022
GAH2_2022,406,0.1553151689186777,0.10899439434731405,0.12195121951219512,8,new,MG_98k,P3,EXT_2022
GEH1_2022,420,0.1406194520425033,0.0891743586901908,0.09523809523809523,8,new,MG_98k,P3,EXT_2022
IAH1_2022,492,0.3445522806146987,0.29689343866874407,0.10204081632653061,8,new,MG_98k,P3,EXT_2022
IAH2_2022,486,0.1242150882957156,0.1238451553471673,0.12244897959183673,8,new,MG_98k,P3,EXT_2022
IAH3_2022,489,0.28158435397512666,0.2549767095892221,0.12244897959183673,8,new,MG_98k,P3,EXT_2022
IAH4_2022,486,0.3371073638712892,0.29276116462267965,0.20408163265306123,8,new,MG_98k,P3,EXT_2022
ILH1_2022,415,0.3045039467877031,0.2874108237739533,0.11904761904761904,8,new,MG_98k,P3,EXT_2022
INH1_2022,415,0.36702837856239456,0.30795849348492854,0.14285714285714285,8,new,MG_98k,P3,EXT_2022
MIH1_2022,488,0.22647325631865575,0.2307228560169053,0.10204081632653061,8,new,MG_98k,P3,EXT_2022
MNH1_2022,403,0.20135360704947886,0.1822236242000507,0.125,8,new,MG_98k,P3,EXT_2022
MOH2_2022,411,0.06509975543443089,0.040666442860308676,0.12195121951219512,8,new,MG_98k,P3,EXT_2022
NCH1_2022,487,0.13906927176299222,0.13915763956430144,0.12244897959183673,8,new,MG_98k,P3,EXT_2022
NEH1_2022,314,0.11252834959035947,0.134019263913768,0.1935483870967742,8,new,MG_98k,P3,EXT_2022
NEH2_2022,314,0.10878460917143132,0.08907839222947529,0.03225806451612903,8,new,MG_98k,P3,EXT_2022
NEH3_2022,317,0.30179016257469293,0.2739268994720421,0.21875,8,new,MG_98k,P3,EXT_2022
NYH2_2022,408,0.2063946995633676,0.15486172794976438,0.0975609756097561,8,new,MG_98k,P3,EXT_2022
NYH3_2022,416,0.20287144345255073,0.20190963411063925,0.11904761904761904,8,new,MG_98k,P3,EXT_2022
OHH1_2022,411,0.23726885123065714,0.21021301467152068,0.07317073170731707,8,new,MG_98k,P3,EXT_2022
SCH1_2022,315,0.008132744606909312,0.05665341492792197,0.0625,8,new,MG_98k,P3,EXT_2022
TXH1_2022,316,0.22074852385181917,0.20096010118978602,0.1875,8,new,MG_98k,P3,EXT_2022
TXH2_2022,316,0.10408261438585628,0.10263263427526448,0.125,8,new,MG_98k,P3,EXT_2022
TXH3_2022,313,0.2804704816955568,0.2533905105426134,0.03225806451612903,8,new,MG_98k,P3,EXT_2022
WIH1_2022,406,0.28566431533567965,0.19936642385321865,0.07317073170731707,8,new,MG_98k,P3,EXT_2022
WIH2_2022,482,0.21994803464336035,0.1890948429215018,0.10416666666666667,8,new,MG_98k,P3,EXT_2022
WIH3_2022,404,0.2861415578568053,0.18874144013630786,0.05,8,new,MG_98k,P3,EXT_2022
DEH1_2022,473,0.2899047972499035,0.22772014619308306,0.19148936170212766,0,all,D_noEC(MG_98k),P3,EXT_2022
GAH1_2022,445,0.23663000348354907,0.2312206049320015,0.06818181818181818,0,all,D_noEC(MG_98k),P3,EXT_2022
GAH2_2022,437,0.21689855379225134,0.15069454252861642,0.06818181818181818,0,all,D_noEC(MG_98k),P3,EXT_2022
GEH1_2022,440,0.19103095875443474,0.12947255489556114,0.09090909090909091,0,all,D_noEC(MG_98k),P3,EXT_2022
IAH1_2022,524,0.38532229457499495,0.31719753534152095,0.09615384615384616,0,all,D_noEC(MG_98k),P3,EXT_2022
IAH2_2022,518,0.1442045871293458,0.1419017511512304,0.11538461538461539,0,all,D_noEC(MG_98k),P3,EXT_2022
IAH3_2022,521,0.32551379402365915,0.29739922353964915,0.11538461538461539,0,all,D_noEC(MG_98k),P3,EXT_2022
IAH4_2022,518,0.3867159524803183,0.3264299660996065,0.19230769230769232,0,all,D_noEC(MG_98k),P3,EXT_2022
ILH1_2022,446,0.29146203390639686,0.26143410875650586,0.13333333333333333,0,all,D_noEC(MG_98k),P3,EXT_2022
INH1_2022,458,0.4447762523742504,0.36213234616774825,0.17391304347826086,0,all,D_noEC(MG_98k),P3,EXT_2022
MIH1_2022,507,0.26904999135441277,0.2575550447541577,0.09803921568627451,0,all,D_noEC(MG_98k),P3,EXT_2022
MNH1_2022,434,0.23108422372549198,0.19343036776206396,0.13953488372093023,0,all,D_noEC(MG_98k),P3,EXT_2022
MOH2_2022,453,0.09800418079414541,0.0681169224030833,0.06666666666666667,0,all,D_noEC(MG_98k),P3,EXT_2022
NCH1_2022,530,0.25402706366685596,0.2107478933756696,0.11320754716981132,0,all,D_noEC(MG_98k),P3,EXT_2022
NEH1_2022,344,0.12019730685124863,0.1513557851216932,0.17647058823529413,0,all,D_noEC(MG_98k),P3,EXT_2022
NEH2_2022,344,0.16628343130941237,0.11134110300944101,0.058823529411764705,0,all,D_noEC(MG_98k),P3,EXT_2022
NEH3_2022,347,0.4074132617679493,0.3298921742057672,0.17142857142857143,0,all,D_noEC(MG_98k),P3,EXT_2022
NYH2_2022,427,0.2377982510531253,0.1826062160952192,0.09302325581395349,0,all,D_noEC(MG_98k),P3,EXT_2022
NYH3_2022,435,0.2323034465776441,0.22769910333944396,0.06818181818181818,0,all,D_noEC(MG_98k),P3,EXT_2022
OHH1_2022,430,0.2808065098123987,0.22924303069365756,0.046511627906976744,0,all,D_noEC(MG_98k),P3,EXT_2022
SCH1_2022,333,0.029681971368459657,0.053878140356733134,0.09090909090909091,0,all,D_noEC(MG_98k),P3,EXT_2022
TXH1_2022,347,0.2870741335310481,0.2213394087393101,0.14285714285714285,0,all,D_noEC(MG_98k),P3,EXT_2022
TXH2_2022,335,0.16228194168531565,0.13270002628538824,0.11764705882352941,0,all,D_noEC(MG_98k),P3,EXT_2022
TXH3_2022,342,0.29195602867489084,0.2602977776361517,0.058823529411764705,0,all,D_noEC(MG_98k),P3,EXT_2022
WIH1_2022,423,0.34431454198318634,0.23202855906859987,0.14285714285714285,0,all,D_noEC(MG_98k),P3,EXT_2022
WIH2_2022,501,0.24524529095661635,0.20399576324621363,0.08,0,all,D_noEC(MG_98k),P3,EXT_2022
WIH3_2022,442,0.35443731142920915,0.22749080062464108,0.11363636363636363,0,all,D_noEC(MG_98k),P3,EXT_2022
DEH1_2022,456,0.2863314591024866,0.22334568263017984,0.21739130434782608,0,new,D_noEC(MG_98k),P3,EXT_2022
GAH1_2022,413,0.1929602318231607,0.19200308940846197,0.04878048780487805,0,new,D_noEC(MG_98k),P3,EXT_2022
GAH2_2022,406,0.16843739710685585,0.11732633017868672,0.07317073170731707,0,new,D_noEC(MG_98k),P3,EXT_2022
GEH1_2022,420,0.14926456339034253,0.09985867649441885,0.07142857142857142,0,new,D_noEC(MG_98k),P3,EXT_2022
IAH1_2022,492,0.34839669499557446,0.297515479932897,0.10204081632653061,0,new,D_noEC(MG_98k),P3,EXT_2022
IAH2_2022,486,0.13105530021939568,0.12809457388052595,0.10204081632653061,0,new,D_noEC(MG_98k),P3,EXT_2022
IAH3_2022,489,0.28595971155162003,0.2615182829391097,0.10204081632653061,0,new,D_noEC(MG_98k),P3,EXT_2022
IAH4_2022,486,0.33470987997180346,0.2897052043161888,0.1836734693877551,0,new,D_noEC(MG_98k),P3,EXT_2022
ILH1_2022,415,0.30995171128453824,0.29592531831451,0.14285714285714285,0,new,D_noEC(MG_98k),P3,EXT_2022
INH1_2022,415,0.38984560875584684,0.32260454322538873,0.14285714285714285,0,new,D_noEC(MG_98k),P3,EXT_2022
MIH1_2022,488,0.24287104843699742,0.24517112714512967,0.08163265306122448,0,new,D_noEC(MG_98k),P3,EXT_2022
MNH1_2022,403,0.18987440831459682,0.17325283022744203,0.125,0,new,D_noEC(MG_98k),P3,EXT_2022
MOH2_2022,411,0.06807109170502317,0.038776807340449755,0.07317073170731707,0,new,D_noEC(MG_98k),P3,EXT_2022
NCH1_2022,487,0.16820448606746474,0.16415907786609013,0.10204081632653061,0,new,D_noEC(MG_98k),P3,EXT_2022
NEH1_2022,314,0.11144602125261886,0.13424659817439774,0.1935483870967742,0,new,D_noEC(MG_98k),P3,EXT_2022
NEH2_2022,314,0.1129818076088552,0.08995226271698516,0.03225806451612903,0,new,D_noEC(MG_98k),P3,EXT_2022
NEH3_2022,317,0.31285594971316993,0.283367835326965,0.1875,0,new,D_noEC(MG_98k),P3,EXT_2022
NYH2_2022,408,0.2205405929767611,0.16814025487130213,0.07317073170731707,0,new,D_noEC(MG_98k),P3,EXT_2022
NYH3_2022,416,0.21359501614806498,0.2105749842490509,0.07142857142857142,0,new,D_noEC(MG_98k),P3,EXT_2022
OHH1_2022,411,0.23550399054246926,0.2077186776384664,0.024390243902439025,0,new,D_noEC(MG_98k),P3,EXT_2022
SCH1_2022,315,0.024519483980486225,0.057728233037657714,0.09375,0,new,D_noEC(MG_98k),P3,EXT_2022
TXH1_2022,316,0.22212681326148612,0.19747999107820455,0.15625,0,new,D_noEC(MG_98k),P3,EXT_2022
TXH2_2022,316,0.1112643132875706,0.11011595486543439,0.125,0,new,D_noEC(MG_98k),P3,EXT_2022
TXH3_2022,313,0.2839009785191705,0.24963013590614203,0.03225806451612903,0,new,D_noEC(MG_98k),P3,EXT_2022
WIH1_2022,406,0.2948809193685431,0.20302678120673429,0.14634146341463414,0,new,D_noEC(MG_98k),P3,EXT_2022
WIH2_2022,482,0.2147219673801771,0.18678270914866013,0.08333333333333333,0,new,D_noEC(MG_98k),P3,EXT_2022
WIH3_2022,404,0.28770765976604107,0.18760802623741046,0.075,0,new,D_noEC(MG_98k),P3,EXT_2022
DEH1_2022,473,0.29373381944017,0.22901042868256566,0.1702127659574468,1,all,D_noEC(MG_98k),P2,EXT_2022
GAH1_2022,445,0.2436091948999335,0.23358913035708648,0.09090909090909091,1,all,D_noEC(MG_98k),P2,EXT_2022
GAH2_2022,437,0.215517472022924,0.1490596100758075,0.06818181818181818,1,all,D_noEC(MG_98k),P2,EXT_2022
GEH1_2022,440,0.19397360657847293,0.1307111054434663,0.13636363636363635,1,all,D_noEC(MG_98k),P2,EXT_2022
IAH1_2022,524,0.3882247334803795,0.3171623386836354,0.09615384615384616,1,all,D_noEC(MG_98k),P2,EXT_2022
IAH2_2022,518,0.14362249391580414,0.13801406919632714,0.11538461538461539,1,all,D_noEC(MG_98k),P2,EXT_2022
IAH3_2022,521,0.32853147193793203,0.30013061497822047,0.1346153846153846,1,all,D_noEC(MG_98k),P2,EXT_2022
IAH4_2022,518,0.389587750905306,0.32860309489006856,0.23076923076923078,1,all,D_noEC(MG_98k),P2,EXT_2022
ILH1_2022,446,0.29526750403277513,0.265128952109303,0.13333333333333333,1,all,D_noEC(MG_98k),P2,EXT_2022
INH1_2022,458,0.4509498542866676,0.3666190708250238,0.1956521739130435,1,all,D_noEC(MG_98k),P2,EXT_2022
MIH1_2022,507,0.2733017590775791,0.2611875949935553,0.0784313725490196,1,all,D_noEC(MG_98k),P2,EXT_2022
MNH1_2022,434,0.226191557860589,0.190490775717987,0.13953488372093023,1,all,D_noEC(MG_98k),P2,EXT_2022
MOH2_2022,453,0.10233942758457512,0.06809045917794614,0.1111111111111111,1,all,D_noEC(MG_98k),P2,EXT_2022
NCH1_2022,530,0.25948464146253464,0.21567403182756142,0.1320754716981132,1,all,D_noEC(MG_98k),P2,EXT_2022
NEH1_2022,344,0.1165497142119217,0.14863282869319663,0.20588235294117646,1,all,D_noEC(MG_98k),P2,EXT_2022
NEH2_2022,344,0.16842889993643614,0.1112024052925661,0.029411764705882353,1,all,D_noEC(MG_98k),P2,EXT_2022
NEH3_2022,347,0.40985282414624247,0.3326789537614666,0.17142857142857143,1,all,D_noEC(MG_98k),P2,EXT_2022
NYH2_2022,427,0.2427124082631057,0.18549523839618745,0.09302325581395349,1,all,D_noEC(MG_98k),P2,EXT_2022
NYH3_2022,435,0.2368826344666001,0.23111086068313239,0.06818181818181818,1,all,D_noEC(MG_98k),P2,EXT_2022
OHH1_2022,430,0.2802280948515341,0.22682466277957172,0.046511627906976744,1,all,D_noEC(MG_98k),P2,EXT_2022
SCH1_2022,333,0.03114855375047819,0.04924250240933192,0.09090909090909091,1,all,D_noEC(MG_98k),P2,EXT_2022
TXH1_2022,347,0.2864526688239365,0.21939544157866958,0.14285714285714285,1,all,D_noEC(MG_98k),P2,EXT_2022
TXH2_2022,335,0.1638318742755502,0.13704294029897846,0.14705882352941177,1,all,D_noEC(MG_98k),P2,EXT_2022
TXH3_2022,342,0.29309394350321905,0.25691553967278374,0.058823529411764705,1,all,D_noEC(MG_98k),P2,EXT_2022
WIH1_2022,423,0.34633921735772977,0.23333206758587838,0.09523809523809523,1,all,D_noEC(MG_98k),P2,EXT_2022
WIH2_2022,501,0.2519810675067691,0.21055410504349598,0.08,1,all,D_noEC(MG_98k),P2,EXT_2022
WIH3_2022,442,0.35980690766435214,0.23047959878091664,0.11363636363636363,1,all,D_noEC(MG_98k),P2,EXT_2022
DEH1_2022,456,0.29053012012118595,0.22522050952287195,0.17391304347826086,1,new,D_noEC(MG_98k),P2,EXT_2022
GAH1_2022,413,0.2002151481089424,0.19391182461033454,0.07317073170731707,1,new,D_noEC(MG_98k),P2,EXT_2022
GAH2_2022,406,0.1679487332983497,0.11569496237190488,0.07317073170731707,1,new,D_noEC(MG_98k),P2,EXT_2022
GEH1_2022,420,0.1538906991441688,0.10207913314577165,0.11904761904761904,1,new,D_noEC(MG_98k),P2,EXT_2022
IAH1_2022,492,0.35256507113014196,0.2981091572842194,0.10204081632653061,1,new,D_noEC(MG_98k),P2,EXT_2022
IAH2_2022,486,0.13037151250221318,0.12391890692529946,0.10204081632653061,1,new,D_noEC(MG_98k),P2,EXT_2022
IAH3_2022,489,0.29230475835086117,0.2665686521918472,0.12244897959183673,1,new,D_noEC(MG_98k),P2,EXT_2022
IAH4_2022,486,0.33981498385922476,0.2926655123228664,0.22448979591836735,1,new,D_noEC(MG_98k),P2,EXT_2022
ILH1_2022,415,0.3164596903323973,0.29993483548216004,0.14285714285714285,1,new,D_noEC(MG_98k),P2,EXT_2022
INH1_2022,415,0.39981826323524133,0.32871040787421796,0.16666666666666666,1,new,D_noEC(MG_98k),P2,EXT_2022
MIH1_2022,488,0.24760383014364368,0.24974370075917127,0.061224489795918366,1,new,D_noEC(MG_98k),P2,EXT_2022
MNH1_2022,403,0.1869052856124311,0.17178295366718774,0.125,1,new,D_noEC(MG_98k),P2,EXT_2022
MOH2_2022,411,0.07381908162729357,0.03952505633797725,0.12195121951219512,1,new,D_noEC(MG_98k),P2,EXT_2022
NCH1_2022,487,0.17630468639829458,0.16958563791704054,0.12244897959183673,1,new,D_noEC(MG_98k),P2,EXT_2022
NEH1_2022,314,0.10826336459064903,0.13193817670946956,0.22580645161290322,1,new,D_noEC(MG_98k),P2,EXT_2022
NEH2_2022,314,0.11647287808052469,0.09018444210133578,0.03225806451612903,1,new,D_noEC(MG_98k),P2,EXT_2022
NEH3_2022,317,0.3200310383780801,0.28690703259596334,0.1875,1,new,D_noEC(MG_98k),P2,EXT_2022
NYH2_2022,408,0.22712109068588918,0.17203813762270317,0.0975609756097561,1,new,D_noEC(MG_98k),P2,EXT_2022
NYH3_2022,416,0.2198850470749552,0.21507097171879364,0.07142857142857142,1,new,D_noEC(MG_98k),P2,EXT_2022
OHH1_2022,411,0.23681647636994585,0.20609971791148263,0.024390243902439025,1,new,D_noEC(MG_98k),P2,EXT_2022
SCH1_2022,315,0.026469306037152633,0.052715038728718765,0.0625,1,new,D_noEC(MG_98k),P2,EXT_2022
TXH1_2022,316,0.22278546448955763,0.19569696230996608,0.15625,1,new,D_noEC(MG_98k),P2,EXT_2022
TXH2_2022,316,0.11302175897359235,0.11423496618862738,0.125,1,new,D_noEC(MG_98k),P2,EXT_2022
TXH3_2022,313,0.28616238247420234,0.24693655086890276,0.03225806451612903,1,new,D_noEC(MG_98k),P2,EXT_2022
WIH1_2022,406,0.29891190537088247,0.2051298258203825,0.0975609756097561,1,new,D_noEC(MG_98k),P2,EXT_2022
WIH2_2022,482,0.22294622893376162,0.19415542176937847,0.08333333333333333,1,new,D_noEC(MG_98k),P2,EXT_2022
WIH3_2022,404,0.2939881675281857,0.19005074429424262,0.075,1,new,D_noEC(MG_98k),P2,EXT_2022
DEH1_2023,505,0.5632905179374817,0.5006893352539294,0.24,14,all,MG_2k,P1,EXT_2023
GAH1_2023,435,0.2864420176732078,0.25728676666273775,0.045454545454545456,14,all,MG_2k,P1,EXT_2023
GAH2_2023,442,0.4139379631071029,0.3352778051854744,0.1590909090909091,14,all,MG_2k,P1,EXT_2023
IAH1_2023,517,0.6747390809113835,0.6348836197535258,0.23076923076923078,14,all,MG_2k,P1,EXT_2023
IAH2_2023,517,0.6424366474025305,0.5941666237359902,0.2692307692307692,14,all,MG_2k,P1,EXT_2023
IAH3_2023,513,0.5589202004586109,0.5362065771386954,0.2549019607843137,14,all,MG_2k,P1,EXT_2023
IAH4_2023,515,0.4371058901162192,0.44588421430773606,0.15384615384615385,14,all,MG_2k,P1,EXT_2023
ILH1_2023,449,0.5220908243647958,0.4348424841091135,0.15555555555555556,14,all,MG_2k,P1,EXT_2023
INH1_2023,455,0.5902687009463533,0.5603570804795481,0.17391304347826086,14,all,MG_2k,P1,EXT_2023
MIH1_2023,500,0.43468019855281903,0.37485839942000576,0.28,14,all,MG_2k,P1,EXT_2023
MNH1_2023,449,0.5437149076275967,0.4954690481317298,0.2,14,all,MG_2k,P1,EXT_2023
MOH1_2023,524,0.4645208745681136,0.42228742084738835,0.11538461538461539,14,all,MG_2k,P1,EXT_2023
MOH2_2023,456,0.5031048779611076,0.4323329340645961,0.17391304347826086,14,all,MG_2k,P1,EXT_2023
NCH1_2023,489,0.22321571242612406,0.22874661665233204,0.08163265306122448,14,all,MG_2k,P1,EXT_2023
NEH1_2023,342,0.36148002242096305,0.31064839668145167,0.20588235294117646,14,all,MG_2k,P1,EXT_2023
NEH3_2023,346,0.25850548715683425,0.22525448807970955,0.14285714285714285,14,all,MG_2k,P1,EXT_2023
NYH2_2023,425,0.44170507664348957,0.3992204436080588,0.2619047619047619,14,all,MG_2k,P1,EXT_2023
NYH3_2023,418,0.42196509235225194,0.4081550935693038,0.14285714285714285,14,all,MG_2k,P1,EXT_2023
OHH1_2023,426,0.48005604822733877,0.4234469036406495,0.2558139534883721,14,all,MG_2k,P1,EXT_2023
SCH1_2023,433,0.19166513912401326,0.21426234095929894,0.13953488372093023,14,all,MG_2k,P1,EXT_2023
TXH1_2023,346,0.35409320678443923,0.27360284143047836,0.2,14,all,MG_2k,P1,EXT_2023
TXH2_2023,334,0.2988681972766167,0.2733320187645709,0.15151515151515152,14,all,MG_2k,P1,EXT_2023
TXH3_2023,341,0.24433870154873172,0.23243538846230705,0.17647058823529413,14,all,MG_2k,P1,EXT_2023
WIH1_2023,407,0.11328721677127876,0.08402036051405892,0.12195121951219512,14,all,MG_2k,P1,EXT_2023
WIH2_2023,437,0.5592285826070877,0.5087941415072688,0.20454545454545456,14,all,MG_2k,P1,EXT_2023
WIH3_2023,431,0.49857854421058373,0.49068204843927415,0.3023255813953488,14,all,MG_2k,P1,EXT_2023
DEH1_2023,505,0.5905382727599423,0.5493096642578001,0.24,11,all,MG_2k,P2,EXT_2023
GAH1_2023,435,0.3057778028965338,0.2730161277942528,0.11363636363636363,11,all,MG_2k,P2,EXT_2023
GAH2_2023,442,0.43638178496751495,0.361680727973129,0.22727272727272727,11,all,MG_2k,P2,EXT_2023
IAH1_2023,517,0.6848374753144228,0.6493056366649361,0.21153846153846154,11,all,MG_2k,P2,EXT_2023
IAH2_2023,517,0.6617801990268848,0.6072207224161328,0.2692307692307692,11,all,MG_2k,P2,EXT_2023
IAH3_2023,513,0.5442792357113421,0.5152673807385216,0.21568627450980393,11,all,MG_2k,P2,EXT_2023
IAH4_2023,515,0.47042521021048167,0.49843554099445053,0.2692307692307692,11,all,MG_2k,P2,EXT_2023
ILH1_2023,449,0.5597462108258221,0.49209478325791306,0.17777777777777778,11,all,MG_2k,P2,EXT_2023
INH1_2023,455,0.6213461872667749,0.6231747137041252,0.21739130434782608,11,all,MG_2k,P2,EXT_2023
MIH1_2023,500,0.42582554815658596,0.36675865424344944,0.26,11,all,MG_2k,P2,EXT_2023
MNH1_2023,449,0.5492202919507617,0.5124231265385757,0.2,11,all,MG_2k,P2,EXT_2023
MOH1_2023,524,0.4711529032959058,0.4308987186975207,0.11538461538461539,11,all,MG_2k,P2,EXT_2023
MOH2_2023,456,0.5399746248794232,0.48113944029943445,0.21739130434782608,11,all,MG_2k,P2,EXT_2023
NCH1_2023,489,0.23063412807347644,0.24227567138494716,0.12244897959183673,11,all,MG_2k,P2,EXT_2023
NEH1_2023,342,0.40772346677191595,0.36894213509715396,0.23529411764705882,11,all,MG_2k,P2,EXT_2023
NEH3_2023,346,0.25428750556337265,0.2373543234546209,0.11428571428571428,11,all,MG_2k,P2,EXT_2023
NYH2_2023,425,0.46694441392388186,0.41238969268847214,0.38095238095238093,11,all,MG_2k,P2,EXT_2023
NYH3_2023,418,0.42560949550168625,0.39972649528834486,0.19047619047619047,11,all,MG_2k,P2,EXT_2023
OHH1_2023,426,0.43714972436373506,0.3734478369166159,0.20930232558139536,11,all,MG_2k,P2,EXT_2023
SCH1_2023,433,0.22018546118797172,0.25018439060158415,0.23255813953488372,11,all,MG_2k,P2,EXT_2023
TXH1_2023,346,0.39547760655446573,0.34033502979982083,0.14285714285714285,11,all,MG_2k,P2,EXT_2023
TXH2_2023,334,0.3009713043476466,0.27694496259155543,0.06060606060606061,11,all,MG_2k,P2,EXT_2023
TXH3_2023,341,0.2725604795098611,0.2462625813869006,0.20588235294117646,11,all,MG_2k,P2,EXT_2023
WIH1_2023,407,0.1600987438355266,0.13166866240286637,0.12195121951219512,11,all,MG_2k,P2,EXT_2023
WIH2_2023,437,0.5866280402587085,0.5486506111386008,0.13636363636363635,11,all,MG_2k,P2,EXT_2023
WIH3_2023,431,0.510375406459371,0.4949326497878147,0.23255813953488372,11,all,MG_2k,P2,EXT_2023
DEH1_2023,505,0.591231973261297,0.5381587973585901,0.24,12,all,MG_2k,P3,EXT_2023
GAH1_2023,435,0.2972002691248342,0.26139166289263177,0.06818181818181818,12,all,MG_2k,P3,EXT_2023
GAH2_2023,442,0.4375752044123399,0.3622213158381127,0.20454545454545456,12,all,MG_2k,P3,EXT_2023
IAH1_2023,517,0.6842228818250481,0.6479913390959828,0.23076923076923078,12,all,MG_2k,P3,EXT_2023
IAH2_2023,517,0.6625186170455825,0.612523069410239,0.28846153846153844,12,all,MG_2k,P3,EXT_2023
IAH3_2023,513,0.5476878799165341,0.5231323233439465,0.23529411764705882,12,all,MG_2k,P3,EXT_2023
IAH4_2023,515,0.4588441277178919,0.48414504368932604,0.25,12,all,MG_2k,P3,EXT_2023
ILH1_2023,449,0.5553258476852863,0.47837421237414646,0.2,12,all,MG_2k,P3,EXT_2023
INH1_2023,455,0.6213330274974973,0.6120106618644211,0.21739130434782608,12,all,MG_2k,P3,EXT_2023
MIH1_2023,500,0.43340848411346955,0.3729248555002098,0.22,12,all,MG_2k,P3,EXT_2023
MNH1_2023,449,0.5450547646745603,0.5033151879611834,0.24444444444444444,12,all,MG_2k,P3,EXT_2023
MOH1_2023,524,0.47092056289391115,0.4284045095185266,0.1346153846153846,12,all,MG_2k,P3,EXT_2023
MOH2_2023,456,0.5306654438933449,0.4677965788518043,0.21739130434782608,12,all,MG_2k,P3,EXT_2023
NCH1_2023,489,0.23857203819904382,0.25068523878672827,0.14285714285714285,12,all,MG_2k,P3,EXT_2023
NEH1_2023,342,0.39976599540857366,0.3512766295414159,0.20588235294117646,12,all,MG_2k,P3,EXT_2023
NEH3_2023,346,0.25145525952103165,0.2272546141015548,0.14285714285714285,12,all,MG_2k,P3,EXT_2023
NYH2_2023,425,0.46099243054843625,0.4126892034159702,0.3333333333333333,12,all,MG_2k,P3,EXT_2023
NYH3_2023,418,0.42578737446318937,0.40173538953143706,0.16666666666666666,12,all,MG_2k,P3,EXT_2023
OHH1_2023,426,0.4510502507504232,0.38534029511933793,0.2558139534883721,12,all,MG_2k,P3,EXT_2023
SCH1_2023,433,0.21665085489099895,0.2429943489024611,0.18604651162790697,12,all,MG_2k,P3,EXT_2023
TXH1_2023,346,0.3848784916093717,0.32433662897358106,0.17142857142857143,12,all,MG_2k,P3,EXT_2023
TXH2_2023,334,0.3008494883662462,0.2810406843465707,0.06060606060606061,12,all,MG_2k,P3,EXT_2023
TXH3_2023,341,0.2704516383644368,0.24997851275604024,0.2647058823529412,12,all,MG_2k,P3,EXT_2023
WIH1_2023,407,0.15181652462312395,0.1234198864321532,0.12195121951219512,12,all,MG_2k,P3,EXT_2023
WIH2_2023,437,0.5822264863516731,0.5358442891706227,0.18181818181818182,12,all,MG_2k,P3,EXT_2023
WIH3_2023,431,0.5069823675685008,0.49254441720657577,0.2558139534883721,12,all,MG_2k,P3,EXT_2023
DEH1_2023,505,0.5454618876541341,0.514141208704905,0.18,3,all,D_noEC(MG_2k),P3,EXT_2023
GAH1_2023,435,0.2870001846609671,0.2609271887161058,0.1590909090909091,3,all,D_noEC(MG_2k),P3,EXT_2023
GAH2_2023,442,0.407906441213996,0.3583238718876244,0.2727272727272727,3,all,D_noEC(MG_2k),P3,EXT_2023
IAH1_2023,517,0.6315295957658972,0.6205601238887115,0.19230769230769232,3,all,D_noEC(MG_2k),P3,EXT_2023
IAH2_2023,517,0.6007586883058306,0.5780834485568888,0.23076923076923078,3,all,D_noEC(MG_2k),P3,EXT_2023
IAH3_2023,513,0.49616932772287975,0.4826912087173901,0.13725490196078433,3,all,D_noEC(MG_2k),P3,EXT_2023
IAH4_2023,515,0.46425804840897394,0.4935788549114051,0.25,3,all,D_noEC(MG_2k),P3,EXT_2023
ILH1_2023,449,0.5088797950536328,0.47175082906632787,0.24444444444444444,3,all,D_noEC(MG_2k),P3,EXT_2023
INH1_2023,455,0.5716328739680548,0.5800197817510302,0.2826086956521739,3,all,D_noEC(MG_2k),P3,EXT_2023
MIH1_2023,500,0.39847607706671256,0.36078164378533467,0.14,3,all,D_noEC(MG_2k),P3,EXT_2023
MNH1_2023,449,0.5070736569376972,0.49358629274002747,0.17777777777777778,3,all,D_noEC(MG_2k),P3,EXT_2023
MOH1_2023,524,0.4472957725649686,0.41852209147052766,0.1346153846153846,3,all,D_noEC(MG_2k),P3,EXT_2023
MOH2_2023,456,0.5202537225313821,0.46360055525966004,0.2608695652173913,3,all,D_noEC(MG_2k),P3,EXT_2023
NCH1_2023,489,0.2192136580309622,0.22590993730359837,0.10204081632653061,3,all,D_noEC(MG_2k),P3,EXT_2023
NEH1_2023,342,0.3512515488639884,0.3171482779604467,0.3235294117647059,3,all,D_noEC(MG_2k),P3,EXT_2023
NEH3_2023,346,0.229602289119246,0.2333975272196322,0.22857142857142856,3,all,D_noEC(MG_2k),P3,EXT_2023
NYH2_2023,425,0.44694832298244747,0.39942709975719887,0.35714285714285715,3,all,D_noEC(MG_2k),P3,EXT_2023
NYH3_2023,418,0.41444407103249065,0.38201539749701946,0.23809523809523808,3,all,D_noEC(MG_2k),P3,EXT_2023
OHH1_2023,426,0.3865768724504224,0.354393562514621,0.11627906976744186,3,all,D_noEC(MG_2k),P3,EXT_2023
SCH1_2023,433,0.21730637027920333,0.2313004427333033,0.23255813953488372,3,all,D_noEC(MG_2k),P3,EXT_2023
TXH1_2023,346,0.37188013562084565,0.34564648844473833,0.2,3,all,D_noEC(MG_2k),P3,EXT_2023
TXH2_2023,334,0.2919508825097025,0.2966403052419016,0.18181818181818182,3,all,D_noEC(MG_2k),P3,EXT_2023
TXH3_2023,341,0.272336208664257,0.24873694347299302,0.17647058823529413,3,all,D_noEC(MG_2k),P3,EXT_2023
WIH1_2023,407,0.12706387963272,0.09912129759786338,0.12195121951219512,3,all,D_noEC(MG_2k),P3,EXT_2023
WIH2_2023,437,0.5728645852427281,0.5577859684150398,0.18181818181818182,3,all,D_noEC(MG_2k),P3,EXT_2023
WIH3_2023,431,0.5154774869891549,0.5161305746004555,0.3023255813953488,3,all,D_noEC(MG_2k),P3,EXT_2023
DEH1_2023,505,0.5509786899535383,0.5154329217572284,0.18,2,all,D_noEC(MG_2k),P2,EXT_2023
GAH1_2023,435,0.2870259889698018,0.25927805755324895,0.1590909090909091,2,all,D_noEC(MG_2k),P2,EXT_2023
GAH2_2023,442,0.4091852247836342,0.358535243132519,0.25,2,all,D_noEC(MG_2k),P2,EXT_2023
IAH1_2023,517,0.6310428808736203,0.6208418272937993,0.21153846153846154,2,all,D_noEC(MG_2k),P2,EXT_2023
IAH2_2023,517,0.6069804342418998,0.58241481218072,0.21153846153846154,2,all,D_noEC(MG_2k),P2,EXT_2023
IAH3_2023,513,0.5013353679758022,0.4895107692200348,0.13725490196078433,2,all,D_noEC(MG_2k),P2,EXT_2023
IAH4_2023,515,0.4641861394908739,0.4932525654062096,0.2692307692307692,2,all,D_noEC(MG_2k),P2,EXT_2023
ILH1_2023,449,0.5102845768545156,0.46733128519706046,0.2,2,all,D_noEC(MG_2k),P2,EXT_2023
INH1_2023,455,0.5748370857790056,0.580992690255718,0.2391304347826087,2,all,D_noEC(MG_2k),P2,EXT_2023
MIH1_2023,500,0.4013961432497612,0.36227819380745196,0.16,2,all,D_noEC(MG_2k),P2,EXT_2023
MNH1_2023,449,0.5117479198998854,0.4945454347805123,0.17777777777777778,2,all,D_noEC(MG_2k),P2,EXT_2023
MOH1_2023,524,0.4482256439377674,0.4191344883091838,0.17307692307692307,2,all,D_noEC(MG_2k),P2,EXT_2023
MOH2_2023,456,0.5121741369402578,0.4544188507324916,0.2391304347826087,2,all,D_noEC(MG_2k),P2,EXT_2023
NCH1_2023,489,0.22147795969653766,0.2292774998429185,0.10204081632653061,2,all,D_noEC(MG_2k),P2,EXT_2023
NEH1_2023,342,0.353167797110666,0.3193415041583851,0.3235294117647059,2,all,D_noEC(MG_2k),P2,EXT_2023
NEH3_2023,346,0.2318123362307801,0.2351099757878719,0.2571428571428571,2,all,D_noEC(MG_2k),P2,EXT_2023
NYH2_2023,425,0.44801116899567883,0.40031422051844695,0.3333333333333333,2,all,D_noEC(MG_2k),P2,EXT_2023
NYH3_2023,418,0.4169907055376344,0.38641026955478175,0.23809523809523808,2,all,D_noEC(MG_2k),P2,EXT_2023
OHH1_2023,426,0.3931907137713713,0.35761280192303513,0.11627906976744186,2,all,D_noEC(MG_2k),P2,EXT_2023
SCH1_2023,433,0.21788661554423097,0.23270823758430548,0.20930232558139536,2,all,D_noEC(MG_2k),P2,EXT_2023
TXH1_2023,346,0.3665899318513369,0.33842847861938,0.2,2,all,D_noEC(MG_2k),P2,EXT_2023
TXH2_2023,334,0.29007561973924384,0.29776641132953324,0.18181818181818182,2,all,D_noEC(MG_2k),P2,EXT_2023
TXH3_2023,341,0.2732591605129448,0.24663815420353957,0.17647058823529413,2,all,D_noEC(MG_2k),P2,EXT_2023
WIH1_2023,407,0.12719071498266407,0.10010799669468706,0.12195121951219512,2,all,D_noEC(MG_2k),P2,EXT_2023
WIH2_2023,437,0.5719041274220471,0.5547614160352036,0.18181818181818182,2,all,D_noEC(MG_2k),P2,EXT_2023
WIH3_2023,431,0.5166589362981256,0.516843716976603,0.27906976744186046,2,all,D_noEC(MG_2k),P2,EXT_2023
DEH1_2023,505,0.5731456030415726,0.518195608380714,0.24,14,all,MG_98k,P1,EXT_2023
GAH1_2023,435,0.30153359872663227,0.26802498873894376,0.09090909090909091,14,all,MG_98k,P1,EXT_2023
GAH2_2023,442,0.41536562558177287,0.34604765142895694,0.1590909090909091,14,all,MG_98k,P1,EXT_2023
IAH1_2023,517,0.6894397913395715,0.6665538347873824,0.23076923076923078,14,all,MG_98k,P1,EXT_2023
IAH2_2023,517,0.6615615843295966,0.6219439788404618,0.36538461538461536,14,all,MG_98k,P1,EXT_2023
IAH3_2023,513,0.5678135755681863,0.5556474631374156,0.2549019607843137,14,all,MG_98k,P1,EXT_2023
IAH4_2023,515,0.45284156864504915,0.4639102203113016,0.25,14,all,MG_98k,P1,EXT_2023
ILH1_2023,449,0.528448994987151,0.44425014875982094,0.2222222222222222,14,all,MG_98k,P1,EXT_2023
INH1_2023,455,0.604957386530669,0.5867842607308109,0.2391304347826087,14,all,MG_98k,P1,EXT_2023
MIH1_2023,500,0.4429767002300428,0.3920067200268801,0.24,14,all,MG_98k,P1,EXT_2023
MNH1_2023,449,0.5500169774123507,0.5099236398345528,0.2,14,all,MG_98k,P1,EXT_2023
MOH1_2023,524,0.4861060537810359,0.44030693737595034,0.1346153846153846,14,all,MG_98k,P1,EXT_2023
MOH2_2023,456,0.5289833078628464,0.4742394311986838,0.21739130434782608,14,all,MG_98k,P1,EXT_2023
NCH1_2023,489,0.2356357627763128,0.2456163396667126,0.10204081632653061,14,all,MG_98k,P1,EXT_2023
NEH1_2023,342,0.3738153135953149,0.32439093424506266,0.20588235294117646,14,all,MG_98k,P1,EXT_2023
NEH3_2023,346,0.2724709198247928,0.2572417294542747,0.22857142857142856,14,all,MG_98k,P1,EXT_2023
NYH2_2023,425,0.45229003565152925,0.42073220678119777,0.2619047619047619,14,all,MG_98k,P1,EXT_2023
NYH3_2023,418,0.43687216033202325,0.42689029665837047,0.16666666666666666,14,all,MG_98k,P1,EXT_2023
OHH1_2023,426,0.4769552508391182,0.4179657440778314,0.18604651162790697,14,all,MG_98k,P1,EXT_2023
SCH1_2023,433,0.19569551618905526,0.22102954824406448,0.20930232558139536,14,all,MG_98k,P1,EXT_2023
TXH1_2023,346,0.3712858033656578,0.2934754724551735,0.2,14,all,MG_98k,P1,EXT_2023
TXH2_2023,334,0.3201068665225699,0.2988551576842418,0.15151515151515152,14,all,MG_98k,P1,EXT_2023
TXH3_2023,341,0.2565032473972098,0.24139768773059728,0.23529411764705882,14,all,MG_98k,P1,EXT_2023
WIH1_2023,407,0.11724687398652026,0.0833026927397168,0.14634146341463414,14,all,MG_98k,P1,EXT_2023
WIH2_2023,437,0.5796405482807429,0.531616827303767,0.20454545454545456,14,all,MG_98k,P1,EXT_2023
WIH3_2023,431,0.5010691180444677,0.5060334008567828,0.37209302325581395,14,all,MG_98k,P1,EXT_2023
DEH1_2023,505,0.6033589277225282,0.5615231088326225,0.24,12,all,MG_98k,P2,EXT_2023
GAH1_2023,435,0.31114260903945,0.2736559725476238,0.1590909090909091,12,all,MG_98k,P2,EXT_2023
GAH2_2023,442,0.4312030147892837,0.35928427141943,0.25,12,all,MG_98k,P2,EXT_2023
IAH1_2023,517,0.698869868761068,0.6744791309363303,0.2692307692307692,12,all,MG_98k,P2,EXT_2023
IAH2_2023,517,0.6676498272757565,0.625454503456392,0.28846153846153844,12,all,MG_98k,P2,EXT_2023
IAH3_2023,513,0.5507499029281874,0.5265189816711039,0.23529411764705882,12,all,MG_98k,P2,EXT_2023
IAH4_2023,515,0.48012771177667324,0.5142374322756013,0.28846153846153844,12,all,MG_98k,P2,EXT_2023
ILH1_2023,449,0.5612404485612436,0.502012839511935,0.17777777777777778,12,all,MG_98k,P2,EXT_2023
INH1_2023,455,0.6309692612164703,0.636788405815198,0.30434782608695654,12,all,MG_98k,P2,EXT_2023
MIH1_2023,500,0.4344011819041632,0.3850261481045924,0.22,12,all,MG_98k,P2,EXT_2023
MNH1_2023,449,0.5542463359068008,0.5314919397603138,0.17777777777777778,12,all,MG_98k,P2,EXT_2023
MOH1_2023,524,0.48190916890946084,0.4329802776319881,0.15384615384615385,12,all,MG_98k,P2,EXT_2023
MOH2_2023,456,0.5590784597944388,0.5053190498104623,0.2391304347826087,12,all,MG_98k,P2,EXT_2023
NCH1_2023,489,0.22669020233029552,0.24408916538555486,0.10204081632653061,12,all,MG_98k,P2,EXT_2023
NEH1_2023,342,0.4026420094846766,0.35909226654523074,0.20588235294117646,12,all,MG_98k,P2,EXT_2023
NEH3_2023,346,0.2570526868045632,0.24239432814784823,0.2571428571428571,12,all,MG_98k,P2,EXT_2023
NYH2_2023,425,0.468212319913961,0.42934829844773414,0.30952380952380953,12,all,MG_98k,P2,EXT_2023
NYH3_2023,418,0.43316002671489423,0.4196025613256782,0.23809523809523808,12,all,MG_98k,P2,EXT_2023
OHH1_2023,426,0.4509909832360077,0.3938696072658651,0.18604651162790697,12,all,MG_98k,P2,EXT_2023
SCH1_2023,433,0.21543416836787738,0.24488534358345723,0.20930232558139536,12,all,MG_98k,P2,EXT_2023
TXH1_2023,346,0.4021140630680217,0.34805886523846735,0.22857142857142856,12,all,MG_98k,P2,EXT_2023
TXH2_2023,334,0.32701304071757953,0.30874421457562706,0.18181818181818182,12,all,MG_98k,P2,EXT_2023
TXH3_2023,341,0.27126107705209485,0.25470752229093263,0.23529411764705882,12,all,MG_98k,P2,EXT_2023
WIH1_2023,407,0.15377537209873562,0.12212062780829785,0.0975609756097561,12,all,MG_98k,P2,EXT_2023
WIH2_2023,437,0.6094873542341838,0.5761342852893763,0.20454545454545456,12,all,MG_98k,P2,EXT_2023
WIH3_2023,431,0.5244883729615389,0.5224165648369191,0.27906976744186046,12,all,MG_98k,P2,EXT_2023
DEH1_2023,505,0.5730403853292215,0.5660980073162597,0.26,9,all,MG_98k,P3,EXT_2023
GAH1_2023,435,0.32650991359491266,0.30131295954704895,0.22727272727272727,9,all,MG_98k,P3,EXT_2023
GAH2_2023,442,0.4317238154366135,0.3600297684633768,0.25,9,all,MG_98k,P3,EXT_2023
IAH1_2023,517,0.6666224488366497,0.6509349270358671,0.25,9,all,MG_98k,P3,EXT_2023
IAH2_2023,517,0.634210715712306,0.5877017750028217,0.34615384615384615,9,all,MG_98k,P3,EXT_2023
IAH3_2023,513,0.5278787955686944,0.4933178565943069,0.21568627450980393,9,all,MG_98k,P3,EXT_2023
IAH4_2023,515,0.47712543364970833,0.5235627755867984,0.3076923076923077,9,all,MG_98k,P3,EXT_2023
ILH1_2023,449,0.5691463575550297,0.5268088163384792,0.24444444444444444,9,all,MG_98k,P3,EXT_2023
INH1_2023,455,0.6215415357126982,0.6375113671335507,0.30434782608695654,9,all,MG_98k,P3,EXT_2023
MIH1_2023,500,0.41240775424961224,0.3734833499333997,0.18,9,all,MG_98k,P3,EXT_2023
MNH1_2023,449,0.5458996425279371,0.5312706808781419,0.17777777777777778,9,all,MG_98k,P3,EXT_2023
MOH1_2023,524,0.4798921476268708,0.44274038592760057,0.17307692307692307,9,all,MG_98k,P3,EXT_2023
MOH2_2023,456,0.5595195656260966,0.5014434706701598,0.2608695652173913,9,all,MG_98k,P3,EXT_2023
NCH1_2023,489,0.18713657392327596,0.22262929309307955,0.1836734693877551,9,all,MG_98k,P3,EXT_2023
NEH1_2023,342,0.39019914286947976,0.3507087486506079,0.2647058823529412,9,all,MG_98k,P3,EXT_2023
NEH3_2023,346,0.25066668934558883,0.23696814616795817,0.22857142857142856,9,all,MG_98k,P3,EXT_2023
NYH2_2023,425,0.4631702850262115,0.41952087664723076,0.30952380952380953,9,all,MG_98k,P3,EXT_2023
NYH3_2023,418,0.40915936712995554,0.40330959418456674,0.2857142857142857,9,all,MG_98k,P3,EXT_2023
OHH1_2023,426,0.4078463761985073,0.36112019810131896,0.18604651162790697,9,all,MG_98k,P3,EXT_2023
SCH1_2023,433,0.20740752435655457,0.24090400706381293,0.18604651162790697,9,all,MG_98k,P3,EXT_2023
TXH1_2023,346,0.40690718743434323,0.35793231468089315,0.22857142857142856,9,all,MG_98k,P3,EXT_2023
TXH2_2023,334,0.3307356821711355,0.30964326366575246,0.18181818181818182,9,all,MG_98k,P3,EXT_2023
TXH3_2023,341,0.2718154404836851,0.2542889749860078,0.2647058823529412,9,all,MG_98k,P3,EXT_2023
WIH1_2023,407,0.16405844061467412,0.1425288428366046,0.17073170731707318,9,all,MG_98k,P3,EXT_2023
WIH2_2023,437,0.6076531709913859,0.5835404408945669,0.20454545454545456,9,all,MG_98k,P3,EXT_2023
WIH3_2023,431,0.5299503645802586,0.5270755966487559,0.27906976744186046,9,all,MG_98k,P3,EXT_2023
DEH1_2023,505,0.5461990026098438,0.5428658083199626,0.28,0,all,D_noEC(MG_98k),P3,EXT_2023
GAH1_2023,435,0.30687478515112915,0.2904199033737759,0.20454545454545456,0,all,D_noEC(MG_98k),P3,EXT_2023
GAH2_2023,442,0.40827864398531616,0.3531552698577356,0.25,0,all,D_noEC(MG_98k),P3,EXT_2023
IAH1_2023,517,0.6497611871107166,0.6356800453782145,0.23076923076923078,0,all,D_noEC(MG_98k),P3,EXT_2023
IAH2_2023,517,0.6062101765240681,0.5809608660868721,0.34615384615384615,0,all,D_noEC(MG_98k),P3,EXT_2023
IAH3_2023,513,0.5073379372501591,0.48140898056181314,0.17647058823529413,0,all,D_noEC(MG_98k),P3,EXT_2023
IAH4_2023,515,0.45730826388222595,0.4849271646988851,0.2692307692307692,0,all,D_noEC(MG_98k),P3,EXT_2023
ILH1_2023,449,0.5224453349743333,0.49311462596210104,0.17777777777777778,0,all,D_noEC(MG_98k),P3,EXT_2023
INH1_2023,455,0.5805715094366658,0.6054161522998622,0.2826086956521739,0,all,D_noEC(MG_98k),P3,EXT_2023
MIH1_2023,500,0.3920528555331727,0.3587749390997564,0.16,0,all,D_noEC(MG_98k),P3,EXT_2023
MNH1_2023,449,0.5205876381739013,0.5087820818750662,0.15555555555555556,0,all,D_noEC(MG_98k),P3,EXT_2023
MOH1_2023,524,0.4658874939331263,0.4422977170609482,0.19230769230769232,0,all,D_noEC(MG_98k),P3,EXT_2023
MOH2_2023,456,0.5373143945415029,0.48568481130946306,0.30434782608695654,0,all,D_noEC(MG_98k),P3,EXT_2023
NCH1_2023,489,0.19102446872154616,0.22140578850468082,0.14285714285714285,0,all,D_noEC(MG_98k),P3,EXT_2023
NEH1_2023,342,0.3367932962273111,0.31298381809452114,0.2647058823529412,0,all,D_noEC(MG_98k),P3,EXT_2023
NEH3_2023,346,0.21712911716091027,0.2069627793755835,0.17142857142857143,0,all,D_noEC(MG_98k),P3,EXT_2023
NYH2_2023,425,0.4760434050774882,0.42389113817198415,0.30952380952380953,0,all,D_noEC(MG_98k),P3,EXT_2023
NYH3_2023,418,0.40681862773645894,0.38511461430041355,0.2619047619047619,0,all,D_noEC(MG_98k),P3,EXT_2023
OHH1_2023,426,0.35603823644803,0.3345685948496835,0.16279069767441862,0,all,D_noEC(MG_98k),P3,EXT_2023
SCH1_2023,433,0.2285686113868928,0.25303699873640545,0.18604651162790697,0,all,D_noEC(MG_98k),P3,EXT_2023
TXH1_2023,346,0.377807190561882,0.3543205575669962,0.2,0,all,D_noEC(MG_98k),P3,EXT_2023
TXH2_2023,334,0.3056752514252727,0.3055836133770076,0.15151515151515152,0,all,D_noEC(MG_98k),P3,EXT_2023
TXH3_2023,341,0.27614702392409973,0.2544354514108694,0.2647058823529412,0,all,D_noEC(MG_98k),P3,EXT_2023
WIH1_2023,407,0.13906070841984752,0.12020587809029291,0.14634146341463414,0,all,D_noEC(MG_98k),P3,EXT_2023
WIH2_2023,437,0.5752936248440295,0.5752772041915375,0.18181818181818182,0,all,D_noEC(MG_98k),P3,EXT_2023
WIH3_2023,431,0.5136551848676966,0.5067767445898591,0.32558139534883723,0,all,D_noEC(MG_98k),P3,EXT_2023
DEH1_2023,505,0.5461990026098438,0.5428658083199626,0.28,0,all,D_noEC(MG_98k),P2,EXT_2023
GAH1_2023,435,0.30687478515112915,0.2904199033737759,0.20454545454545456,0,all,D_noEC(MG_98k),P2,EXT_2023
GAH2_2023,442,0.40827864398531616,0.3531552698577356,0.25,0,all,D_noEC(MG_98k),P2,EXT_2023
IAH1_2023,517,0.6497611871107166,0.6356800453782145,0.23076923076923078,0,all,D_noEC(MG_98k),P2,EXT_2023
IAH2_2023,517,0.6062101765240681,0.5809608660868721,0.34615384615384615,0,all,D_noEC(MG_98k),P2,EXT_2023
IAH3_2023,513,0.5073379372501591,0.48140898056181314,0.17647058823529413,0,all,D_noEC(MG_98k),P2,EXT_2023
IAH4_2023,515,0.45730826388222595,0.4849271646988851,0.2692307692307692,0,all,D_noEC(MG_98k),P2,EXT_2023
ILH1_2023,449,0.5224453349743333,0.49311462596210104,0.17777777777777778,0,all,D_noEC(MG_98k),P2,EXT_2023
INH1_2023,455,0.5805715094366658,0.6054161522998622,0.2826086956521739,0,all,D_noEC(MG_98k),P2,EXT_2023
MIH1_2023,500,0.3920528555331727,0.3587749390997564,0.16,0,all,D_noEC(MG_98k),P2,EXT_2023
MNH1_2023,449,0.5205876381739013,0.5087820818750662,0.15555555555555556,0,all,D_noEC(MG_98k),P2,EXT_2023
MOH1_2023,524,0.4658874939331263,0.4422977170609482,0.19230769230769232,0,all,D_noEC(MG_98k),P2,EXT_2023
MOH2_2023,456,0.5373143945415029,0.48568481130946306,0.30434782608695654,0,all,D_noEC(MG_98k),P2,EXT_2023
NCH1_2023,489,0.19102446872154616,0.22140578850468082,0.14285714285714285,0,all,D_noEC(MG_98k),P2,EXT_2023
NEH1_2023,342,0.3367932962273111,0.31298381809452114,0.2647058823529412,0,all,D_noEC(MG_98k),P2,EXT_2023
NEH3_2023,346,0.21712911716091027,0.2069627793755835,0.17142857142857143,0,all,D_noEC(MG_98k),P2,EXT_2023
NYH2_2023,425,0.4760434050774882,0.42389113817198415,0.30952380952380953,0,all,D_noEC(MG_98k),P2,EXT_2023
NYH3_2023,418,0.40681862773645894,0.38511461430041355,0.2619047619047619,0,all,D_noEC(MG_98k),P2,EXT_2023
OHH1_2023,426,0.35603823644803,0.3345685948496835,0.16279069767441862,0,all,D_noEC(MG_98k),P2,EXT_2023
SCH1_2023,433,0.2285686113868928,0.25303699873640545,0.18604651162790697,0,all,D_noEC(MG_98k),P2,EXT_2023
TXH1_2023,346,0.377807190561882,0.3543205575669962,0.2,0,all,D_noEC(MG_98k),P2,EXT_2023
TXH2_2023,334,0.3056752514252727,0.3055836133770076,0.15151515151515152,0,all,D_noEC(MG_98k),P2,EXT_2023
TXH3_2023,341,0.27614702392409973,0.2544354514108694,0.2647058823529412,0,all,D_noEC(MG_98k),P2,EXT_2023
WIH1_2023,407,0.13906070841984752,0.12020587809029291,0.14634146341463414,0,all,D_noEC(MG_98k),P2,EXT_2023
WIH2_2023,437,0.5752936248440295,0.5752772041915375,0.18181818181818182,0,all,D_noEC(MG_98k),P2,EXT_2023
WIH3_2023,431,0.5136551848676966,0.5067767445898591,0.32558139534883723,0,all,D_noEC(MG_98k),P2,EXT_2023
