range,metric,scope,N,resolution,est,se,lo,hi,tau2,k,years_positive,judgement
all48,spearman,all,118438,0.008717174147157603,0.0036233434820668034,0.001961144500737523,-0.00022042910785752658,0.007467116071991133,0.00012734803376070175,48,33,tied
orig31,spearman,all,87294,0.010153810585530542,0.006874960462846561,0.002541430770065588,0.001893847684316113,0.011856073241377009,0.00012640957311541427,31,22,"detectable, below resolution"
new17,spearman,all,31144,0.016999418252085112,-0.0011005912008327395,0.0029637027046978295,-0.006909341762924433,0.004708159361258953,0.00011635004445887302,17,11,tied
G2F,spearman,all,53638,0.01295343549437951,0.03418115703421337,0.006520322373901519,0.021401560013775685,0.046960754054651055,2.6847832377986164e-05,5,5,resolved gain
NUST,spearman,all,32740,0.016579900395626457,0.004148697540071143,0.002483680425230996,-0.0007192266424887357,0.009016621722631022,5.4625389237081205e-05,15,11,tied
URSN,spearman,all,916,0.09912279006826347,0.003181123906800121,0.005626865905959478,-0.007847330614716798,0.014209578428317039,0.00024386258417553555,11,6,tied
ESWYT,spearman,all,22323,0.020079133863744793,-0.00038935818865916676,0.0027638349291231558,-0.0058063751089543645,0.005027658731636031,6.805373348023092e-05,12,8,tied
GEM_IA,spearman,all,6942,0.03600633767319481,-0.005705575171242984,0.013657875651503093,-0.032474519553515574,0.021063369211029602,0.0006852828482865065,4,2,tied
MU_SOY,spearman,all,1879,0.06920824949981877,0.005629987687209878,0.00784423396214896,-0.009744428364908013,0.02100440373932777,0.0,1,1,tied
all48,spearman,new,118438,0.008717174147157603,0.0063876571677825116,0.0025477812447585683,0.0013940976875690897,0.011381216647995934,0.00019107505549207287,43,31,"detectable, below resolution"
orig31,spearman,new,87294,0.010153810585530542,0.012948785502203974,0.003698937388492368,0.005699001439690291,0.020198569564717658,0.000222520185600843,26,22,resolved gain
new17,spearman,new,31144,0.016999418252085112,-0.0007423105439164998,0.003243492852566367,-0.007099439719059662,0.005614818631226663,0.00013954742005105306,17,9,tied
G2F,spearman,new,53638,0.01295343549437951,0.037947372385763456,0.010104904976337708,0.018142122564941982,0.05775262220658493,0.00028455366322916944,5,5,resolved gain
NUST,spearman,new,32740,0.016579900395626457,0.009442933321588687,0.003317419998808288,0.002940909602331533,0.01594495704084584,7.646587681887526e-05,15,12,"detectable, below resolution"
URSN,spearman,new,916,0.09912279006826347,0.006905340349215165,0.011328714663853122,-0.015298532383067739,0.029109213081498067,0.0005484531103822367,6,5,tied
ESWYT,spearman,new,22323,0.020079133863744793,-0.0008646489554214525,0.002796216828997434,-0.006345133233221219,0.004615835322378313,6.663765569083047e-05,12,6,tied
GEM_IA,spearman,new,6942,0.03600633767319481,-0.005774974628063022,0.013759638521604821,-0.03274337057069843,0.02119342131457238,0.0006984699473504946,4,2,tied
MU_SOY,spearman,new,1879,0.06920824949981877,0.033964846766758185,0.013802460834366358,0.006912520633375458,0.061017172900140915,0.0,1,1,"detectable, below resolution"
all48,sel_diff,all,118438,0.008717174147157603,0.016672043926202102,0.0057137336277983276,0.005473331798461994,0.02787075605394221,0.0,48,27,
orig31,sel_diff,all,87294,0.010153810585530542,0.013805115527208483,0.007588737031041906,-0.0010685357417790711,0.028678766796196038,0.00023438921375087607,31,13,
new17,sel_diff,all,31144,0.016999418252085112,0.021781094027189498,0.009787129676712187,0.00259867234881047,0.040963515705568526,0.0,17,14,
G2F,sel_diff,all,53638,0.01295343549437951,0.08260151187020365,0.01713800419593021,0.049011640879284106,0.11619138286112318,0.0,5,5,
NUST,sel_diff,all,32740,0.016579900395626457,-0.00327307244017398,0.011085151835826116,-0.02499957080155123,0.018453425921203272,0.0,15,7,
URSN,sel_diff,all,916,0.09912279006826347,0.0033177615337850867,0.010752998661832639,-0.01775772856921428,0.024393251636784456,0.0,11,1,
ESWYT,sel_diff,all,22323,0.020079133863744793,0.02012854204582048,0.011119187658718423,-0.0016646653026098773,0.041921749394250835,0.0,12,9,
GEM_IA,sel_diff,all,6942,0.03600633767319481,0.03114194320496415,0.0224056652145036,-0.012772353665124813,0.07505624007505311,0.0,4,4,
MU_SOY,sel_diff,all,1879,0.06920824949981877,0.007093709808571208,0.052740022745029314,-0.09627483531550952,0.11046225493265195,0.0,1,1,
all48,sel_diff,new,118438,0.008717174147157603,0.02234242574383411,0.009964227646019518,0.002812898423877535,0.041871953063790684,0.0010593279932432904,43,22,
orig31,sel_diff,new,87294,0.010153810585530542,0.03702549661014046,0.010677851620620278,0.016097292001462062,0.05795370121881885,0.0,26,14,
new17,sel_diff,new,31144,0.016999418252085112,0.003233999194265862,0.018586970906723274,-0.03319579436460555,0.03966379275313727,0.002650645334070836,17,8,
G2F,sel_diff,new,53638,0.01295343549437951,0.060343407709146514,0.016320039110820576,0.028356718825653097,0.09233009659263994,0.0,5,5,
NUST,sel_diff,new,32740,0.016579900395626457,0.017237687995703164,0.01616513122328253,-0.014445387007294506,0.04892076299870084,0.0,15,8,
URSN,sel_diff,new,916,0.09912279006826347,0.02708384692687976,0.028997558841644885,-0.029750324042325225,0.08391801789608475,0.0,6,1,
ESWYT,sel_diff,new,22323,0.020079133863744793,-0.0053589752662561016,0.026437298060467282,-0.057175127313322596,0.04645717678081039,0.0049668294663227745,12,4,
GEM_IA,sel_diff,new,6942,0.03600633767319481,0.03115747439254779,0.02279707595190101,-0.01352397342600236,0.07583892221109795,0.0,4,4,
MU_SOY,sel_diff,new,1879,0.06920824949981877,-0.07769375211017343,0.10613219793434218,-0.2857090376615604,0.13032153344121358,0.0,1,0,
