dataset,target,scope,metric,d,se,n_env
ESWYT,2006,all,spearman,0.0075629220103194065,0.003892336968625382,29
ESWYT,2006,all,sel_diff,0.0,0.0,29
ESWYT,2006,new,spearman,0.004162111793014285,0.004600266302327651,29
ESWYT,2006,new,sel_diff,0.030642437612279097,0.07805700970175623,29
ESWYT,2007,all,spearman,0.006945242189138772,0.0034726764355042356,39
ESWYT,2007,all,sel_diff,0.015504555477318856,0.04963345267721141,39
ESWYT,2007,new,spearman,0.007801978525062257,0.0039478288198809604,39
ESWYT,2007,new,sel_diff,0.0308367871982783,0.04758444198372967,39
ESWYT,2008,all,spearman,0.004033098717018314,0.006508209361078163,22
ESWYT,2008,all,sel_diff,0.07291471870842982,0.05075588682339164,22
ESWYT,2008,new,spearman,0.0012625790236090245,0.0066126822999168075,22
ESWYT,2008,new,sel_diff,0.08948221819270273,0.0632652225054447,22
ESWYT,2009,all,spearman,0.004839286912924172,0.006546821727337715,31
ESWYT,2009,all,sel_diff,0.1273568977218386,0.04396490210483526,31
ESWYT,2009,new,spearman,0.008898118518728529,0.007041443296354212,31
ESWYT,2009,new,sel_diff,0.1658498759471679,0.0540005663534689,31
ESWYT,2010,all,spearman,-0.0020448518235411366,0.005967228395762692,35
ESWYT,2010,all,sel_diff,0.001598443284310628,0.004492333282765107,35
ESWYT,2010,new,spearman,-0.004928778704740051,0.0066193151158392294,35
ESWYT,2010,new,sel_diff,-0.04188067487989561,0.07303037188863769,35
ESWYT,2011,all,spearman,-0.023688816854936255,0.005103483207311056,44
ESWYT,2011,all,sel_diff,0.06903705118674278,0.048645522309252176,44
ESWYT,2011,new,spearman,-0.021243583619633875,0.004957080502011265,44
ESWYT,2011,new,sel_diff,-0.18227519464499586,0.04962486147014428,44
ESWYT,2012,all,spearman,0.0006998007067140271,0.004697747288702364,38
ESWYT,2012,all,sel_diff,0.061484672411720585,0.05300597096356432,38
ESWYT,2012,new,spearman,-0.0014210819091432017,0.004675000273924058,38
ESWYT,2012,new,sel_diff,-0.053712821916942384,0.061712934265720464,38
ESWYT,2013,all,spearman,0.000868956274480304,0.002836791676852012,45
ESWYT,2013,all,sel_diff,0.015926282456886282,0.03416141309298363,45
ESWYT,2013,new,spearman,-0.0008885031187572762,0.0029642211751702,45
ESWYT,2013,new,sel_diff,-0.0033263785793590252,0.05002915229950078,45
ESWYT,2014,all,spearman,-0.008574075846137971,0.0034605346561964,39
ESWYT,2014,all,sel_diff,-4.803849625781927e-18,6.9324266255854855e-18,39
ESWYT,2014,new,spearman,-0.010552732717956642,0.0038800004498830798,39
ESWYT,2014,new,sel_diff,-2.846725704167068e-18,5.768894102595542e-18,39
ESWYT,2015,all,spearman,0.011766979146407478,0.004478108127119802,44
ESWYT,2015,all,sel_diff,1.8924256101565167e-18,7.957426752002715e-18,44
ESWYT,2015,new,spearman,0.013657334297450658,0.005057466199961645,44
ESWYT,2015,new,sel_diff,-6.071532165918825e-18,7.913675053533646e-18,44
ESWYT,2016,all,spearman,-0.009377994699740686,0.0034635131003998335,42
ESWYT,2016,all,sel_diff,1.6686387721300715e-17,8.353481746926954e-18,42
ESWYT,2016,new,spearman,-0.007995752663123494,0.003890060397805658,42
ESWYT,2016,new,sel_diff,-0.0016331593220991467,0.02329289287838035,42
ESWYT,2017,all,spearman,0.0024911669743035527,0.003042780656024282,43
ESWYT,2017,all,sel_diff,-0.004383276745448813,0.004347648567106303,43
ESWYT,2017,new,spearman,0.0027922959822173814,0.0033569809772307276,43
ESWYT,2017,new,sel_diff,-0.09990785931585325,0.06491490943754669,43
G2F,2016,all,spearman,0.049218292713710206,0.014998006484842709,27
G2F,2016,all,sel_diff,0.12672201920222043,0.046882989560969875,27
G2F,2016,new,spearman,0.06350770516861129,0.01921992166933325,27
G2F,2016,new,sel_diff,0.1146974277628564,0.03896408289550157,27
G2F,2018,all,spearman,0.02071861386615821,0.013243676546595654,29
G2F,2018,all,sel_diff,0.061113698824170226,0.03164983560680964,29
G2F,2018,new,spearman,0.016251035225224707,0.014085072192199207,29
G2F,2018,new,sel_diff,0.024268789011001646,0.03385822537090504,29
G2F,2020,all,spearman,0.03825663063044382,0.009364994268554855,24
G2F,2020,all,sel_diff,0.0744180005925018,0.038532656343635834,24
G2F,2020,new,spearman,0.03804074722814167,0.009791116641436544,24
G2F,2020,new,sel_diff,0.03538084916101896,0.033245208414619074,24
G2F,2022,all,spearman,0.018377132995098314,0.005129657983175105,27
G2F,2022,all,sel_diff,0.0667433764059383,0.02206969887994424,27
G2F,2022,new,spearman,0.01701407947070776,0.005269050495541035,27
G2F,2022,new,sel_diff,0.07506079072679252,0.021451971802489353,27
G2F,2024,all,spearman,0.04792928418075208,0.013608552611215054,22
G2F,2024,all,sel_diff,0.1007563065516325,0.03630374214116149,22
G2F,2024,new,spearman,0.06181798512346326,0.014236733569961298,22
G2F,2024,new,sel_diff,0.06995564139085671,0.04569411933935787,22
GEM_IA,2016,all,spearman,-0.04776558997494197,0.00849089486052332,7
GEM_IA,2016,all,sel_diff,0.029396749074526857,0.03208693180959129,7
GEM_IA,2016,new,spearman,-0.04776558997494197,0.008178970714878686,7
GEM_IA,2016,new,sel_diff,0.029396749074526857,0.03247565967750894,7
GEM_IA,2017,all,spearman,0.0055241869211774,0.005370481840718659,7
GEM_IA,2017,all,sel_diff,0.0413490346847971,0.025837658677484464,7
GEM_IA,2017,new,spearman,0.0055241869211774,0.005421232702340654,7
GEM_IA,2017,new,sel_diff,0.0413490346847971,0.026350678223818317,7
GEM_IA,2018,all,spearman,-0.0035020687718685336,0.003850690782635616,9
GEM_IA,2018,all,sel_diff,0.03322174851706869,0.054558272777986964,9
GEM_IA,2018,new,spearman,-0.0035020687718685336,0.0038320887569643883,9
GEM_IA,2018,new,sel_diff,0.03322174851706869,0.05556931760414497,9
GEM_IA,2019,all,spearman,0.022634326286039723,0.008731040675963142,10
GEM_IA,2019,all,sel_diff,0.01723325684852335,0.048519953206072094,10
GEM_IA,2019,new,spearman,0.022634326286039723,0.008770222707750299,10
GEM_IA,2019,new,sel_diff,0.01723325684852335,0.04946211535356665,10
MU_SOY,2020,all,spearman,0.005629987687209878,0.00784423396214896,11
MU_SOY,2020,all,sel_diff,0.007093709808571208,0.05274002274502931,11
MU_SOY,2020,new,spearman,0.033964846766758185,0.013802460834366358,11
MU_SOY,2020,new,sel_diff,-0.07769375211017343,0.10613219793434218,11
NUST,2005,all,spearman,-0.014749914243507824,0.0036187138229899127,25
NUST,2005,all,sel_diff,-0.12125850462842092,0.06922382592674206,25
NUST,2005,new,spearman,-0.015361898334350326,0.007145645701196798,22
NUST,2005,new,sel_diff,-0.04392601820624418,0.036018893434418435,22
NUST,2006,all,spearman,-0.0006165621905203073,0.008161551915577318,26
NUST,2006,all,sel_diff,-0.064049510578547,0.06800362895569964,26
NUST,2006,new,spearman,0.010770009217904155,0.010005134323998584,25
NUST,2006,new,sel_diff,-0.0035652575907683913,0.07017797273461765,25
NUST,2007,all,spearman,0.0006963181755909105,0.005265560011352693,31
NUST,2007,all,sel_diff,0.005104941902856514,0.018693183123347053,31
NUST,2007,new,spearman,-0.0008415438143473193,0.0138107512101208,30
NUST,2007,new,sel_diff,-0.034386063637718664,0.02914847677949588,30
NUST,2008,all,spearman,0.0075456108438929125,0.005398136686142491,27
NUST,2008,all,sel_diff,-0.003902504318141729,0.016258397203229066,27
NUST,2008,new,spearman,0.013487612694107153,0.009988042281430756,22
NUST,2008,new,sel_diff,0.14311286562205425,0.13812587714078362,22
NUST,2009,all,spearman,-0.00858206211055942,0.009360521983676059,23
NUST,2009,all,sel_diff,0.008217544036693565,0.034664533118618876,23
NUST,2009,new,spearman,0.0007971930102642113,0.0071131086738104934,23
NUST,2009,new,sel_diff,0.05060487035176759,0.04037667722146341,23
NUST,2010,all,spearman,0.0009481608123504807,0.003729362066568767,33
NUST,2010,all,sel_diff,-0.07233229233072742,0.03824091556672236,33
NUST,2010,new,spearman,-0.0014412136751576993,0.00676642646616351,33
NUST,2010,new,sel_diff,-0.037079810817908974,0.05757286738797476,33
NUST,2011,all,spearman,0.004042870012876173,0.006206113173249587,34
NUST,2011,all,sel_diff,-0.022200930741494436,0.05108428172692283,34
NUST,2011,new,spearman,0.017514651069239183,0.006941844381264497,31
NUST,2011,new,sel_diff,-0.014855340787000848,0.10890680461690462,31
NUST,2012,all,spearman,0.008243147031114279,0.005404073725729317,36
NUST,2012,all,sel_diff,-0.01061886813431898,0.03742943807005342,36
NUST,2012,new,spearman,0.02636354515166776,0.006872047908201445,35
NUST,2012,new,sel_diff,-0.032133969509742726,0.03569172451591021,35
NUST,2013,all,spearman,-0.00923565108930114,0.006949364302195614,40
NUST,2013,all,sel_diff,-0.03432337459575775,0.04936006577553171,40
NUST,2013,new,spearman,0.001944211457252279,0.01028143680144603,37
NUST,2013,new,sel_diff,0.0258863291337838,0.048925736232533684,37
NUST,2014,all,spearman,0.008873966857950107,0.006585825636618132,37
NUST,2014,all,sel_diff,0.0418735639015921,0.029606518551876355,37
NUST,2014,new,spearman,0.02189904698463664,0.009842215007989898,32
NUST,2014,new,sel_diff,0.015861178608774347,0.04347790923021019,32
NUST,2015,all,spearman,0.008588119119448448,0.005462023124218344,41
NUST,2015,all,sel_diff,-0.019010135060200214,0.04562507651732987,41
NUST,2015,new,spearman,0.013877106420788252,0.006742478288219605,40
NUST,2015,new,sel_diff,0.04110039251625471,0.05665782937696458,40
NUST,2016,all,spearman,0.021930404370387013,0.004980640641441017,41
NUST,2016,all,sel_diff,0.019734127401832332,0.02379576688806812,41
NUST,2016,new,spearman,0.034768318812391834,0.010021577267734857,36
NUST,2016,new,sel_diff,0.011156184697933561,0.0592468515401034,36
NUST,2017,all,spearman,0.011390039459796447,0.005604456946257677,40
NUST,2017,all,sel_diff,0.05732397593549515,0.038849182465830155,40
NUST,2017,new,spearman,0.003729992100532477,0.008432067787001781,40
NUST,2017,new,sel_diff,0.13335118015300357,0.07110719880529588,40
NUST,2019,all,spearman,0.013360982547648274,0.005551890602745747,34
NUST,2019,all,sel_diff,0.03362667775846933,0.057178066285953476,34
NUST,2019,new,spearman,0.007569932112947934,0.011751865360897144,34
NUST,2019,new,sel_diff,0.1230957349700998,0.04726572533505533,34
NUST,2020,all,spearman,0.0015037988114113348,0.00607332311184274,31
NUST,2020,all,sel_diff,0.006043037026015174,0.03321334966839162,31
NUST,2020,new,spearman,0.0068797669534148885,0.007645194556123127,24
NUST,2020,new,sel_diff,-0.01632066168856698,0.06890869241090128,24
URSN,1999,all,spearman,0.0189165830272016,0.008644383306152784,5
URSN,1999,all,sel_diff,0.0,0.0,5
URSN,2000,all,spearman,-0.015389453695816532,0.0020591973301437726,6
URSN,2000,all,sel_diff,0.0,0.0,6
URSN,2000,new,spearman,-0.03638208573983095,0.005068990210706276,6
URSN,2000,new,sel_diff,0.0,0.0,6
URSN,2001,all,spearman,0.020611961198424913,0.006696614598915068,6
URSN,2001,all,sel_diff,0.0,0.0,6
URSN,2002,all,spearman,0.031373626373626354,0.009115095646224803,5
URSN,2002,all,sel_diff,0.0,0.0,5
URSN,2002,new,spearman,0.058333333333333334,0.02231264757104227,4
URSN,2002,new,sel_diff,0.0,0.0,4
URSN,2003,all,spearman,0.02029586887751388,0.012558338113601094,5
URSN,2003,all,sel_diff,0.0,0.0,5
URSN,2003,new,spearman,0.011854899349509718,0.020757243202308148,5
URSN,2003,new,sel_diff,0.0,0.0,5
URSN,2004,all,spearman,-0.030240285027618573,0.011263977051708746,5
URSN,2004,all,sel_diff,0.0,0.0,5
URSN,2008,all,spearman,0.0029329165649319643,0.009986243842913895,5
URSN,2008,all,sel_diff,0.0,0.0,5
URSN,2009,all,spearman,-0.001095875905180399,0.005962545094139214,5
URSN,2009,all,sel_diff,0.0,0.0,5
URSN,2014,all,spearman,-0.007430340557275572,0.008764352894575483,5
URSN,2014,all,sel_diff,0.0,0.0,5
URSN,2014,new,spearman,0.009696969696969726,0.013972231988117858,5
URSN,2014,new,sel_diff,0.0,0.0,5
URSN,2015,all,spearman,0.004745559095812364,0.01430273815798169,6
URSN,2015,all,sel_diff,0.036495376871635954,0.035663661932492575,6
URSN,2015,new,spearman,0.011232820492833648,0.007400778833504992,6
URSN,2015,new,sel_diff,0.16250308156127855,0.07102922294836081,6
URSN,2019,all,spearman,-0.010787668235731362,0.010021856982602379,5
URSN,2019,all,sel_diff,0.0,0.0,5
URSN,2019,new,spearman,0.006968542008505813,0.008176839532351744,5
URSN,2019,new,sel_diff,0.0,0.0,5
