item,est,lo,hi,k,verdict
reml,-0.012285160550685204,-0.019276528598629022,-0.005293792502741386,48,resolved loss
reml_x0.1,-0.023952295386169834,-0.03278295139738653,-0.01512163937495314,48,resolved loss
reml_x10,-0.01946006390773969,-0.03023197533654872,-0.008688152478930657,48,resolved loss
reml_x100,-0.04496470024864827,-0.06156362874005062,-0.028365771757245924,48,resolved loss
ridge_pc20,-0.07599030549852952,-0.09428086334650339,-0.05769974765055565,48,resolved loss
rf,-0.026300709859429488,-0.04076226203234559,-0.01183915768651338,48,resolved loss
gbm,-0.04140787267576696,-0.058101646453419184,-0.024714098898114743,46,resolved loss
knn10,-0.06985231030968513,-0.08858942743400616,-0.051115193185364095,48,resolved loss
knn30,-0.0767706255368877,-0.09907598513436483,-0.05446526593941056,47,resolved loss
mlp,-0.09976056364964496,-0.13568333892881168,-0.06383778837047824,48,resolved loss
dl_g,-0.013542676880927893,-0.02596235786606408,-0.0011229958957917063,31,resolved loss
rn_ridge,-0.02025627529103922,-0.04539467288428273,0.004882122302204282,16,tied
gxe_gbm,-0.03441034130279399,-0.07036008362786947,0.0015394010222814988,16,tied
