fraction,contrast,metric,dataset,target,d,se,n_env
0.25,m2-m1,sp,ESWYT,2006,0.0,0.0,29
0.25,m2-m1,sp,ESWYT,2007,-0.025695824688815965,0.01643113627048806,39
0.25,m2-m1,sp,ESWYT,2008,0.0,0.0,22
0.25,m2-m1,sp,ESWYT,2009,0.01685302838075405,0.020246198182440257,31
0.25,m2-m1,sp,ESWYT,2010,0.02176169797444112,0.01013773666010784,35
0.25,m2-m1,sp,ESWYT,2011,0.0,0.0,44
0.25,m2-m1,sp,ESWYT,2012,0.013743831049024166,0.016578599638224962,38
0.25,m2-m1,sp,ESWYT,2013,-0.011744133911698625,0.008298616659715052,45
0.25,m2-m1,sp,ESWYT,2014,0.008664834900226999,0.016335501484319715,39
0.25,m2-m1,sp,ESWYT,2015,0.02383451705956897,0.013050592959106497,44
0.25,m2-m1,sp,ESWYT,2016,0.014439521814171805,0.014447345812753974,42
0.25,m2-m1,sp,ESWYT,2017,-0.005171825941506296,0.01944050166661597,43
0.25,m2-m1,sp,G2F,2016,-0.0012348695236655488,0.004663918257387986,27
0.25,m2-m1,sp,G2F,2018,-0.006766579473404657,0.005321904547458028,29
0.25,m2-m1,sp,G2F,2020,-0.006188858241122266,0.004101600244696077,24
0.25,m2-m1,sp,G2F,2022,-0.014191392153339281,0.003226005158286004,27
0.25,m2-m1,sp,G2F,2024,-0.01687198558583217,0.0069533431990665565,22
0.25,m2-m1,sp,GEM_IA,2016,0.02436577028659604,0.03325256677085349,7
0.25,m2-m1,sp,GEM_IA,2017,0.004180159604971779,0.004260316352482452,7
0.25,m2-m1,sp,GEM_IA,2018,0.007014740875188992,0.005590957062347317,9
0.25,m2-m1,sp,GEM_IA,2019,-0.0012417434209506311,0.003062209374640227,9
0.25,m2-m1,sp,MU_SOY,2020,0.009720020894140455,0.004932225969737297,11
0.25,m2-m1,sp,NUST,2005,0.031122666915481274,0.025173258316610006,16
0.25,m2-m1,sp,NUST,2006,0.02829632512256098,0.012237319046525107,13
0.25,m2-m1,sp,NUST,2007,-0.006884533403245438,0.007811028509660966,19
0.25,m2-m1,sp,NUST,2008,-9.520668773597095e-05,0.0007569788512564807,16
0.25,m2-m1,sp,NUST,2009,0.01846911543903314,0.007843717772493113,15
0.25,m2-m1,sp,NUST,2010,0.0,0.0,23
0.25,m2-m1,sp,NUST,2011,-0.014534319094341674,0.01589301020685785,20
0.25,m2-m1,sp,NUST,2012,-0.010545443070185016,0.012931234110020503,29
0.25,m2-m1,sp,NUST,2013,0.007016423065426663,0.008412687226652513,35
0.25,m2-m1,sp,NUST,2014,0.02716486589789685,0.008935852380801013,33
0.25,m2-m1,sp,NUST,2015,0.012082320373763184,0.013216475528620259,39
0.25,m2-m1,sp,NUST,2016,-0.021505274313644195,0.008993494822290882,38
0.25,m2-m1,sp,NUST,2017,-0.007875289355744376,0.012409809242416334,36
0.25,m2-m1,sp,NUST,2019,0.003174217741174165,0.006228461276526019,34
0.25,m2-m1,sp,NUST,2020,-0.0299394268330279,0.019696979281549044,28
0.25,m2-m1,sp,URSN,1999,0.0,0.0,5
0.25,m2-m1,sp,URSN,2000,-0.08787878787878786,0.0753559274721882,4
0.25,m2-m1,sp,URSN,2002,0.016433566433566416,0.02765180788654357,4
0.25,m2-m1,sp,URSN,2003,0.0026020001629422306,0.005278779834938946,5
0.25,m2-m1,sp,URSN,2004,0.0,0.0,5
0.25,m2-m1,sp,URSN,2009,0.0,0.0,5
0.25,m2-m1,sp,URSN,2014,-0.001620879120879104,0.0019769944023940375,5
0.25,m2-m1,sp,URSN,2015,0.0,0.0,6
0.25,m2-m1,sp,URSN,2019,-0.00020650493201102016,0.00017948800934328255,5
0.25,m2-m1,pe,ESWYT,2006,0.0,0.0,29
0.25,m2-m1,pe,ESWYT,2007,-0.013653527960215123,0.015240468126171957,39
0.25,m2-m1,pe,ESWYT,2008,0.0,0.0,22
0.25,m2-m1,pe,ESWYT,2009,0.013161110253674398,0.018067741542779882,31
0.25,m2-m1,pe,ESWYT,2010,0.021293434817354042,0.008623292755361936,35
0.25,m2-m1,pe,ESWYT,2011,0.0,0.0,44
0.25,m2-m1,pe,ESWYT,2012,0.00581839371130743,0.01411455296855229,38
0.25,m2-m1,pe,ESWYT,2013,-0.014382186864975588,0.00839008341219914,45
0.25,m2-m1,pe,ESWYT,2014,-0.0008854183644275149,0.016903992908282185,39
0.25,m2-m1,pe,ESWYT,2015,0.01832462499483387,0.015316728259835214,44
0.25,m2-m1,pe,ESWYT,2016,-0.004211818510752597,0.011369005181339282,42
0.25,m2-m1,pe,ESWYT,2017,0.006048714328536711,0.01994609547060537,43
0.25,m2-m1,pe,G2F,2016,-0.003036796747380269,0.006385375649042688,27
0.25,m2-m1,pe,G2F,2018,-0.01029134274892809,0.006024218209346126,29
0.25,m2-m1,pe,G2F,2020,-0.001602142639733695,0.00414765089570018,24
0.25,m2-m1,pe,G2F,2022,-0.01604669765849906,0.0031162501866438624,27
0.25,m2-m1,pe,G2F,2024,-0.016456807853832408,0.007424732211183148,22
0.25,m2-m1,pe,GEM_IA,2016,0.0054571962802546226,0.03904150547203567,7
0.25,m2-m1,pe,GEM_IA,2017,0.0040294927671432074,0.002373037258035414,7
0.25,m2-m1,pe,GEM_IA,2018,0.004301584465616316,0.005733899615486833,9
0.25,m2-m1,pe,GEM_IA,2019,-0.0008132986168215021,0.002000581114134587,9
0.25,m2-m1,pe,MU_SOY,2020,0.005384222242246098,0.005123432272432296,11
0.25,m2-m1,pe,NUST,2005,0.01952198500995645,0.021834279761288423,16
0.25,m2-m1,pe,NUST,2006,0.02868917038630468,0.011926874634362365,13
0.25,m2-m1,pe,NUST,2007,-0.008244097673926488,0.006289283235621089,19
0.25,m2-m1,pe,NUST,2008,0.0004959890351157142,0.0005167534615486167,16
0.25,m2-m1,pe,NUST,2009,0.017628724162178103,0.010905174522427612,15
0.25,m2-m1,pe,NUST,2010,0.0,0.0,23
0.25,m2-m1,pe,NUST,2011,-0.014847429599321138,0.013320930683458606,20
0.25,m2-m1,pe,NUST,2012,-0.0014599839070589293,0.012187036698413489,29
0.25,m2-m1,pe,NUST,2013,0.010996691378406132,0.008782397828948569,35
0.25,m2-m1,pe,NUST,2014,0.0213817230362703,0.008540097548480367,33
0.25,m2-m1,pe,NUST,2015,0.007402366100842926,0.011411853040314132,39
0.25,m2-m1,pe,NUST,2016,-0.009003117185320939,0.007799433039788013,38
0.25,m2-m1,pe,NUST,2017,-0.02419679733737498,0.012091520245486051,36
0.25,m2-m1,pe,NUST,2019,0.00020956504039783071,0.00551651271747622,34
0.25,m2-m1,pe,NUST,2020,-0.020082417267379044,0.021197193718233823,28
0.25,m2-m1,pe,URSN,1999,0.0,0.0,5
0.25,m2-m1,pe,URSN,2000,-0.014023064870440236,0.014691701868603664,4
0.25,m2-m1,pe,URSN,2002,-0.004770792231726481,0.006653471111379867,4
0.25,m2-m1,pe,URSN,2003,0.00035094793328983577,0.001672892557761341,5
0.25,m2-m1,pe,URSN,2004,0.0001390751824775993,0.00046678317349346007,5
0.25,m2-m1,pe,URSN,2009,0.0,0.0,5
0.25,m2-m1,pe,URSN,2014,2.1255900041322605e-05,0.0008634492520634868,5
0.25,m2-m1,pe,URSN,2015,0.0,0.0,6
0.25,m2-m1,pe,URSN,2019,6.0150618960130855e-05,0.00014947823490996714,5
0.25,m2-m1,sd,ESWYT,2006,0.0,0.0,29
0.25,m2-m1,sd,ESWYT,2007,0.054624722458071186,0.061925160485272246,39
0.25,m2-m1,sd,ESWYT,2008,0.0,0.0,22
0.25,m2-m1,sd,ESWYT,2009,0.10816134844206941,0.06443514522446309,31
0.25,m2-m1,sd,ESWYT,2010,0.023889003875577065,0.03375925055727292,35
0.25,m2-m1,sd,ESWYT,2011,0.0,0.0,44
0.25,m2-m1,sd,ESWYT,2012,0.0009603360203936621,0.04935750372999798,38
0.25,m2-m1,sd,ESWYT,2013,-0.03622575028433699,0.03862965969696416,45
0.25,m2-m1,sd,ESWYT,2014,-0.06689636271510564,0.06297410001967678,39
0.25,m2-m1,sd,ESWYT,2015,0.027400590765115484,0.05242902059669629,44
0.25,m2-m1,sd,ESWYT,2016,-0.05372122697905061,0.04203164138018417,42
0.25,m2-m1,sd,ESWYT,2017,0.047484520435815525,0.0532433182176352,43
0.25,m2-m1,sd,G2F,2016,0.0042446017838481155,0.021796037214151336,27
0.25,m2-m1,sd,G2F,2018,-0.040560993367788324,0.014349196325439802,29
0.25,m2-m1,sd,G2F,2020,-0.02846231297113856,0.02349078308093397,24
0.25,m2-m1,sd,G2F,2022,-0.01229154321002146,0.012218581991699888,27
0.25,m2-m1,sd,G2F,2024,-0.04908665375816161,0.018114111637814758,22
0.25,m2-m1,sd,GEM_IA,2016,0.017412722466116495,0.05375324486798432,7
0.25,m2-m1,sd,GEM_IA,2017,-0.020967074653930384,0.012646688257317415,7
0.25,m2-m1,sd,GEM_IA,2018,0.04501738091758199,0.021652244839743092,9
0.25,m2-m1,sd,GEM_IA,2019,-0.03273838560003309,0.018984851438767252,9
0.25,m2-m1,sd,MU_SOY,2020,-0.0062960884792852756,0.04331519070940896,11
0.25,m2-m1,sd,NUST,2005,0.056294718144511174,0.06319739434509261,16
0.25,m2-m1,sd,NUST,2006,0.15481441124094392,0.1140607970654019,13
0.25,m2-m1,sd,NUST,2007,-0.007979031681999028,0.03519957208937406,19
0.25,m2-m1,sd,NUST,2008,-0.02330395697338302,0.015348832100728882,16
0.25,m2-m1,sd,NUST,2009,-0.08689194970486909,0.04457004048490264,15
0.25,m2-m1,sd,NUST,2010,0.0,0.0,23
0.25,m2-m1,sd,NUST,2011,0.006446772859836913,0.06446957370651177,20
0.25,m2-m1,sd,NUST,2012,0.04533249396386653,0.04827430772631849,29
0.25,m2-m1,sd,NUST,2013,0.06067361983390092,0.05356402604303211,35
0.25,m2-m1,sd,NUST,2014,0.04807570397688653,0.044077656236876005,33
0.25,m2-m1,sd,NUST,2015,-0.04757660365072717,0.04920339289373227,39
0.25,m2-m1,sd,NUST,2016,0.047793258946631584,0.03401828107952007,38
0.25,m2-m1,sd,NUST,2017,-0.0755801577131446,0.052817413937684916,36
0.25,m2-m1,sd,NUST,2019,0.040384563988804925,0.03512625480584842,34
0.25,m2-m1,sd,NUST,2020,-0.07016319849558635,0.055890400737061585,28
0.25,m2-m1,sd,URSN,1999,0.0,0.0,5
0.25,m2-m1,sd,URSN,2000,-0.5606904539581167,0.48938952395797497,4
0.25,m2-m1,sd,URSN,2002,-0.22255984123474273,0.19675454647029,4
0.25,m2-m1,sd,URSN,2003,0.0,0.0,5
0.25,m2-m1,sd,URSN,2004,0.0,0.0,5
0.25,m2-m1,sd,URSN,2009,0.0,0.0,5
0.25,m2-m1,sd,URSN,2014,0.0,0.0,5
0.25,m2-m1,sd,URSN,2015,0.0,0.0,6
0.25,m2-m1,sd,URSN,2019,0.0,0.0,5
0.25,m1-m0,sp,ESWYT,2006,0.0,0.0,29
0.25,m1-m0,sp,ESWYT,2007,0.014867059264166541,0.00601882432580718,39
0.25,m1-m0,sp,ESWYT,2008,0.0,0.0,22
0.25,m1-m0,sp,ESWYT,2009,0.01824553748925815,0.006995009093395361,31
0.25,m1-m0,sp,ESWYT,2010,0.008369587572086772,0.003987896963386364,35
0.25,m1-m0,sp,ESWYT,2011,0.0,0.0,44
0.25,m1-m0,sp,ESWYT,2012,0.013426783761380562,0.004050480418291914,38
0.25,m1-m0,sp,ESWYT,2013,0.004023601647003435,0.0032072125137577916,45
0.25,m1-m0,sp,ESWYT,2014,0.017583946112565158,0.007847478281163873,39
0.25,m1-m0,sp,ESWYT,2015,0.016634479027574915,0.007284608374055608,44
0.25,m1-m0,sp,ESWYT,2016,-0.0009205278180184685,0.005844851671336205,42
0.25,m1-m0,sp,ESWYT,2017,0.048649729025714336,0.014340690713709477,43
0.25,m1-m0,sp,G2F,2016,0.05966656051071624,0.015133680083768114,27
0.25,m1-m0,sp,G2F,2018,0.07603087593138814,0.015782716259254925,29
0.25,m1-m0,sp,G2F,2020,0.03446611106583925,0.008109681538809154,24
0.25,m1-m0,sp,G2F,2022,0.017410167180373574,0.007490551074827425,27
0.25,m1-m0,sp,G2F,2024,0.02705861471927729,0.007602385394353827,22
0.25,m1-m0,sp,GEM_IA,2016,0.042810860804228294,0.03029900996640037,7
0.25,m1-m0,sp,GEM_IA,2017,0.028589256683627134,0.021523738414967176,7
0.25,m1-m0,sp,GEM_IA,2018,0.015222817601391254,0.016617898858282888,9
0.25,m1-m0,sp,GEM_IA,2019,0.016624632132143668,0.008413383013939565,9
0.25,m1-m0,sp,MU_SOY,2020,0.02663981021677306,0.0046549787951099915,11
0.25,m1-m0,sp,NUST,2005,0.05079208492462464,0.01398433807544122,16
0.25,m1-m0,sp,NUST,2006,0.019424053353154634,0.007001614192945396,13
0.25,m1-m0,sp,NUST,2007,0.009297596345842485,0.005484512679175474,19
0.25,m1-m0,sp,NUST,2008,0.0033409474954715695,0.0009491157278929065,16
0.25,m1-m0,sp,NUST,2009,0.030270533528665607,0.009866482005451038,15
0.25,m1-m0,sp,NUST,2010,0.0,0.0,23
0.25,m1-m0,sp,NUST,2011,0.057908565252916974,0.03261642885483095,20
0.25,m1-m0,sp,NUST,2012,0.023260663460241655,0.016572730802509865,29
0.25,m1-m0,sp,NUST,2013,0.021794703426020134,0.00601448850810843,35
0.25,m1-m0,sp,NUST,2014,0.062452207632812715,0.015885899767965672,33
0.25,m1-m0,sp,NUST,2015,0.04011989960457793,0.009210991916996345,39
0.25,m1-m0,sp,NUST,2016,0.040438149968495755,0.009455675978732979,38
0.25,m1-m0,sp,NUST,2017,0.04154368999937072,0.012891811125322278,36
0.25,m1-m0,sp,NUST,2019,0.0214020569355372,0.005315027781861449,34
0.25,m1-m0,sp,NUST,2020,0.06126573911864685,0.0242703899774561,28
0.25,m1-m0,sp,URSN,1999,0.0,0.0,5
0.25,m1-m0,sp,URSN,2000,0.05151515151515147,0.025773152590548968,4
0.25,m1-m0,sp,URSN,2002,-0.04274475524475525,0.01971708208561041,4
0.25,m1-m0,sp,URSN,2003,0.0021800056971454816,0.01551676864227148,5
0.25,m1-m0,sp,URSN,2004,0.0,0.0,5
0.25,m1-m0,sp,URSN,2009,0.0,0.0,5
0.25,m1-m0,sp,URSN,2014,0.005686813186813189,0.002297062696943142,5
0.25,m1-m0,sp,URSN,2015,0.0,0.0,6
0.25,m1-m0,sp,URSN,2019,0.00035087719298244614,0.00031945402101438576,5
0.25,m1-m0,pe,ESWYT,2006,0.0,0.0,29
0.25,m1-m0,pe,ESWYT,2007,0.021632801799753458,0.00809899856771934,39
0.25,m1-m0,pe,ESWYT,2008,0.0,0.0,22
0.25,m1-m0,pe,ESWYT,2009,0.020030419150080386,0.007562005601362162,31
0.25,m1-m0,pe,ESWYT,2010,0.007988286195934184,0.00247682250882843,35
0.25,m1-m0,pe,ESWYT,2011,0.0,0.0,44
0.25,m1-m0,pe,ESWYT,2012,0.011283885502769883,0.003107199795432597,38
0.25,m1-m0,pe,ESWYT,2013,0.006119974339847544,0.0031359478872625916,45
0.25,m1-m0,pe,ESWYT,2014,0.03115288204553526,0.010142970823812015,39
0.25,m1-m0,pe,ESWYT,2015,0.016016486399829485,0.006957182472230053,44
0.25,m1-m0,pe,ESWYT,2016,-0.0011463428015272728,0.00484020665952188,42
0.25,m1-m0,pe,ESWYT,2017,0.04134899499858331,0.012360020010607573,43
0.25,m1-m0,pe,G2F,2016,0.062294174640375705,0.014363729578588114,27
0.25,m1-m0,pe,G2F,2018,0.07099352425369734,0.015247296111779201,29
0.25,m1-m0,pe,G2F,2020,0.04664231934956196,0.008985429870105291,24
0.25,m1-m0,pe,G2F,2022,0.02533888068226692,0.008871004947228396,27
0.25,m1-m0,pe,G2F,2024,0.020887433873028785,0.006499911126632516,22
0.25,m1-m0,pe,GEM_IA,2016,0.05800046517633002,0.02905022404703655,7
0.25,m1-m0,pe,GEM_IA,2017,0.05061226691387117,0.02702339898153773,7
0.25,m1-m0,pe,GEM_IA,2018,0.022272973206677295,0.021686067693843313,9
0.25,m1-m0,pe,GEM_IA,2019,0.015525920986344791,0.005739541457204324,9
0.25,m1-m0,pe,MU_SOY,2020,0.025910356185630846,0.005026155691562694,11
0.25,m1-m0,pe,NUST,2005,0.03217194821197726,0.010955555621492526,16
0.25,m1-m0,pe,NUST,2006,0.017197579835535534,0.004466224216299684,13
0.25,m1-m0,pe,NUST,2007,0.008164549904711028,0.003757625644197464,19
0.25,m1-m0,pe,NUST,2008,0.0009599746553080295,0.0003092696501775189,16
0.25,m1-m0,pe,NUST,2009,0.028135472968077613,0.009332086041026118,15
0.25,m1-m0,pe,NUST,2010,0.0,0.0,23
0.25,m1-m0,pe,NUST,2011,0.05209800377164736,0.030935490781252777,20
0.25,m1-m0,pe,NUST,2012,0.02798261155398173,0.012955364281794677,29
0.25,m1-m0,pe,NUST,2013,0.020624414567426284,0.005853505158609005,35
0.25,m1-m0,pe,NUST,2014,0.06481484231695314,0.01483890636589032,33
0.25,m1-m0,pe,NUST,2015,0.04055988220509882,0.007920854038940129,39
0.25,m1-m0,pe,NUST,2016,0.046019975776365823,0.008647834038633957,38
0.25,m1-m0,pe,NUST,2017,0.03612936836015932,0.011782423028044334,36
0.25,m1-m0,pe,NUST,2019,0.015295526288733803,0.003595100488809966,34
0.25,m1-m0,pe,NUST,2020,0.05683065586758874,0.022515637788974634,28
0.25,m1-m0,pe,URSN,1999,0.0,0.0,5
0.25,m1-m0,pe,URSN,2000,0.008728127246141137,0.004318354323583935,4
0.25,m1-m0,pe,URSN,2002,-0.00855372164493852,0.005581166872491562,4
0.25,m1-m0,pe,URSN,2003,0.0019995850024919714,0.002766187167122033,5
0.25,m1-m0,pe,URSN,2004,0.0006598050858256155,0.00030071474615022233,5
0.25,m1-m0,pe,URSN,2009,0.0,0.0,5
0.25,m1-m0,pe,URSN,2014,-0.0006409970411368427,0.0007625289133884633,5
0.25,m1-m0,pe,URSN,2015,0.0,0.0,6
0.25,m1-m0,pe,URSN,2019,7.529747623530314e-05,0.00018275272794989847,5
0.25,m1-m0,sd,ESWYT,2006,0.0,0.0,29
0.25,m1-m0,sd,ESWYT,2007,0.0007447443909462079,0.039773380334786626,39
0.25,m1-m0,sd,ESWYT,2008,0.0,0.0,22
0.25,m1-m0,sd,ESWYT,2009,-0.048656405480311186,0.03876082804177343,31
0.25,m1-m0,sd,ESWYT,2010,-0.012427128933119575,0.012737374460470319,35
0.25,m1-m0,sd,ESWYT,2011,0.0,0.0,44
0.25,m1-m0,sd,ESWYT,2012,-0.0061921471415723505,0.013480077044571208,38
0.25,m1-m0,sd,ESWYT,2013,0.006252118185556182,0.022673951745315283,45
0.25,m1-m0,sd,ESWYT,2014,0.061341511776126886,0.03614376097120827,39
0.25,m1-m0,sd,ESWYT,2015,0.033731696271363944,0.03168653232462342,44
0.25,m1-m0,sd,ESWYT,2016,0.023484551902726823,0.027991070594409164,42
0.25,m1-m0,sd,ESWYT,2017,0.0029602920333817065,0.037625362652674306,43
0.25,m1-m0,sd,G2F,2016,0.12532344632106335,0.03262736998243831,27
0.25,m1-m0,sd,G2F,2018,0.07290440720800671,0.025925725271182067,29
0.25,m1-m0,sd,G2F,2020,0.08097180972146728,0.027038600590703645,24
0.25,m1-m0,sd,G2F,2022,0.06042107487578638,0.021666896362415422,27
0.25,m1-m0,sd,G2F,2024,0.01493780735651285,0.017152806246465334,22
0.25,m1-m0,sd,GEM_IA,2016,0.06328156158115435,0.06354679457988767,7
0.25,m1-m0,sd,GEM_IA,2017,0.023081037017295945,0.03862432989611757,7
0.25,m1-m0,sd,GEM_IA,2018,-0.029140764217287937,0.017187011083667384,9
0.25,m1-m0,sd,GEM_IA,2019,0.03254565756882667,0.015370540693258187,9
0.25,m1-m0,sd,MU_SOY,2020,-0.003619476351786163,0.014728487719463413,11
0.25,m1-m0,sd,NUST,2005,0.051173802015243075,0.04793982598431897,16
0.25,m1-m0,sd,NUST,2006,0.014424676696899834,0.030129573907756602,13
0.25,m1-m0,sd,NUST,2007,-0.015684133937207755,0.03035589136379168,19
0.25,m1-m0,sd,NUST,2008,3.469446951953614e-18,3.360350212922007e-18,16
0.25,m1-m0,sd,NUST,2009,0.010854955290614124,0.023004876828706763,15
0.25,m1-m0,sd,NUST,2010,0.0,0.0,23
0.25,m1-m0,sd,NUST,2011,0.06630809510342475,0.07833982111364361,20
0.25,m1-m0,sd,NUST,2012,0.09210170786119067,0.05493660826802212,29
0.25,m1-m0,sd,NUST,2013,0.05819543810797889,0.034894321469624304,35
0.25,m1-m0,sd,NUST,2014,0.1453532539539526,0.04676588022202367,33
0.25,m1-m0,sd,NUST,2015,0.007945140454022982,0.031456133361567815,39
0.25,m1-m0,sd,NUST,2016,0.09920031342139587,0.057639286003412504,38
0.25,m1-m0,sd,NUST,2017,0.06045379216708391,0.03368173581788448,36
0.25,m1-m0,sd,NUST,2019,0.008360052096322396,0.024351562038252325,34
0.25,m1-m0,sd,NUST,2020,0.12322964857091867,0.05285885576037178,28
0.25,m1-m0,sd,URSN,1999,0.0,0.0,5
0.25,m1-m0,sd,URSN,2000,0.04297975605253862,0.03722928092009258,4
0.25,m1-m0,sd,URSN,2002,0.3029737984691936,0.2575785863295385,4
0.25,m1-m0,sd,URSN,2003,0.0,0.0,5
0.25,m1-m0,sd,URSN,2004,0.0,0.0,5
0.25,m1-m0,sd,URSN,2009,0.0,0.0,5
0.25,m1-m0,sd,URSN,2014,0.14729092684645576,0.13206171360466834,5
0.25,m1-m0,sd,URSN,2015,0.0,0.0,6
0.25,m1-m0,sd,URSN,2019,0.0,0.0,5
0.25,m2-m0,sp,ESWYT,2006,0.0,0.0,29
0.25,m2-m0,sp,ESWYT,2007,-0.010828765424649422,0.02014503942112931,39
0.25,m2-m0,sp,ESWYT,2008,0.0,0.0,22
0.25,m2-m0,sp,ESWYT,2009,0.0350985658700122,0.025177827189796085,31
0.25,m2-m0,sp,ESWYT,2010,0.0301312855465279,0.012934212450779749,35
0.25,m2-m0,sp,ESWYT,2011,0.0,0.0,44
0.25,m2-m0,sp,ESWYT,2012,0.027170614810404732,0.019688944976032317,38
0.25,m2-m0,sp,ESWYT,2013,-0.0077205322646951915,0.010283388807958954,45
0.25,m2-m0,sp,ESWYT,2014,0.026248781012792162,0.022103098283970144,39
0.25,m2-m0,sp,ESWYT,2015,0.04046899608714389,0.017829923211315653,44
0.25,m2-m0,sp,ESWYT,2016,0.013518993996153335,0.018110070115607398,42
0.25,m2-m0,sp,ESWYT,2017,0.043477903084208035,0.030790812835818075,43
0.25,m2-m0,sp,G2F,2016,0.05843169098705069,0.016394279992669243,27
0.25,m2-m0,sp,G2F,2018,0.06926429645798349,0.01903917469863494,29
0.25,m2-m0,sp,G2F,2020,0.02827725282471698,0.010475915619597336,24
0.25,m2-m0,sp,G2F,2022,0.0032187750270342946,0.008926274682742855,27
0.25,m2-m0,sp,G2F,2024,0.01018662913344512,0.012640568513364455,22
0.25,m2-m0,sp,GEM_IA,2016,0.06717663109082435,0.06013149805954312,7
0.25,m2-m0,sp,GEM_IA,2017,0.03276941628859891,0.019966104496137137,7
0.25,m2-m0,sp,GEM_IA,2018,0.02223755847658025,0.021849094840810098,9
0.25,m2-m0,sp,GEM_IA,2019,0.015382888711193036,0.008156822043524541,9
0.25,m2-m0,sp,MU_SOY,2020,0.03635983111091352,0.008639613951301991,11
0.25,m2-m0,sp,NUST,2005,0.08191475184010591,0.037419863569806124,16
0.25,m2-m0,sp,NUST,2006,0.04772037847571561,0.0185650803764116,13
0.25,m2-m0,sp,NUST,2007,0.0024130629425970483,0.012494209006332836,19
0.25,m2-m0,sp,NUST,2008,0.0032457408077355985,0.0012084436519998055,16
0.25,m2-m0,sp,NUST,2009,0.04873964896769873,0.015901978122548625,15
0.25,m2-m0,sp,NUST,2010,0.0,0.0,23
0.25,m2-m0,sp,NUST,2011,0.043374246158575325,0.04337287078866124,20
0.25,m2-m0,sp,NUST,2012,0.012715220390056632,0.02341983501223838,29
0.25,m2-m0,sp,NUST,2013,0.028811126491446806,0.0131008740727456,35
0.25,m2-m0,sp,NUST,2014,0.08961707353070957,0.022315771297245716,33
0.25,m2-m0,sp,NUST,2015,0.052202219978341124,0.02055921198571843,39
0.25,m2-m0,sp,NUST,2016,0.018932875654851553,0.016358393988812326,38
0.25,m2-m0,sp,NUST,2017,0.03366840064362634,0.02157410644742511,36
0.25,m2-m0,sp,NUST,2019,0.024576274676711366,0.00923524038762942,34
0.25,m2-m0,sp,NUST,2020,0.03132631228561895,0.04001779050677754,28
0.25,m2-m0,sp,URSN,1999,0.0,0.0,5
0.25,m2-m0,sp,URSN,2000,-0.0363636363636364,0.06142235124384535,4
0.25,m2-m0,sp,URSN,2002,-0.026311188811188838,0.02507828343675499,4
0.25,m2-m0,sp,URSN,2003,0.004782005860087713,0.0116343437045985,5
0.25,m2-m0,sp,URSN,2004,0.0,0.0,5
0.25,m2-m0,sp,URSN,2009,0.0,0.0,5
0.25,m2-m0,sp,URSN,2014,0.004065934065934085,0.002481778475466453,5
0.25,m2-m0,sp,URSN,2015,0.0,0.0,6
0.25,m2-m0,sp,URSN,2019,0.00014437226097142598,0.00041338186516701994,5
0.25,m2-m0,pe,ESWYT,2006,0.0,0.0,29
0.25,m2-m0,pe,ESWYT,2007,0.007979273839538333,0.020126487570374666,39
0.25,m2-m0,pe,ESWYT,2008,0.0,0.0,22
0.25,m2-m0,pe,ESWYT,2009,0.03319152940375479,0.024353548720317742,31
0.25,m2-m0,pe,ESWYT,2010,0.02928172101328823,0.010750182619903362,35
0.25,m2-m0,pe,ESWYT,2011,0.0,0.0,44
0.25,m2-m0,pe,ESWYT,2012,0.017102279214077313,0.016573035786448028,38
0.25,m2-m0,pe,ESWYT,2013,-0.008262212525128041,0.01023497082810221,45
0.25,m2-m0,pe,ESWYT,2014,0.03026746368110774,0.0240765995665673,39
0.25,m2-m0,pe,ESWYT,2015,0.03434111139466336,0.019638963449015622,44
0.25,m2-m0,pe,ESWYT,2016,-0.00535816131227987,0.015117020874363165,42
0.25,m2-m0,pe,ESWYT,2017,0.047397709327120015,0.031012271425123184,43
0.25,m2-m0,pe,G2F,2016,0.05925737789299543,0.01732292325498754,27
0.25,m2-m0,pe,G2F,2018,0.060702181504769255,0.018353421430597282,29
0.25,m2-m0,pe,G2F,2020,0.04504017670982826,0.011611445605069236,24
0.25,m2-m0,pe,G2F,2022,0.009292183023767862,0.009672560246428421,27
0.25,m2-m0,pe,G2F,2024,0.004430626019196376,0.012123767789280041,22
0.25,m2-m0,pe,GEM_IA,2016,0.06345766145658463,0.06770019805217661,7
0.25,m2-m0,pe,GEM_IA,2017,0.05464175968101437,0.027724315688478884,7
0.25,m2-m0,pe,GEM_IA,2018,0.026574557672293605,0.027207360320733155,9
0.25,m2-m0,pe,GEM_IA,2019,0.01471262236952329,0.005206633666859855,9
0.25,m2-m0,pe,MU_SOY,2020,0.031294578427876946,0.00935624156981719,11
0.25,m2-m0,pe,NUST,2005,0.051693933221933705,0.032819099819670475,16
0.25,m2-m0,pe,NUST,2006,0.04588675022184022,0.015880239410011415,13
0.25,m2-m0,pe,NUST,2007,-7.95477692154574e-05,0.009971916936176661,19
0.25,m2-m0,pe,NUST,2008,0.0014559636904237438,0.0007284823717221442,16
0.25,m2-m0,pe,NUST,2009,0.04576419713025571,0.018433384444792478,15
0.25,m2-m0,pe,NUST,2010,0.0,0.0,23
0.25,m2-m0,pe,NUST,2011,0.03725057417232623,0.039385517121419605,20
0.25,m2-m0,pe,NUST,2012,0.026522627646922804,0.022361876584225077,29
0.25,m2-m0,pe,NUST,2013,0.031621105945832416,0.013511800247988962,35
0.25,m2-m0,pe,NUST,2014,0.08619656535322343,0.021045403755061858,33
0.25,m2-m0,pe,NUST,2015,0.047962248305941736,0.018040451499116796,39
0.25,m2-m0,pe,NUST,2016,0.037016858591044886,0.014272523605532852,38
0.25,m2-m0,pe,NUST,2017,0.011932571022784343,0.019775402894113354,36
0.25,m2-m0,pe,NUST,2019,0.015505091329131634,0.007472579494673555,34
0.25,m2-m0,pe,NUST,2020,0.03674823860020969,0.038789962642891765,28
0.25,m2-m0,pe,URSN,1999,0.0,0.0,5
0.25,m2-m0,pe,URSN,2000,-0.005294937624299098,0.01319529197921791,4
0.25,m2-m0,pe,URSN,2002,-0.013324513876665,0.008391825512961424,4
0.25,m2-m0,pe,URSN,2003,0.0023505329357818073,0.003230982462299558,5
0.25,m2-m0,pe,URSN,2004,0.0007988802683032148,0.0005327621820701662,5
0.25,m2-m0,pe,URSN,2009,0.0,0.0,5
0.25,m2-m0,pe,URSN,2014,-0.0006197411410955201,0.001492429819163964,5
0.25,m2-m0,pe,URSN,2015,0.0,0.0,6
0.25,m2-m0,pe,URSN,2019,0.00013544809519543398,0.00027789159911384073,5
0.25,m2-m0,sd,ESWYT,2006,0.0,0.0,29
0.25,m2-m0,sd,ESWYT,2007,0.05536946684901739,0.06561922654009045,39
0.25,m2-m0,sd,ESWYT,2008,0.0,0.0,22
0.25,m2-m0,sd,ESWYT,2009,0.059504942961758206,0.07602597742612127,31
0.25,m2-m0,sd,ESWYT,2010,0.011461874942457486,0.03505842583550011,35
0.25,m2-m0,sd,ESWYT,2011,0.0,0.0,44
0.25,m2-m0,sd,ESWYT,2012,-0.0052318111211786915,0.0511140932652485,38
0.25,m2-m0,sd,ESWYT,2013,-0.029973632098780803,0.04663565105555462,45
0.25,m2-m0,sd,ESWYT,2014,-0.0055548509389787264,0.0681029656598303,39
0.25,m2-m0,sd,ESWYT,2015,0.06113228703647942,0.0614343390437376,44
0.25,m2-m0,sd,ESWYT,2016,-0.03023667507632378,0.05112576259642038,42
0.25,m2-m0,sd,ESWYT,2017,0.05044481246919724,0.06662820450742599,43
0.25,m2-m0,sd,G2F,2016,0.12956804810491146,0.0407448223760592,27
0.25,m2-m0,sd,G2F,2018,0.032343413840218375,0.029495269157842344,29
0.25,m2-m0,sd,G2F,2020,0.052509496750328725,0.03350300445764234,24
0.25,m2-m0,sd,G2F,2022,0.04812953166576491,0.019886211835645828,27
0.25,m2-m0,sd,G2F,2024,-0.03414884640164875,0.024255224460996132,22
0.25,m2-m0,sd,GEM_IA,2016,0.08069428404727083,0.07553883348834518,7
0.25,m2-m0,sd,GEM_IA,2017,0.0021139623633655647,0.03333283164465179,7
0.25,m2-m0,sd,GEM_IA,2018,0.015876616700294055,0.030926497399031555,9
0.25,m2-m0,sd,GEM_IA,2019,-0.00019272803120641403,0.028933476390560996,9
0.25,m2-m0,sd,MU_SOY,2020,-0.009915564831071437,0.04806036207695972,11
0.25,m2-m0,sd,NUST,2005,0.10746852015975425,0.09343637912785514,16
0.25,m2-m0,sd,NUST,2006,0.16923908793784376,0.1212820278960508,13
0.25,m2-m0,sd,NUST,2007,-0.02366316561920678,0.036452367636276,19
0.25,m2-m0,sd,NUST,2008,-0.023303956973383017,0.01572439664715567,16
0.25,m2-m0,sd,NUST,2009,-0.07603699441425496,0.05011084346609349,15
0.25,m2-m0,sd,NUST,2010,0.0,0.0,23
0.25,m2-m0,sd,NUST,2011,0.07275486796326167,0.10221187477954434,20
0.25,m2-m0,sd,NUST,2012,0.13743420182505717,0.06042093556784941,29
0.25,m2-m0,sd,NUST,2013,0.11886905794187985,0.0666302942543669,35
0.25,m2-m0,sd,NUST,2014,0.19342895793083906,0.07473000743627065,33
0.25,m2-m0,sd,NUST,2015,-0.039631463196704186,0.0542072653979226,39
0.25,m2-m0,sd,NUST,2016,0.14699357236802746,0.06282510518954607,38
0.25,m2-m0,sd,NUST,2017,-0.015126365546060703,0.06294980633159254,36
0.25,m2-m0,sd,NUST,2019,0.04874461608512732,0.04517214428938596,34
0.25,m2-m0,sd,NUST,2020,0.05306645007533232,0.07617609645465986,28
0.25,m2-m0,sd,URSN,1999,0.0,0.0,5
0.25,m2-m0,sd,URSN,2000,-0.5177106979055781,0.44866480759148336,4
0.25,m2-m0,sd,URSN,2002,0.08041395723445083,0.06875936799492156,4
0.25,m2-m0,sd,URSN,2003,0.0,0.0,5
0.25,m2-m0,sd,URSN,2004,0.0,0.0,5
0.25,m2-m0,sd,URSN,2009,0.0,0.0,5
0.25,m2-m0,sd,URSN,2014,0.14729092684645576,0.1313607749460126,5
0.25,m2-m0,sd,URSN,2015,0.0,0.0,6
0.25,m2-m0,sd,URSN,2019,0.0,0.0,5
0.5,m2-m1,sp,ESWYT,2006,0.035837414885495335,0.02464831654424536,6
0.5,m2-m1,sp,ESWYT,2008,0.0,0.0,19
0.5,m2-m1,sp,ESWYT,2010,0.0,0.0,19
0.5,m2-m1,sp,ESWYT,2011,0.0038937318432534637,0.008110424351098202,36
0.5,m2-m1,sp,ESWYT,2012,0.006274351300313575,0.020163838405006275,28
0.5,m2-m1,sp,ESWYT,2013,-0.035407074054760374,0.020285708982782695,29
0.5,m2-m1,sp,ESWYT,2014,-0.007096309305470674,0.03351992045321448,21
0.5,m2-m1,sp,ESWYT,2015,0.01851667995361503,0.020990181918392137,40
0.5,m2-m1,sp,ESWYT,2016,-0.025830275948684554,0.01820728248641783,37
0.5,m2-m1,sp,G2F,2016,-0.007206533160424396,0.006178131305184886,27
0.5,m2-m1,sp,G2F,2018,-0.005523919686431427,0.004645774054262016,29
0.5,m2-m1,sp,G2F,2020,-0.005531125025854243,0.0051328896791825165,24
0.5,m2-m1,sp,G2F,2022,-0.0027351645475726456,0.003520020342397146,27
0.5,m2-m1,sp,G2F,2024,-0.008106837998925694,0.005383251859059916,22
0.5,m2-m1,sp,GEM_IA,2016,0.006616396845135355,0.004989078480931798,6
0.5,m2-m1,sp,GEM_IA,2017,-0.01772222048921254,0.01048132078921016,7
0.5,m2-m1,sp,GEM_IA,2018,-0.004802212681057486,0.0027474112836333403,8
0.5,m2-m1,sp,GEM_IA,2019,-0.004617658719548925,0.002799647650008452,9
0.5,m2-m1,sp,MU_SOY,2020,-0.0017267784554061806,0.0055871369270116015,11
0.5,m2-m1,sp,NUST,2005,0.08477954184578569,0.05679516806225311,9
0.5,m2-m1,sp,NUST,2006,0.09712219085816771,0.03345821049762799,6
0.5,m2-m1,sp,NUST,2007,0.009523760128814774,0.029461431548177097,5
0.5,m2-m1,sp,NUST,2008,0.0005928930587090288,0.0037358022835974874,7
0.5,m2-m1,sp,NUST,2009,0.014274814939513337,0.009442071191836671,8
0.5,m2-m1,sp,NUST,2010,-0.0001439178765810935,0.00499771647231532,10
0.5,m2-m1,sp,NUST,2011,-0.00967019328985386,0.009821878519132137,10
0.5,m2-m1,sp,NUST,2012,-0.001552626479462017,0.019742269301451246,14
0.5,m2-m1,sp,NUST,2013,0.008161736501611314,0.01375110454420113,18
0.5,m2-m1,sp,NUST,2014,0.0345074428979496,0.01354218415187984,23
0.5,m2-m1,sp,NUST,2015,0.014075924385285278,0.010125060119964283,29
0.5,m2-m1,sp,NUST,2016,0.0011696794543565499,0.010605412450953254,27
0.5,m2-m1,sp,NUST,2017,0.018293253256645187,0.014853374218504032,20
0.5,m2-m1,sp,NUST,2019,0.0016894307883242126,0.012264465585212802,21
0.5,m2-m1,sp,NUST,2020,-0.03478029345657554,0.014443031795326836,16
0.5,m2-m1,sp,URSN,2015,0.0,0.0,6
0.5,m2-m1,sp,URSN,2019,-0.001515151515151525,0.0012990412330042096,4
0.5,m2-m1,pe,ESWYT,2006,0.03286609544323205,0.02941637962080331,6
0.5,m2-m1,pe,ESWYT,2008,0.0,0.0,19
0.5,m2-m1,pe,ESWYT,2010,0.0,0.0,19
0.5,m2-m1,pe,ESWYT,2011,0.011225179686744602,0.00913720413190426,36
0.5,m2-m1,pe,ESWYT,2012,-0.011295755335242744,0.018017492240375986,28
0.5,m2-m1,pe,ESWYT,2013,-0.040640021449989135,0.022797609651034313,29
0.5,m2-m1,pe,ESWYT,2014,-1.223135709288051e-05,0.03311156782984233,21
0.5,m2-m1,pe,ESWYT,2015,0.011880071100582831,0.018032853749618043,40
0.5,m2-m1,pe,ESWYT,2016,-0.033569020942080634,0.01776112550004612,37
0.5,m2-m1,pe,G2F,2016,-0.009314737275672202,0.0077745489227765245,27
0.5,m2-m1,pe,G2F,2018,-0.009929137639801064,0.005400815092954802,29
0.5,m2-m1,pe,G2F,2020,0.0018872127919561596,0.004447755838686674,24
0.5,m2-m1,pe,G2F,2022,-0.0052620513841462645,0.004237306707603757,27
0.5,m2-m1,pe,G2F,2024,-0.009626952151597782,0.005728064978785209,22
0.5,m2-m1,pe,GEM_IA,2016,0.0019319175215588812,0.005803945869116351,6
0.5,m2-m1,pe,GEM_IA,2017,-0.00925613170745502,0.005907836447837745,7
0.5,m2-m1,pe,GEM_IA,2018,-0.004631659354278415,0.0016897862589848058,8
0.5,m2-m1,pe,GEM_IA,2019,-0.0035310667281775853,0.0024741145885254848,9
0.5,m2-m1,pe,MU_SOY,2020,0.0062369550291098775,0.006040848243346964,11
0.5,m2-m1,pe,NUST,2005,0.05128728482375209,0.05032411633123791,9
0.5,m2-m1,pe,NUST,2006,0.08855746203201044,0.028807508569458986,6
0.5,m2-m1,pe,NUST,2007,0.0028995371698020147,0.016113693427086274,5
0.5,m2-m1,pe,NUST,2008,0.004772003739064838,0.0025082492010360447,7
0.5,m2-m1,pe,NUST,2009,0.021003164992598577,0.011403770038303692,8
0.5,m2-m1,pe,NUST,2010,0.004144352669827699,0.0039970879167392425,10
0.5,m2-m1,pe,NUST,2011,-0.012885233264983259,0.010440842286914385,10
0.5,m2-m1,pe,NUST,2012,-0.009211307635802257,0.015458380531717612,14
0.5,m2-m1,pe,NUST,2013,0.00901469155472223,0.011634877158720346,18
0.5,m2-m1,pe,NUST,2014,0.016199942135402327,0.009773338681910177,23
0.5,m2-m1,pe,NUST,2015,0.012936007313599113,0.00885445634875062,29
0.5,m2-m1,pe,NUST,2016,-0.0007727357158933217,0.008936921316025215,27
0.5,m2-m1,pe,NUST,2017,0.0022021445080968108,0.01723679487064674,20
0.5,m2-m1,pe,NUST,2019,0.006525771577584306,0.009319710465864278,21
0.5,m2-m1,pe,NUST,2020,-0.033055812668209825,0.011956828403554557,16
0.5,m2-m1,pe,URSN,2015,0.0,0.0,6
0.5,m2-m1,pe,URSN,2019,0.0003064124806788221,0.0010550393935475158,4
0.5,m2-m1,sd,ESWYT,2006,0.11761588530725642,0.10698195554292139,6
0.5,m2-m1,sd,ESWYT,2008,0.0,0.0,19
0.5,m2-m1,sd,ESWYT,2010,0.0,0.0,19
0.5,m2-m1,sd,ESWYT,2011,0.024230566307526725,0.07773644536057132,36
0.5,m2-m1,sd,ESWYT,2012,0.12691420597388173,0.08294487651883038,28
0.5,m2-m1,sd,ESWYT,2013,0.09724585269880394,0.14547641782661141,29
0.5,m2-m1,sd,ESWYT,2014,0.03663577225420947,0.14555054197475772,21
0.5,m2-m1,sd,ESWYT,2015,-0.06628903802576666,0.08999723191919626,40
0.5,m2-m1,sd,ESWYT,2016,-0.0008881596377215402,0.0771931411711916,37
0.5,m2-m1,sd,G2F,2016,0.01244832380668469,0.024045679057473693,27
0.5,m2-m1,sd,G2F,2018,-0.04324011004131842,0.01918928118162668,29
0.5,m2-m1,sd,G2F,2020,-0.05606282943658696,0.02244894055666765,24
0.5,m2-m1,sd,G2F,2022,0.0219340076590416,0.018879319494196897,27
0.5,m2-m1,sd,G2F,2024,-0.009280101183152666,0.021443144048259685,22
0.5,m2-m1,sd,GEM_IA,2016,-0.04393617876310746,0.045367390705909685,6
0.5,m2-m1,sd,GEM_IA,2017,0.029490188741336017,0.027648019097704427,7
0.5,m2-m1,sd,GEM_IA,2018,0.004883592228516722,0.013475587731519223,8
0.5,m2-m1,sd,GEM_IA,2019,0.001637710572779067,0.0012600663936861492,9
0.5,m2-m1,sd,MU_SOY,2020,-0.056690638071122616,0.03293594018287948,11
0.5,m2-m1,sd,NUST,2005,-0.03677580509145035,0.06545304220390773,9
0.5,m2-m1,sd,NUST,2006,0.08093427298949558,0.10044050524242323,6
0.5,m2-m1,sd,NUST,2007,0.053926668723729976,0.11864153452925502,5
0.5,m2-m1,sd,NUST,2008,0.0,0.0,7
0.5,m2-m1,sd,NUST,2009,-0.07418367090583317,0.10240069672221143,8
0.5,m2-m1,sd,NUST,2010,-0.028503856307831105,0.05059965406046518,10
0.5,m2-m1,sd,NUST,2011,0.030476880057921492,0.0579093453813001,10
0.5,m2-m1,sd,NUST,2012,-0.09307115084596647,0.07936876764654002,14
0.5,m2-m1,sd,NUST,2013,-0.09470256362691692,0.043431180491565684,18
0.5,m2-m1,sd,NUST,2014,-0.04207086964927725,0.06113865864207148,23
0.5,m2-m1,sd,NUST,2015,-0.026048912062102803,0.03100112538971563,29
0.5,m2-m1,sd,NUST,2016,0.020078635078114384,0.05359389769857774,27
0.5,m2-m1,sd,NUST,2017,0.04927269775750874,0.04839631281658774,20
0.5,m2-m1,sd,NUST,2019,-0.06948290438561329,0.06537456065970888,21
0.5,m2-m1,sd,NUST,2020,-0.11172325125832847,0.030537627839497997,16
0.5,m2-m1,sd,URSN,2015,0.0,0.0,6
0.5,m2-m1,sd,URSN,2019,0.0,0.0,4
0.5,m1-m0,sp,ESWYT,2006,0.011410675663348593,0.00799097008979881,6
0.5,m1-m0,sp,ESWYT,2008,0.0,0.0,19
0.5,m1-m0,sp,ESWYT,2010,0.0,0.0,19
0.5,m1-m0,sp,ESWYT,2011,0.003216463826326652,0.0018854373510563053,36
0.5,m1-m0,sp,ESWYT,2012,0.028020050510896212,0.007643340159014283,28
0.5,m1-m0,sp,ESWYT,2013,0.0013223904659628496,0.01353880577022384,29
0.5,m1-m0,sp,ESWYT,2014,0.01522288863217843,0.028472295022473643,21
0.5,m1-m0,sp,ESWYT,2015,0.011585046227316171,0.007893103614982418,40
0.5,m1-m0,sp,ESWYT,2016,0.02070830742948012,0.01516401736433948,37
0.5,m1-m0,sp,G2F,2016,0.08319850726659073,0.019547829039889147,27
0.5,m1-m0,sp,G2F,2018,0.07936541819938829,0.016498072076702435,29
0.5,m1-m0,sp,G2F,2020,0.04534125660378096,0.00971600773024279,24
0.5,m1-m0,sp,G2F,2022,0.028935989026899818,0.008601534257090043,27
0.5,m1-m0,sp,G2F,2024,0.0255801344333457,0.00907680873976938,22
0.5,m1-m0,sp,GEM_IA,2016,0.12049620937674399,0.05277478368154692,6
0.5,m1-m0,sp,GEM_IA,2017,0.04218917689818087,0.018970306241867182,7
0.5,m1-m0,sp,GEM_IA,2018,0.04047517137957287,0.04025785045701378,8
0.5,m1-m0,sp,GEM_IA,2019,0.014114697524466816,0.010338707584722115,9
0.5,m1-m0,sp,MU_SOY,2020,0.031947185718073604,0.011898672551874266,11
0.5,m1-m0,sp,NUST,2005,0.06916303573668545,0.01999719497987157,9
0.5,m1-m0,sp,NUST,2006,0.08657624108835722,0.03145206118242634,6
0.5,m1-m0,sp,NUST,2007,0.04672118531213224,0.029941158981609543,5
0.5,m1-m0,sp,NUST,2008,0.0028617087691843,0.0009484639027672334,7
0.5,m1-m0,sp,NUST,2009,0.07083327577371112,0.04548511315894802,8
0.5,m1-m0,sp,NUST,2010,0.003490566321107709,0.001966599052400699,10
0.5,m1-m0,sp,NUST,2011,0.12037711174415278,0.05726596964931031,10
0.5,m1-m0,sp,NUST,2012,0.08257593100585389,0.05365049192817445,14
0.5,m1-m0,sp,NUST,2013,0.05635370752139489,0.014307668077208442,18
0.5,m1-m0,sp,NUST,2014,0.1305395917207939,0.03536839931942179,23
0.5,m1-m0,sp,NUST,2015,0.07017985345246897,0.018345642697381915,29
0.5,m1-m0,sp,NUST,2016,0.08137899135798368,0.014487832564993797,27
0.5,m1-m0,sp,NUST,2017,0.09888634877305402,0.021405836282785085,20
0.5,m1-m0,sp,NUST,2019,0.06493194283544104,0.01101110586808733,21
0.5,m1-m0,sp,NUST,2020,0.07360179894525501,0.02449546062415699,16
0.5,m1-m0,sp,URSN,2015,0.0,0.0,6
0.5,m1-m0,sp,URSN,2019,0.007575757575757576,0.006553245473208242,4
0.5,m1-m0,pe,ESWYT,2006,0.0071969921016201005,0.004702312669085144,6
0.5,m1-m0,pe,ESWYT,2008,0.0,0.0,19
0.5,m1-m0,pe,ESWYT,2010,0.0,0.0,19
0.5,m1-m0,pe,ESWYT,2011,0.004254517989215254,0.0010919660365894981,36
0.5,m1-m0,pe,ESWYT,2012,0.02460999605375026,0.006159501804350818,28
0.5,m1-m0,pe,ESWYT,2013,-0.0034279079293045955,0.011449650380111535,29
0.5,m1-m0,pe,ESWYT,2014,0.0219188105963721,0.0280206412875944,21
0.5,m1-m0,pe,ESWYT,2015,0.013221484474603118,0.0070557357444039305,40
0.5,m1-m0,pe,ESWYT,2016,0.016609541130788018,0.01132204054908419,37
0.5,m1-m0,pe,G2F,2016,0.07940012849313938,0.019795567136617655,27
0.5,m1-m0,pe,G2F,2018,0.07291848733973301,0.01672606827053612,29
0.5,m1-m0,pe,G2F,2020,0.06399342588318307,0.013788134256993434,24
0.5,m1-m0,pe,G2F,2022,0.034026161377704256,0.010732910202919173,27
0.5,m1-m0,pe,G2F,2024,0.01895103163685785,0.008235761022189925,22
0.5,m1-m0,pe,GEM_IA,2016,0.11004917066205196,0.05229597725863047,6
0.5,m1-m0,pe,GEM_IA,2017,0.052225875100427484,0.0294524410155702,7
0.5,m1-m0,pe,GEM_IA,2018,0.04818177413014356,0.041990914317723456,8
0.5,m1-m0,pe,GEM_IA,2019,0.01422750732890458,0.009928512991389037,9
0.5,m1-m0,pe,MU_SOY,2020,0.035115878915452065,0.011372426660525042,11
0.5,m1-m0,pe,NUST,2005,0.05633175985888848,0.020259504444149045,9
0.5,m1-m0,pe,NUST,2006,0.08199862767959291,0.027387271805521737,6
0.5,m1-m0,pe,NUST,2007,0.04384578183001166,0.023672750367699412,5
0.5,m1-m0,pe,NUST,2008,0.003597671679761262,0.0006492068816160503,7
0.5,m1-m0,pe,NUST,2009,0.07101678911919419,0.04030814417051266,8
0.5,m1-m0,pe,NUST,2010,0.0041670462486827,0.0017339759346241216,10
0.5,m1-m0,pe,NUST,2011,0.11993617022769025,0.06262983908087605,10
0.5,m1-m0,pe,NUST,2012,0.07524956271125567,0.04249911795473648,14
0.5,m1-m0,pe,NUST,2013,0.048059463442663604,0.013347400151413936,18
0.5,m1-m0,pe,NUST,2014,0.10888104727690696,0.030498905388455316,23
0.5,m1-m0,pe,NUST,2015,0.07152105789963797,0.013338696033237337,29
0.5,m1-m0,pe,NUST,2016,0.0745290930047646,0.013276582428743071,27
0.5,m1-m0,pe,NUST,2017,0.09846812113883427,0.022106050155026674,20
0.5,m1-m0,pe,NUST,2019,0.04774727020075305,0.011838733160336302,21
0.5,m1-m0,pe,NUST,2020,0.07332384289022431,0.02621928492077025,16
0.5,m1-m0,pe,URSN,2015,0.0,0.0,6
0.5,m1-m0,pe,URSN,2019,-0.0011447574763971263,0.0008666063584077202,4
0.5,m1-m0,sd,ESWYT,2006,0.02743869871167509,0.025388074794507495,6
0.5,m1-m0,sd,ESWYT,2008,0.0,0.0,19
0.5,m1-m0,sd,ESWYT,2010,0.0,0.0,19
0.5,m1-m0,sd,ESWYT,2011,-0.021673716469408237,0.015929808184348526,36
0.5,m1-m0,sd,ESWYT,2012,-0.04862086881799814,0.04539486468787488,28
0.5,m1-m0,sd,ESWYT,2013,-0.02933786043847614,0.09749723123040124,29
0.5,m1-m0,sd,ESWYT,2014,-0.013988066203134641,0.05710898438765412,21
0.5,m1-m0,sd,ESWYT,2015,0.21890097829892574,0.05727525817736919,40
0.5,m1-m0,sd,ESWYT,2016,-0.01063551978159886,0.05078198232124442,37
0.5,m1-m0,sd,G2F,2016,0.14215020510815415,0.04592926745153041,27
0.5,m1-m0,sd,G2F,2018,0.1248901012043398,0.02829313664369738,29
0.5,m1-m0,sd,G2F,2020,0.13060099836452715,0.04093555641762325,24
0.5,m1-m0,sd,G2F,2022,0.05897400107071712,0.020998057414908865,27
0.5,m1-m0,sd,G2F,2024,0.0009133684558191327,0.024220986489575422,22
0.5,m1-m0,sd,GEM_IA,2016,0.15395522311006507,0.11851982659664517,6
0.5,m1-m0,sd,GEM_IA,2017,0.07274791682799124,0.027499569076791904,7
0.5,m1-m0,sd,GEM_IA,2018,-0.008179856091682192,0.009113125877630635,8
0.5,m1-m0,sd,GEM_IA,2019,-0.019250809157960527,0.051922572342271656,9
0.5,m1-m0,sd,MU_SOY,2020,0.020665678133493636,0.07203732759881147,11
0.5,m1-m0,sd,NUST,2005,0.27683588266711495,0.10046543436020539,9
0.5,m1-m0,sd,NUST,2006,0.33794080396441845,0.20403958956796742,6
0.5,m1-m0,sd,NUST,2007,0.16321151327492908,0.04583912883535959,5
0.5,m1-m0,sd,NUST,2008,0.0,0.0,7
0.5,m1-m0,sd,NUST,2009,-0.0204954272669223,0.11987090819577059,8
0.5,m1-m0,sd,NUST,2010,0.0006932947123821309,0.0014124687993511012,10
0.5,m1-m0,sd,NUST,2011,0.12392586356730398,0.18098186669413552,10
0.5,m1-m0,sd,NUST,2012,0.2505276873566606,0.11500597856619972,14
0.5,m1-m0,sd,NUST,2013,0.1588536635940539,0.07162940399480462,18
0.5,m1-m0,sd,NUST,2014,0.2555782448610669,0.1269819565442912,23
0.5,m1-m0,sd,NUST,2015,0.0690789102266379,0.047396376533929835,29
0.5,m1-m0,sd,NUST,2016,0.14174579979429283,0.0501825509815934,27
0.5,m1-m0,sd,NUST,2017,0.330299295162165,0.05514288016395303,20
0.5,m1-m0,sd,NUST,2019,0.1775963125383194,0.04377614969842525,21
0.5,m1-m0,sd,NUST,2020,0.22838486947532818,0.10275539273455248,16
0.5,m1-m0,sd,URSN,2015,0.0,0.0,6
0.5,m1-m0,sd,URSN,2019,0.0,0.0,4
0.5,m2-m0,sp,ESWYT,2006,0.047248090548843935,0.029252010235081328,6
0.5,m2-m0,sp,ESWYT,2008,0.0,0.0,19
0.5,m2-m0,sp,ESWYT,2010,0.0,0.0,19
0.5,m2-m0,sp,ESWYT,2011,0.007110195669580117,0.008534686389752733,36
0.5,m2-m0,sp,ESWYT,2012,0.03429440181120979,0.025842659493383827,28
0.5,m2-m0,sp,ESWYT,2013,-0.034084683588797515,0.02806981597130443,29
0.5,m2-m0,sp,ESWYT,2014,0.008126579326707758,0.05852258608241374,21
0.5,m2-m0,sp,ESWYT,2015,0.0301017261809312,0.027647736213000814,40
0.5,m2-m0,sp,ESWYT,2016,-0.005121968519204436,0.028057195854117006,37
0.5,m2-m0,sp,G2F,2016,0.07599197410616633,0.020163319503493954,27
0.5,m2-m0,sp,G2F,2018,0.07384149851295692,0.018738596774595457,29
0.5,m2-m0,sp,G2F,2020,0.03981013157792671,0.008743564640740891,24
0.5,m2-m0,sp,G2F,2022,0.02620082447932717,0.009172600680632938,27
0.5,m2-m0,sp,G2F,2024,0.01747329643442001,0.01342402121594254,22
0.5,m2-m0,sp,GEM_IA,2016,0.12711260622187934,0.05755651488113698,6
0.5,m2-m0,sp,GEM_IA,2017,0.024466956408968336,0.025056180338040104,7
0.5,m2-m0,sp,GEM_IA,2018,0.03567295869851539,0.041091529702532714,8
0.5,m2-m0,sp,GEM_IA,2019,0.00949703880491789,0.011197136218084899,9
0.5,m2-m0,sp,MU_SOY,2020,0.030220407262667424,0.01448444724008267,11
0.5,m2-m0,sp,NUST,2005,0.15394257758247112,0.07217813100708359,9
0.5,m2-m0,sp,NUST,2006,0.18369843194652494,0.0619175105113394,6
0.5,m2-m0,sp,NUST,2007,0.05624494544094701,0.0560710641554079,5
0.5,m2-m0,sp,NUST,2008,0.003454601827893329,0.004194119130143613,7
0.5,m2-m0,sp,NUST,2009,0.08510809071322446,0.04676316878571664,8
0.5,m2-m0,sp,NUST,2010,0.0033466484445266154,0.0062350849256572055,10
0.5,m2-m0,sp,NUST,2011,0.11070691845429889,0.06606084081908427,10
0.5,m2-m0,sp,NUST,2012,0.08102330452639188,0.059043380910676756,14
0.5,m2-m0,sp,NUST,2013,0.06451544402300619,0.022719220872584735,18
0.5,m2-m0,sp,NUST,2014,0.1650470346187435,0.041053044538617245,23
0.5,m2-m0,sp,NUST,2015,0.08425577783775423,0.024376962720133937,29
0.5,m2-m0,sp,NUST,2016,0.08254867081234023,0.019391238462562764,27
0.5,m2-m0,sp,NUST,2017,0.11717960202969924,0.02607834908284088,20
0.5,m2-m0,sp,NUST,2019,0.06662137362376525,0.01693869314707069,21
0.5,m2-m0,sp,NUST,2020,0.038821505488679464,0.035321200493316475,16
0.5,m2-m0,sp,URSN,2015,0.0,0.0,6
0.5,m2-m0,sp,URSN,2019,0.006060606060606051,0.007195776856611491,4
0.5,m2-m0,pe,ESWYT,2006,0.040063087544852154,0.03303455675409805,6
0.5,m2-m0,pe,ESWYT,2008,0.0,0.0,19
0.5,m2-m0,pe,ESWYT,2010,0.0,0.0,19
0.5,m2-m0,pe,ESWYT,2011,0.015479697675959855,0.00986632475640772,36
0.5,m2-m0,pe,ESWYT,2012,0.013314240718507519,0.023385693511141874,28
0.5,m2-m0,pe,ESWYT,2013,-0.044067929379293734,0.0314383393775162,29
0.5,m2-m0,pe,ESWYT,2014,0.02190657923927922,0.055315068461736665,21
0.5,m2-m0,pe,ESWYT,2015,0.025101555575185952,0.024452723898736997,40
0.5,m2-m0,pe,ESWYT,2016,-0.01695947981129261,0.025120141834132713,37
0.5,m2-m0,pe,G2F,2016,0.0700853912174672,0.022296508353162808,27
0.5,m2-m0,pe,G2F,2018,0.06298934969993189,0.019338898681290937,29
0.5,m2-m0,pe,G2F,2020,0.06588063867513923,0.01371541733256747,24
0.5,m2-m0,pe,G2F,2022,0.028764109993557992,0.011999685947607619,27
0.5,m2-m0,pe,G2F,2024,0.009324079485260069,0.01263583836942295,22
0.5,m2-m0,pe,GEM_IA,2016,0.11198108818361084,0.057053611432955696,6
0.5,m2-m0,pe,GEM_IA,2017,0.04296974339297247,0.03238779745461231,7
0.5,m2-m0,pe,GEM_IA,2018,0.04355011477586515,0.042375502760738835,8
0.5,m2-m0,pe,GEM_IA,2019,0.010696440600726994,0.010699012835221839,9
0.5,m2-m0,pe,MU_SOY,2020,0.04135283394456195,0.015978701875581827,11
0.5,m2-m0,pe,NUST,2005,0.10761904468264058,0.06746117186939828,9
0.5,m2-m0,pe,NUST,2006,0.17055608971160338,0.052927903272409274,6
0.5,m2-m0,pe,NUST,2007,0.04674531899981368,0.03703279232424204,5
0.5,m2-m0,pe,NUST,2008,0.0083696754188261,0.002773373762999622,7
0.5,m2-m0,pe,NUST,2009,0.09201995411179277,0.043748671033845665,8
0.5,m2-m0,pe,NUST,2010,0.008311398918510399,0.005558173689625949,10
0.5,m2-m0,pe,NUST,2011,0.107050936962707,0.06632003788336202,10
0.5,m2-m0,pe,NUST,2012,0.06603825507545343,0.049509009130424914,14
0.5,m2-m0,pe,NUST,2013,0.057074154997385836,0.02237342526791796,18
0.5,m2-m0,pe,NUST,2014,0.12508098941230922,0.03705108626168698,23
0.5,m2-m0,pe,NUST,2015,0.08445706521323708,0.019593595160206378,29
0.5,m2-m0,pe,NUST,2016,0.07375635728887128,0.01816851870931282,27
0.5,m2-m0,pe,NUST,2017,0.10067026564693107,0.029688962577339863,20
0.5,m2-m0,pe,NUST,2019,0.05427304177833735,0.014196002077512237,21
0.5,m2-m0,pe,NUST,2020,0.0402680302220145,0.03355778896100134,16
0.5,m2-m0,pe,URSN,2015,0.0,0.0,6
0.5,m2-m0,pe,URSN,2019,-0.0008383449957183042,0.0013758885134849672,4
0.5,m2-m0,sd,ESWYT,2006,0.1450545840189315,0.10739617971365376,6
0.5,m2-m0,sd,ESWYT,2008,0.0,0.0,19
0.5,m2-m0,sd,ESWYT,2010,0.0,0.0,19
0.5,m2-m0,sd,ESWYT,2011,0.0025568498381184895,0.07985386910471999,36
0.5,m2-m0,sd,ESWYT,2012,0.07829333715588357,0.09991112229598424,28
0.5,m2-m0,sd,ESWYT,2013,0.06790799226032783,0.1753048529155839,29
0.5,m2-m0,sd,ESWYT,2014,0.02264770605107485,0.15867019398494958,21
0.5,m2-m0,sd,ESWYT,2015,0.1526119402731591,0.1024756957948195,40
0.5,m2-m0,sd,ESWYT,2016,-0.011523679419320396,0.085753749911636,37
0.5,m2-m0,sd,G2F,2016,0.15459852891483886,0.05559585136497303,27
0.5,m2-m0,sd,G2F,2018,0.08164999116302137,0.036385572044064673,29
0.5,m2-m0,sd,G2F,2020,0.07453816892794017,0.04328317592925002,24
0.5,m2-m0,sd,G2F,2022,0.08090800872975874,0.029203853944834622,27
0.5,m2-m0,sd,G2F,2024,-0.008366732727333532,0.03240463023552676,22
0.5,m2-m0,sd,GEM_IA,2016,0.1100190443469576,0.11175066593566149,6
0.5,m2-m0,sd,GEM_IA,2017,0.10223810556932726,0.04417228209610581,7
0.5,m2-m0,sd,GEM_IA,2018,-0.0032962638631654703,0.011075123581197884,8
0.5,m2-m0,sd,GEM_IA,2019,-0.01761309858518146,0.05183234220687204,9
0.5,m2-m0,sd,MU_SOY,2020,-0.03602495993762899,0.08610560899119307,11
0.5,m2-m0,sd,NUST,2005,0.2400600775756646,0.11247632577793787,9
0.5,m2-m0,sd,NUST,2006,0.41887507695391396,0.2274939375489931,6
0.5,m2-m0,sd,NUST,2007,0.21713818199865909,0.1599047068815178,5
0.5,m2-m0,sd,NUST,2008,0.0,0.0,7
0.5,m2-m0,sd,NUST,2009,-0.09467909817275548,0.10290759973154776,8
0.5,m2-m0,sd,NUST,2010,-0.027810561595448972,0.049215168351596214,10
0.5,m2-m0,sd,NUST,2011,0.1544027436252255,0.18272661530129358,10
0.5,m2-m0,sd,NUST,2012,0.15745653651069416,0.13448626796261118,14
0.5,m2-m0,sd,NUST,2013,0.06415109996713696,0.07719225360670826,18
0.5,m2-m0,sd,NUST,2014,0.21350737521178964,0.1366098566967876,23
0.5,m2-m0,sd,NUST,2015,0.04302999816453509,0.05675752818053234,29
0.5,m2-m0,sd,NUST,2016,0.1618244348724072,0.07358407798150192,27
0.5,m2-m0,sd,NUST,2017,0.3795719929196738,0.07852054557045676,20
0.5,m2-m0,sd,NUST,2019,0.10811340815270612,0.08146798195385284,21
0.5,m2-m0,sd,NUST,2020,0.1166616182169997,0.09249724867988407,16
0.5,m2-m0,sd,URSN,2015,0.0,0.0,6
0.5,m2-m0,sd,URSN,2019,0.0,0.0,4
