method,metric,dataset,target,d,se,n_env,pooled_m,pooled_c
clac,sp,G2F,2016,0.07953652232221156,0.024691705267827446,24,0.40464721928625996,0.11977842150778759
clac,pe,G2F,2016,0.08951854782033238,0.024200598235141948,24,0.40464721928625996,0.11977842150778759
clac,sd,G2F,2016,0.10001166870391338,0.04836320778677975,24,0.40464721928625996,0.11977842150778759
clac,sp_new,G2F,2016,0.08683807479868615,0.03062262867041656,24,0.40464721928625996,0.11977842150778759
clac,sp_old,G2F,2016,0.05766854370473463,0.019274373295491785,24,0.40464721928625996,0.11977842150778759
clac,sp,G2F,2018,0.05382235314397434,0.021993481934619533,29,0.3653345372490351,0.06352341455624695
clac,pe,G2F,2018,0.07848093095488701,0.01880331066355814,29,0.3653345372490351,0.06352341455624695
clac,sd,G2F,2018,0.09913992551383513,0.04632600806453872,29,0.3653345372490351,0.06352341455624695
clac,sp_new,G2F,2018,0.06188322465148994,0.023672603588812745,29,0.3653345372490351,0.06352341455624695
clac,sp_old,G2F,2018,-0.020587274366985694,0.019437625219516353,24,0.3653345372490351,0.06352341455624695
clac,sp,G2F,2020,0.03129120162885068,0.012307712589085421,23,0.45716333375861756,0.0019235053672118775
clac,pe,G2F,2020,0.06823350468243826,0.015246139209809316,23,0.45716333375861756,0.0019235053672118775
clac,sd,G2F,2020,0.1195216859372789,0.03520219880683798,23,0.45716333375861756,0.0019235053672118775
clac,sp_new,G2F,2020,0.018645375601825342,0.013069943314722747,23,0.45716333375861756,0.0019235053672118775
clac,sp_old,G2F,2020,0.05618779238985091,0.01986968564728802,21,0.45716333375861756,0.0019235053672118775
clac,sp,G2F,2022,0.06325490816463454,0.010705975866334547,26,0.7318459660572395,0.1778376556869563
clac,pe,G2F,2022,0.07494467287619967,0.009522389698135611,26,0.7318459660572395,0.1778376556869563
clac,sd,G2F,2022,0.05522383422560266,0.02892921623170748,26,0.7318459660572395,0.1778376556869563
clac,sp_new,G2F,2022,0.06867384985116037,0.0122643921172214,26,0.7318459660572395,0.1778376556869563
clac,sp_old,G2F,2022,0.07804371471019464,0.024264018717445945,17,0.7318459660572395,0.1778376556869563
clac,sp,G2F,2024,0.07463007422999846,0.021422276623234086,21,0.4457208642789056,0.148262628887418
clac,pe,G2F,2024,0.08467459370923816,0.015670513978516053,21,0.4457208642789056,0.148262628887418
clac,sd,G2F,2024,0.14571312865540384,0.04868132734588782,21,0.4457208642789056,0.148262628887418
clac,sp_new,G2F,2024,0.10017319316091092,0.022017035941334424,21,0.4457208642789056,0.148262628887418
clac,sp_old,G2F,2024,-0.024198551671180457,0.012449569917719302,21,0.4457208642789056,0.148262628887418
lc_real,sp,G2F,2022,0.019113599136685852,0.008434344444328,24,0.29389436022704957,0.16897620927333565
lc_real,pe,G2F,2022,0.025686842858781755,0.00657919239169048,24,0.29389436022704957,0.16897620927333565
lc_real,sd,G2F,2022,0.023503678730212973,0.01939582829031042,24,0.29389436022704957,0.16897620927333565
lc_real,sp_new,G2F,2022,0.018185012274020987,0.008984806790974268,24,0.29389436022704957,0.16897620927333565
lc_real,sp_old,G2F,2022,0.033209992976726666,0.029490303801233887,15,0.29389436022704957,0.16897620927333565
flgbm_gae,sp,G2F,2022,-0.260451814672946,0.02914273700115222,27,0.4783918049898633,0.1598160224546134
flgbm_gae,pe,G2F,2022,-0.1656178495932091,0.024070230665962224,27,0.4783918049898633,0.1598160224546134
flgbm_gae,sd,G2F,2022,-0.30606542007009047,0.04407213526582548,27,0.4783918049898633,0.1598160224546134
flgbm_gae,sp_new,G2F,2022,-0.29124257171735024,0.032191658696967135,27,0.4783918049898633,0.1598160224546134
flgbm_gae,sp_old,G2F,2022,0.027557772821210386,0.02998496439957214,17,0.4783918049898633,0.1598160224546134
flgbm_gae,sp,G2F,2024,-0.21014503653273728,0.02855383627092006,22,0.18254123499337988,0.14614280618939696
flgbm_gae,pe,G2F,2024,-0.22582726970089528,0.026324469723737677,22,0.18254123499337988,0.14614280618939696
flgbm_gae,sd,G2F,2024,-0.21660494088687593,0.05794830497729049,22,0.18254123499337988,0.14614280618939696
flgbm_gae,sp_new,G2F,2024,-0.18113372555345642,0.029242703555861414,22,0.18254123499337988,0.14614280618939696
flgbm_gae,sp_old,G2F,2024,-0.08036580779489379,0.020237682157374037,22,0.18254123499337988,0.14614280618939696
clac_A,sp,G2F,2016,0.054651230313514494,0.02831966992747272,24,0.3935270389362727,0.11977842150778759
clac_A,pe,G2F,2016,0.062036995457287906,0.02692902911969607,24,0.3935270389362727,0.11977842150778759
clac_A,sd,G2F,2016,0.05171370431014977,0.0623348462675001,24,0.3935270389362727,0.11977842150778759
clac_A,sp_new,G2F,2016,0.06032863574727263,0.03403513894907689,24,0.3935270389362727,0.11977842150778759
clac_A,sp_old,G2F,2016,0.03697987684877144,0.02207350587587579,24,0.3935270389362727,0.11977842150778759
clac_A,sp,G2F,2018,0.022211155657061766,0.0293051396731798,29,0.3560258999558879,0.06352341455624695
clac_A,pe,G2F,2018,0.05582905714470598,0.02428573958904135,29,0.3560258999558879,0.06352341455624695
clac_A,sd,G2F,2018,0.07726337098379531,0.05397055504178077,29,0.3560258999558879,0.06352341455624695
clac_A,sp_new,G2F,2018,0.02819258580090456,0.030971685022495008,29,0.3560258999558879,0.06352341455624695
clac_A,sp_old,G2F,2018,-0.05280494847761367,0.026839840774822637,24,0.3560258999558879,0.06352341455624695
clac_A,sp,G2F,2020,0.03833878232431955,0.019711091038741305,23,0.43038720023974253,0.0019235053672118775
clac_A,pe,G2F,2020,0.08970665980671176,0.02188039265625766,23,0.43038720023974253,0.0019235053672118775
clac_A,sd,G2F,2020,0.13474006408649072,0.04305534142062244,23,0.43038720023974253,0.0019235053672118775
clac_A,sp_new,G2F,2020,0.013566507978000089,0.019438578673090876,23,0.43038720023974253,0.0019235053672118775
clac_A,sp_old,G2F,2020,0.10836299814682852,0.0262381976225537,21,0.43038720023974253,0.0019235053672118775
clac_A,sp,G2F,2022,0.041050893090458715,0.01404886618104107,26,0.6710806115863727,0.1778376556869563
clac_A,pe,G2F,2022,0.02440845700571283,0.01294489349041212,26,0.6710806115863727,0.1778376556869563
clac_A,sd,G2F,2022,-0.0049921782359055745,0.034999765433027,26,0.6710806115863727,0.1778376556869563
clac_A,sp_new,G2F,2022,0.05423379823715245,0.015275217564335333,26,0.6710806115863727,0.1778376556869563
clac_A,sp_old,G2F,2022,0.08844243542668598,0.029223182388126694,17,0.6710806115863727,0.1778376556869563
clac_A,sp,G2F,2024,0.11476916481392124,0.023989459810376926,21,0.4504010877329334,0.148262628887418
clac_A,pe,G2F,2024,0.11097896120456745,0.01921925464485079,21,0.4504010877329334,0.148262628887418
clac_A,sd,G2F,2024,0.19475824370414224,0.048278070878202066,21,0.4504010877329334,0.148262628887418
clac_A,sp_new,G2F,2024,0.14188471500279132,0.02602121756145552,21,0.4504010877329334,0.148262628887418
clac_A,sp_old,G2F,2024,-0.01346301024689358,0.017730221387903127,21,0.4504010877329334,0.148262628887418
clac_B,sp,G2F,2016,0.04900419450995868,0.019427255144287534,27,0.3875709939292447,0.11553662459213498
clac_B,pe,G2F,2016,0.07112717511456186,0.01994477747507574,27,0.3875709939292447,0.11553662459213498
clac_B,sd,G2F,2016,0.14165543610080286,0.04855715315798146,27,0.3875709939292447,0.11553662459213498
clac_B,sp_new,G2F,2016,0.05725905123711459,0.025825667640186727,27,0.3875709939292447,0.11553662459213498
clac_B,sp_old,G2F,2016,0.035127404633247476,0.011645306658259438,27,0.3875709939292447,0.11553662459213498
clac_B,sp,G2F,2018,0.048675076378409204,0.011085467726257025,29,0.34071997112342767,0.06352341455624695
clac_B,pe,G2F,2018,0.058826849545644246,0.009460435277649783,29,0.34071997112342767,0.06352341455624695
clac_B,sd,G2F,2018,0.0257154201228861,0.03831502471356841,29,0.34071997112342767,0.06352341455624695
clac_B,sp_new,G2F,2018,0.057872834443706944,0.012372436171130156,29,0.34071997112342767,0.06352341455624695
clac_B,sp_old,G2F,2018,-0.018878904217979765,0.012308142745312778,24,0.34071997112342767,0.06352341455624695
clac_B,sp,G2F,2020,0.008855279650308393,0.010038697955982761,24,0.37927079544619363,0.0016844126212366074
clac_B,pe,G2F,2020,0.0071373584289205665,0.015327380633910771,24,0.37927079544619363,0.0016844126212366074
clac_B,sd,G2F,2020,0.012103863136434717,0.03597315197499603,24,0.37927079544619363,0.0016844126212366074
clac_B,sp_new,G2F,2020,0.014079421971765918,0.01023496648666181,24,0.37927079544619363,0.0016844126212366074
clac_B,sp_old,G2F,2020,-0.07792291142217846,0.02848961284315177,21,0.37927079544619363,0.0016844126212366074
clac_B,sp,G2F,2022,0.019907436623035304,0.007303857646937454,27,0.4703326722602914,0.1598160224546134
clac_B,pe,G2F,2022,0.037406687245515574,0.006986001510953026,27,0.4703326722602914,0.1598160224546134
clac_B,sd,G2F,2022,0.006045645685653135,0.02497337762677179,27,0.4703326722602914,0.1598160224546134
clac_B,sp_new,G2F,2022,0.016727767487237616,0.007778341903783215,27,0.4703326722602914,0.1598160224546134
clac_B,sp_old,G2F,2022,-0.049164615813755176,0.02302759744565548,17,0.4703326722602914,0.1598160224546134
clac_B,sp,G2F,2024,-0.07310625008208854,0.023415461059032854,22,0.40394531893733027,0.14614280618939696
clac_B,pe,G2F,2024,-0.053024449451554094,0.020315235611751477,22,0.40394531893733027,0.14614280618939696
clac_B,sd,G2F,2024,-0.17981260802234192,0.055720720282340014,22,0.40394531893733027,0.14614280618939696
clac_B,sp_new,G2F,2024,-0.04847846170871461,0.023502469867446217,22,0.40394531893733027,0.14614280618939696
clac_B,sp_old,G2F,2024,-0.12503924263453361,0.02204696916395392,22,0.40394531893733027,0.14614280618939696
flgbm_g,sp,G2F,2022,-0.22836179048196692,0.02082619135080354,27,0.5265630729840337,0.1598160224546134
flgbm_g,pe,G2F,2022,-0.1393327425190871,0.018704514688185576,27,0.5265630729840337,0.1598160224546134
flgbm_g,sd,G2F,2022,-0.19328016669761322,0.04144463722173887,27,0.5265630729840337,0.1598160224546134
flgbm_g,sp_new,G2F,2022,-0.24969269966694074,0.021253740685919335,27,0.5265630729840337,0.1598160224546134
flgbm_g,sp_old,G2F,2022,-0.01050500211593991,0.020396516894255746,17,0.5265630729840337,0.1598160224546134
flgbm_g,sp,G2F,2024,-0.22175942341989135,0.026855229568223532,22,0.4271737461437174,0.14614280618939696
flgbm_g,pe,G2F,2024,-0.2205209508827312,0.025239733113541687,22,0.4271737461437174,0.14614280618939696
flgbm_g,sd,G2F,2024,-0.1462907983442973,0.04927777490066736,22,0.4271737461437174,0.14614280618939696
flgbm_g,sp_new,G2F,2024,-0.176772371989756,0.030292607243257223,22,0.4271737461437174,0.14614280618939696
flgbm_g,sp_old,G2F,2024,-0.017969280227842135,0.01925344221775283,22,0.4271737461437174,0.14614280618939696
