panel,item,est,lo,hi,resolution,verdict
a,Own-history residual (old lines),0.001002184965113,-0.0031293352671301,0.0051337051973563,0.0256936342343242,tied
a,Line × location history (old lines),0.011516882894298834,0.003542986885088818,0.01949077890350885,0.026578871697687526,"detectable gain, below 3/√N"
a,Same-season silking dates (G2F),0.0004871811148804535,-0.003499972770270958,0.004474335000031865,0.01427729931021286,tied
a,Marker × location effects (43 y),0.012029142820823275,0.005732307291052679,0.018325978350593873,0.009061128693679749,resolved gain
a,Heteroscedastic GBLUP (48 y),0.0054533158076236245,0.0009149054888790359,0.009991726126368214,0.008717174147157603,"detectable gain, below 3/√N"
a,Learned env. correlation,7.00855742278932e-05,-0.0029081026286554798,0.003048273777111266,0.0103198252414311,tied
a,Stacking with LightGBM,-0.00276595050488742,-0.006129912013311955,0.0005980110035371149,0.010319825241431135,tied
a,Residual network,-0.0014403521566636985,-0.004669879476690309,0.0017891751633629116,0.010319825241431135,tied
a,Covariate env. correlation,-0.0011868669554573792,-0.0040369197833431,0.0016631858724283422,0.015028770060469153,tied
b,"GEFormer, 2024",-0.0625254580267691,-0.119777342097974,-0.0202606037085436,0.030802055181684867,resolved loss
b,"GEFormer, 2022",0.0505029255593307,0.0228089385044579,0.0780217976587715,0.027614898390477937,resolved gain
b,"GE-BiFormer, 2024",-0.2309728670411055,-0.3520397725184889,-0.1195053500910883,0.0315109361926175,resolved loss
b,"GE-BiFormer, 2022",-0.1772723841983345,-0.2361497099000579,-0.1244517487162856,0.029584302657432,resolved loss
b,"Lopez-Cruz RN, 2022",0.019113599136685852,0.002582587792597478,0.035644610480774226,0.029584302657432015,"detectable gain, below 3/√N"
