panel,item,est,lo,hi,resolution,environments
a,"Tested lines, new env.",0.02249404823393918,0.015058335661172841,0.03032372748554231,0.009194152580451078,266.0
a,"Same cohort, future years",0.042623018315171936,0.022830859340113002,0.0654706340174438,0.01700597203434443,82.0
a,"New lines, new env.",-0.0021622556807536497,-0.01482310759236456,0.010090875042703118,0.020629888089693446,258.0
a,"Forward years, mostly new lines",-0.038569663882071344,-0.05688770505355903,-0.01934588694391338,0.0136414378420972,106.0
a,"Same, genomic reference",0.002813363402510522,-0.011040122130639334,0.016562138512606954,0.0136414378420972,106.0
b,"FW vs additive, Observed weather",0.020500117699712182,0.01278324031362362,0.028159821559010086,0.009194152580451078,
b,"Kernel-gated vs FW, Observed weather",0.001993930534226996,-0.004864886652991179,0.009354323485912234,0.009194152580451078,
b,"FW vs additive, Forecast, 1 June",0.021512783857866452,0.012985145507963055,0.02994743903423029,0.01027801159991433,
b,"Kernel-gated vs FW, Forecast, 1 June",0.0010757047287591665,-0.007457772551439937,0.01028409443082719,0.01027801159991433,
b,"FW vs additive, Forecast, 1 March",0.012712104685806825,0.004073573899840641,0.021422701448367085,0.010505512901188209,
b,"Kernel-gated vs FW, Forecast, 1 March",-0.0031553595964020974,-0.013736395379079619,0.007066304003420995,0.010505512901188209,
