env,MG_2k|P1,MG_2k|P2,MG_2k|P3,D_noEC|P1,D_noEC|P2,D_noEC|P3,D_full|P1,D_full|P2,D_full|P3,year
DEH1_2022,0.232428,0.389224,0.277308,0.289814,0.298943,0.289814,0.297906,0.313235,0.295843,2022
GAH1_2022,0.140699,0.2618,0.181743,0.185054,0.182826,0.185054,0.187057,0.189623,0.184536,2022
GAH2_2022,0.135638,0.206465,0.18824,0.193162,0.20984,0.193162,0.213061,0.244044,0.219293,2022
GEH1_2022,0.211773,0.294814,0.256263,0.258177,0.261418,0.258177,0.274262,0.295088,0.272028,2022
IAH1_2022,0.363458,0.52081,0.45254,0.452553,0.466121,0.452553,0.439783,0.43715,0.438367,2022
IAH2_2022,0.108684,0.087243,0.144453,0.150258,0.159347,0.150258,0.142227,0.160885,0.144487,2022
IAH3_2022,0.341173,0.476234,0.407929,0.404684,0.409478,0.404684,0.426987,0.460005,0.435286,2022
IAH4_2022,0.268999,0.447055,0.338207,0.334755,0.35513,0.334755,0.340634,0.37265,0.347015,2022
ILH1_2022,0.23174,0.412794,0.299753,0.292572,0.30787,0.292572,0.303041,0.330897,0.307225,2022
INH1_2022,0.364002,0.539906,0.439678,0.446344,0.465833,0.446344,0.433176,0.457332,0.433781,2022
MIH1_2022,0.207884,0.317833,0.256216,0.269842,0.278374,0.269842,0.269436,0.265133,0.271962,2022
MNH1_2022,0.212544,0.371771,0.27921,0.266224,0.274704,0.266224,0.335787,0.392831,0.343012,2022
MOH2_2022,0.175268,0.200042,0.172481,0.173662,0.183786,0.173662,0.177867,0.179231,0.179716,2022
NCH1_2022,0.161108,0.30877,0.220852,0.235517,0.264704,0.235517,0.236193,0.260136,0.239793,2022
NEH1_2022,0.087156,0.1608,0.099783,0.093876,0.100157,0.093876,0.090877,0.082742,0.091504,2022
NEH2_2022,0.109298,0.284728,0.154917,0.146679,0.146691,0.146679,0.146086,0.139661,0.14211,2022
NEH3_2022,0.29503,0.490683,0.359738,0.360016,0.39054,0.360016,0.365401,0.365565,0.360518,2022
NYH2_2022,0.268958,0.325101,0.304275,0.309215,0.299251,0.309215,0.321158,0.322516,0.321722,2022
NYH3_2022,0.169942,0.290053,0.207553,0.212736,0.205271,0.212736,0.220629,0.224618,0.223388,2022
OHH1_2022,0.263766,0.388802,0.314317,0.305432,0.307887,0.305432,0.325541,0.33812,0.328199,2022
SCH1_2022,0.000606,-0.000696,-0.005428,0.006621,0.013159,0.006621,0.005992,0.026904,0.008799,2022
TXH1_2022,0.112588,0.303121,0.20562,0.212211,0.224893,0.212211,0.218291,0.216329,0.21208,2022
TXH2_2022,0.09368,0.2026,0.14699,0.152264,0.151666,0.152264,0.148612,0.144922,0.148417,2022
TXH3_2022,0.255277,0.313009,0.296335,0.290618,0.287493,0.290618,0.291729,0.278266,0.284346,2022
WIH1_2022,0.26025,0.473004,0.328269,0.332701,0.342008,0.332701,0.353488,0.3565,0.356338,2022
WIH2_2022,0.208142,0.438898,0.273358,0.271477,0.266017,0.271477,0.329712,0.38537,0.337385,2022
WIH3_2022,0.259015,0.446006,0.335844,0.338301,0.343778,0.338301,0.372447,0.399368,0.37873,2022
DEH1_2023,0.562116,0.588633,0.588633,0.514672,0.533356,0.525067,0.554348,0.557017,0.557017,2023
GAH1_2023,0.290968,0.31037,0.31037,0.283077,0.287885,0.287433,0.293494,0.290577,0.290577,2023
GAH2_2023,0.414121,0.436305,0.436305,0.39246,0.39728,0.396799,0.391918,0.400384,0.400384,2023
IAH1_2023,0.675608,0.686211,0.686211,0.614273,0.624946,0.620839,0.662883,0.661334,0.661334,2023
IAH2_2023,0.642282,0.661993,0.661993,0.578787,0.600291,0.588438,0.63717,0.642061,0.642061,2023
IAH3_2023,0.559815,0.545643,0.545643,0.473643,0.489106,0.481207,0.516794,0.523343,0.523343,2023
IAH4_2023,0.437842,0.471316,0.471316,0.462811,0.457344,0.4635,0.508219,0.509095,0.509095,2023
ILH1_2023,0.524945,0.56098,0.56098,0.486375,0.499663,0.494378,0.536535,0.527714,0.527714,2023
INH1_2023,0.591176,0.621256,0.621256,0.540415,0.556136,0.549681,0.601509,0.593975,0.593975,2023
MIH1_2023,0.437844,0.427953,0.427953,0.383317,0.393776,0.391084,0.412355,0.410961,0.410961,2023
MNH1_2023,0.544249,0.548858,0.548858,0.481293,0.501381,0.488438,0.467455,0.4845,0.4845,2023
MOH1_2023,0.46281,0.470578,0.470578,0.416576,0.425292,0.421082,0.407635,0.422506,0.422506,2023
MOH2_2023,0.502263,0.538745,0.538745,0.519699,0.512861,0.515984,0.511425,0.506127,0.506127,2023
NCH1_2023,0.222357,0.230009,0.230009,0.198934,0.201883,0.201591,0.214749,0.216711,0.216711,2023
NEH1_2023,0.364424,0.41031,0.41031,0.323051,0.34367,0.330888,0.348463,0.352935,0.352935,2023
NEH3_2023,0.258523,0.255039,0.255039,0.231988,0.227818,0.232131,0.26104,0.260129,0.260129,2023
NYH2_2023,0.429678,0.458279,0.458279,0.410148,0.416224,0.412433,0.42713,0.427521,0.427521,2023
NYH3_2023,0.424337,0.426635,0.426635,0.393217,0.401901,0.398236,0.402815,0.409205,0.409205,2023
OHH1_2023,0.480874,0.438108,0.438108,0.369097,0.382289,0.375525,0.40001,0.402137,0.402137,2023
SCH1_2023,0.198606,0.223683,0.223683,0.214869,0.224031,0.220545,0.238585,0.240475,0.240475,2023
TXH1_2023,0.358625,0.397283,0.397283,0.364938,0.357913,0.362673,0.370273,0.375973,0.375973,2023
TXH2_2023,0.303778,0.302863,0.302863,0.288487,0.288559,0.285408,0.290113,0.29456,0.29456,2023
TXH3_2023,0.247056,0.275697,0.275697,0.26189,0.260894,0.265836,0.255288,0.261208,0.261208,2023
WIH1_2023,0.116845,0.162726,0.162726,0.121417,0.128832,0.125274,0.131602,0.130334,0.130334,2023
WIH2_2023,0.557873,0.585725,0.585725,0.556087,0.555865,0.559415,0.56538,0.561979,0.561979,2023
WIH3_2023,0.49643,0.510058,0.510058,0.505682,0.51382,0.509273,0.530503,0.530058,0.530058,2023
DEH1_2024,0.295382,0.315192,0.295382,0.303433,0.328113,0.323231,0.272137,0.268774,0.272137,2024
GAH1_2024,0.14125,0.1561,0.14125,0.163535,0.174531,0.180366,0.207157,0.195797,0.207157,2024
GAH2_2024,0.238259,0.264017,0.238259,0.268288,0.280157,0.27763,0.273999,0.273538,0.273999,2024
IAH2_2024,0.201191,0.193524,0.201191,0.202075,0.201345,0.2024,0.206075,0.201124,0.206075,2024
IAH4_2024,0.428951,0.455454,0.428951,0.443747,0.465109,0.460407,0.441375,0.449922,0.441375,2024
ILH1_2024,0.254468,0.293289,0.254468,0.263166,0.264557,0.253932,0.272871,0.271787,0.272871,2024
INH1_2024,0.477378,0.485266,0.477378,0.488572,0.473167,0.47251,0.4771,0.455028,0.4771,2024
MIH1_2024,0.359458,0.387054,0.359458,0.385148,0.392305,0.390912,0.369178,0.375412,0.369178,2024
MNH1_2024,0.422117,0.427301,0.422117,0.432794,0.419495,0.422952,0.426408,0.440557,0.426408,2024
MOH1_2024,0.437128,0.429846,0.437128,0.461799,0.485729,0.485208,0.466768,0.454197,0.466768,2024
NCH1_2024,0.360246,0.369049,0.360246,0.369818,0.401959,0.397676,0.373839,0.407685,0.373839,2024
NEH1_2024,0.353486,0.36342,0.353486,0.376134,0.383045,0.391972,0.387496,0.377399,0.387496,2024
NEH2_2024,0.238996,0.225791,0.238996,0.241794,0.250809,0.250109,0.241919,0.233063,0.241919,2024
NEH3_2024,0.369632,0.408092,0.369632,0.409945,0.426441,0.429216,0.444635,0.444468,0.444635,2024
NYH2_2024,0.367792,0.392224,0.367792,0.396438,0.407556,0.398227,0.398895,0.406308,0.398895,2024
NYH3_2024,0.170276,0.172175,0.170276,0.177281,0.178513,0.178183,0.18247,0.182223,0.18247,2024
OHH1_2024,0.427548,0.431453,0.427548,0.425971,0.425606,0.429957,0.437335,0.437648,0.437335,2024
ONH3_2024,0.237848,0.228565,0.237848,0.256816,0.260883,0.258783,0.238921,0.233984,0.238921,2024
TXH1_2024,0.170458,0.167471,0.170458,0.208262,0.229353,0.224025,0.227944,0.222893,0.227944,2024
WIH1_2024,0.344088,0.361834,0.344088,0.363349,0.346373,0.355365,0.363613,0.361916,0.363613,2024
WIH2_2024,0.270751,0.283771,0.270751,0.283581,0.295068,0.293884,0.269937,0.285973,0.269937,2024
WIH3_2024,0.140997,0.151538,0.140997,0.164408,0.169194,0.166298,0.151215,0.176471,0.151215,2024
