panel,cells,without_cell_reml,without_ia_g,ia_ctrl_vs_cell_reml_median_sp
ESWYT_2006_f25_s0.parquet,1092,0,0,1.0
ESWYT_2006_f25_s1.parquet,1092,0,0,1.0
ESWYT_2006_f50_s0.parquet,75,0,0,1.0
ESWYT_2006_f50_s1.parquet,75,0,0,1.0
ESWYT_2007_f25_s0.parquet,1411,0,0,1.0
ESWYT_2007_f25_s1.parquet,1411,0,0,1.0
ESWYT_2008_f25_s0.parquet,799,0,0,1.0
ESWYT_2008_f25_s1.parquet,799,0,0,1.0
ESWYT_2008_f50_s0.parquet,475,0,0,1.0
ESWYT_2008_f50_s1.parquet,475,0,0,1.0
ESWYT_2009_f25_s0.parquet,1118,0,0,1.0
ESWYT_2009_f25_s1.parquet,1118,0,0,1.0
ESWYT_2010_f25_s0.parquet,1292,0,0,0.9999999999999999
ESWYT_2010_f25_s1.parquet,1292,0,0,0.9999999999999999
ESWYT_2010_f50_s0.parquet,250,0,0,1.0
ESWYT_2010_f50_s1.parquet,275,0,0,1.0
ESWYT_2011_f25_s0.parquet,1639,0,0,0.9999999999999999
ESWYT_2011_f25_s1.parquet,1639,0,0,0.9999999999999999
ESWYT_2011_f50_s0.parquet,875,0,0,1.0
ESWYT_2011_f50_s1.parquet,875,0,0,1.0
ESWYT_2012_f25_s0.parquet,1395,0,0,0.9999999999999999
ESWYT_2012_f25_s1.parquet,1395,0,0,0.9999999999999999
ESWYT_2012_f50_s0.parquet,700,0,0,1.0
ESWYT_2012_f50_s1.parquet,700,0,0,1.0
ESWYT_2013_f25_s0.parquet,1691,0,0,1.0
ESWYT_2013_f25_s1.parquet,1691,0,0,1.0
ESWYT_2013_f50_s0.parquet,475,0,0,1.0
ESWYT_2013_f50_s1.parquet,500,0,0,1.0
ESWYT_2014_f25_s0.parquet,1441,0,0,0.9999999999999999
ESWYT_2014_f25_s1.parquet,1441,0,0,0.9999999999999999
ESWYT_2014_f50_s0.parquet,350,0,0,1.0
ESWYT_2014_f50_s1.parquet,350,0,0,1.0
ESWYT_2015_f25_s0.parquet,1645,0,0,0.9999999999999999
ESWYT_2015_f25_s1.parquet,1645,0,0,0.9999999999999999
ESWYT_2015_f50_s0.parquet,975,0,0,1.0
ESWYT_2015_f50_s1.parquet,975,0,0,1.0
ESWYT_2016_f25_s0.parquet,1550,0,0,0.9999999999999999
ESWYT_2016_f25_s1.parquet,1550,0,0,0.9999999999999999
ESWYT_2016_f50_s0.parquet,925,0,0,1.0
ESWYT_2016_f50_s1.parquet,925,0,0,1.0
ESWYT_2017_f25_s0.parquet,1555,0,0,1.0
ESWYT_2017_f25_s1.parquet,1555,0,0,1.0
G2F_2016_f25_s0.parquet,5360,0,0,1.0
G2F_2016_f25_s1.parquet,5360,0,0,1.0
G2F_2016_f50_s0.parquet,3454,0,0,1.0
G2F_2016_f50_s1.parquet,3454,0,0,1.0
G2F_2018_f25_s0.parquet,10179,0,0,1.0
G2F_2018_f25_s1.parquet,10179,0,0,1.0
G2F_2018_f50_s0.parquet,6646,0,0,1.0
G2F_2018_f50_s1.parquet,6646,0,0,1.0
G2F_2020_f25_s0.parquet,8117,0,0,1.0
G2F_2020_f25_s1.parquet,8117,0,0,1.0
G2F_2020_f50_s0.parquet,5408,0,0,1.0
G2F_2020_f50_s1.parquet,5408,0,0,1.0
G2F_2022_f25_s0.parquet,8721,0,0,1.0
G2F_2022_f25_s1.parquet,8721,0,0,1.0
G2F_2022_f50_s0.parquet,5723,0,0,1.0
G2F_2022_f50_s1.parquet,5723,0,0,1.0
G2F_2024_f25_s0.parquet,6921,0,0,1.0
G2F_2024_f25_s1.parquet,6921,0,0,1.0
G2F_2024_f50_s0.parquet,4463,0,0,1.0
G2F_2024_f50_s1.parquet,4463,0,0,1.0
GEM_IA_2016_f25_s0.parquet,1215,0,0,1.0
GEM_IA_2016_f25_s1.parquet,1215,0,0,1.0
GEM_IA_2016_f50_s0.parquet,616,0,0,1.0
GEM_IA_2016_f50_s1.parquet,617,0,0,1.0
GEM_IA_2017_f25_s0.parquet,924,0,0,1.0
GEM_IA_2017_f25_s1.parquet,924,0,0,1.0
GEM_IA_2017_f50_s0.parquet,595,0,0,1.0
GEM_IA_2017_f50_s1.parquet,595,0,0,1.0
GEM_IA_2018_f25_s0.parquet,956,0,0,1.0
GEM_IA_2018_f25_s1.parquet,956,0,0,1.0
GEM_IA_2018_f50_s0.parquet,681,0,0,1.0
GEM_IA_2018_f50_s1.parquet,680,0,0,1.0
GEM_IA_2019_f25_s0.parquet,1799,0,0,1.0
GEM_IA_2019_f25_s1.parquet,1799,0,0,1.0
GEM_IA_2019_f50_s0.parquet,1320,0,0,1.0
GEM_IA_2019_f50_s1.parquet,1297,0,0,1.0
MU_SOY_2020_f25_s0.parquet,1446,0,0,1.0
MU_SOY_2020_f25_s1.parquet,1446,0,0,1.0
MU_SOY_2020_f50_s0.parquet,842,0,0,1.0
MU_SOY_2020_f50_s1.parquet,842,0,0,1.0
NUST_2005_f25_s0.parquet,690,0,0,1.0
NUST_2005_f25_s1.parquet,695,0,0,1.0
NUST_2005_f50_s0.parquet,305,0,0,1.0
NUST_2005_f50_s1.parquet,313,0,0,1.0
NUST_2006_f25_s0.parquet,519,0,0,1.0
NUST_2006_f25_s1.parquet,522,0,0,1.0
NUST_2006_f50_s0.parquet,197,0,0,0.9999999999999999
NUST_2006_f50_s1.parquet,194,0,0,0.9999999999999999
NUST_2007_f25_s0.parquet,772,0,0,1.0
NUST_2007_f25_s1.parquet,771,0,0,1.0
NUST_2007_f50_s0.parquet,191,0,0,0.9999999999999999
NUST_2007_f50_s1.parquet,194,0,0,1.0
NUST_2008_f25_s0.parquet,573,0,0,1.0
NUST_2008_f25_s1.parquet,573,0,0,1.0
NUST_2008_f50_s0.parquet,112,0,0,1.0
NUST_2008_f50_s1.parquet,210,0,0,1.0
NUST_2009_f25_s0.parquet,565,0,0,1.0
NUST_2009_f25_s1.parquet,587,0,0,1.0
NUST_2009_f50_s0.parquet,267,0,0,1.0
NUST_2009_f50_s1.parquet,269,0,0,1.0
NUST_2010_f25_s0.parquet,983,0,0,1.0
NUST_2010_f25_s1.parquet,959,0,0,1.0
NUST_2010_f50_s0.parquet,384,0,0,1.0
NUST_2010_f50_s1.parquet,380,0,0,1.0
NUST_2011_f25_s0.parquet,929,0,0,1.0
NUST_2011_f25_s1.parquet,922,0,0,1.0
NUST_2011_f50_s0.parquet,402,0,0,0.9999999999999999
NUST_2011_f50_s1.parquet,404,0,0,1.0
NUST_2012_f25_s0.parquet,1261,0,0,1.0
NUST_2012_f25_s1.parquet,1261,0,0,1.0
NUST_2012_f50_s0.parquet,549,0,0,1.0
NUST_2012_f50_s1.parquet,520,0,0,1.0
NUST_2013_f25_s0.parquet,1964,0,0,1.0
NUST_2013_f25_s1.parquet,1964,0,0,1.0
NUST_2013_f50_s0.parquet,912,0,0,1.0
NUST_2013_f50_s1.parquet,890,0,0,1.0
NUST_2014_f25_s0.parquet,1862,0,0,1.0
NUST_2014_f25_s1.parquet,1812,0,0,1.0
NUST_2014_f50_s0.parquet,1023,0,0,1.0
NUST_2014_f50_s1.parquet,975,0,0,1.0
NUST_2015_f25_s0.parquet,2545,0,0,1.0
NUST_2015_f25_s1.parquet,2546,0,0,0.9999999999999999
NUST_2015_f50_s0.parquet,1467,0,0,1.0
NUST_2015_f50_s1.parquet,1466,0,0,1.0
NUST_2016_f25_s0.parquet,2464,0,0,1.0
NUST_2016_f25_s1.parquet,2465,0,0,1.0
NUST_2016_f50_s0.parquet,1357,0,0,1.0
NUST_2016_f50_s1.parquet,1367,0,0,1.0
NUST_2017_f25_s0.parquet,1938,0,0,1.0
NUST_2017_f25_s1.parquet,1987,0,0,1.0
NUST_2017_f50_s0.parquet,1001,0,0,1.0
NUST_2017_f50_s1.parquet,1001,0,0,1.0
NUST_2019_f25_s0.parquet,2503,0,0,1.0
NUST_2019_f25_s1.parquet,2503,0,0,1.0
NUST_2019_f50_s0.parquet,1349,0,0,1.0
NUST_2019_f50_s1.parquet,1355,0,0,1.0
NUST_2020_f25_s0.parquet,2125,0,0,1.0
NUST_2020_f25_s1.parquet,2125,0,0,1.0
NUST_2020_f50_s0.parquet,1164,0,0,1.0
NUST_2020_f50_s1.parquet,1163,0,0,1.0
URSN_1999_f25_s0.parquet,56,0,0,1.0
URSN_1999_f25_s1.parquet,56,0,0,1.0
URSN_2000_f25_s0.parquet,20,0,0,0.9999999999999999
URSN_2000_f25_s1.parquet,20,0,0,0.9999999999999999
URSN_2002_f25_s0.parquet,46,0,0,1.0
URSN_2002_f25_s1.parquet,47,0,0,1.0
URSN_2003_f25_s0.parquet,64,0,0,1.0
URSN_2003_f25_s1.parquet,64,0,0,1.0
URSN_2004_f25_s0.parquet,52,0,0,0.9999999999999999
URSN_2004_f25_s1.parquet,52,0,0,0.9999999999999999
URSN_2009_f25_s0.parquet,52,0,0,0.9999999999999999
URSN_2009_f25_s1.parquet,52,0,0,0.9999999999999999
URSN_2014_f25_s0.parquet,73,0,0,1.0
URSN_2014_f25_s1.parquet,73,0,0,1.0
URSN_2015_f25_s0.parquet,101,0,0,1.0
URSN_2015_f25_s1.parquet,101,0,0,1.0
URSN_2015_f50_s0.parquet,74,0,0,1.0
URSN_2015_f50_s1.parquet,74,0,0,1.0
URSN_2019_f25_s0.parquet,85,0,0,1.0
URSN_2019_f25_s1.parquet,85,0,0,1.0
URSN_2019_f50_s0.parquet,40,0,0,0.9999999999999999
URSN_2019_f50_s1.parquet,41,0,0,0.9999999999999999
