fraction,variant,contrast,k,resolution,est,lo,hi,hk_lo,hk_hi,verdict
0.25,detrend,m0-ref,15,0.0204,0.04064448523714353,0.028624775266209802,0.052664195208077254,0.027336508297404423,0.05395246217688263,resolved gain
0.25,detrend,m1-m0,15,0.0204,0.011678797416257476,0.005102984261122472,0.01825461057139248,0.0042413359585156815,0.01911625887399927,"detectable, below resolution"
0.25,orig,m0-ref,15,0.0204,0.04766636130836261,0.0352697832074624,0.06006293940926282,0.033952170218952124,0.0613805523977731,resolved gain
0.25,orig,m1-m0,15,0.0204,0.028020552257207235,0.018682993487186675,0.037358111027227796,0.017558594438726968,0.0384825100756875,resolved gain
0.25,trial_env,m0-ref,15,0.0204,0.05186338409683016,0.03391055989032736,0.06981620830333296,0.03145301388316266,0.07227375431049765,resolved gain
0.25,trial_env,m1-m0,15,0.0204,0.014166739232579566,0.004222196763032824,0.024111281702126307,0.002412034176121765,0.025921444289037365,"detectable, below resolution"
0.5,detrend,m0-ref,15,0.029,0.05534262594870554,0.03296179669450365,0.07772345520290742,0.030744804274089318,0.07994044762332175,resolved gain
0.5,detrend,m1-m0,15,0.029,0.03120240546318101,0.019355535895644253,0.04304927503071777,0.01820693984769698,0.04419787107866504,resolved gain
0.5,orig,m0-ref,15,0.029,0.06665052026830771,0.0491619421500982,0.08413909838651723,0.047948004189968,0.08535303634664743,resolved gain
0.5,orig,m1-m0,15,0.029,0.06439482042734841,0.046284045885534295,0.08250559496916253,0.04524601024023969,0.08354363061445713,resolved gain
0.5,trial_env,m0-ref,15,0.029,0.09382179358917361,0.07092776978577425,0.11671581739257297,0.0690172743412243,0.11862631283712292,resolved gain
0.5,trial_env,m1-m0,15,0.029,0.022094739599690928,0.0004966065870492288,0.04369287261233262,-0.0040907602397132585,0.04828023943909511,"detectable, below resolution"
