fraction,scope,contrast,dataset,target,d,se,n_env
0.25,all,m0-ref,ESWYT,2006,0.015404839058819342,0.014078437493159192,29
0.25,all,m1-ref,ESWYT,2006,0.015404839058819342,0.014078437493159192,29
0.25,all,m1-m0,ESWYT,2006,0.0,0.0,29
0.25,all,m0-ctrl,ESWYT,2006,0.015404839058819342,0.014078437493159192,29
0.25,all,m1-ctrl,ESWYT,2006,0.015404839058819342,0.014078437493159192,29
0.25,all,ref-ctrl,ESWYT,2006,0.0,0.0,29
0.25,all,m0-ref,ESWYT,2007,0.09302020512518556,0.02801656183817573,39
0.25,all,m1-ref,ESWYT,2007,0.10788726438935213,0.027755620071517873,39
0.25,all,m1-m0,ESWYT,2007,0.014867059264166541,0.006066662049163813,39
0.25,all,m0-ctrl,ESWYT,2007,0.09302020512518556,0.02801656183817573,39
0.25,all,m1-ctrl,ESWYT,2007,0.10788726438935213,0.027755620071517873,39
0.25,all,ref-ctrl,ESWYT,2007,0.0,0.0,39
0.25,all,m0-ref,ESWYT,2008,0.04932275904245646,0.025174952639995366,22
0.25,all,m1-ref,ESWYT,2008,0.04932275904245646,0.025174952639995366,22
0.25,all,m1-m0,ESWYT,2008,0.0,0.0,22
0.25,all,m0-ctrl,ESWYT,2008,0.04932275904245646,0.025174952639995366,22
0.25,all,m1-ctrl,ESWYT,2008,0.04932275904245646,0.025174952639995366,22
0.25,all,ref-ctrl,ESWYT,2008,0.0,0.0,22
0.25,all,m0-ref,ESWYT,2009,0.0407414469559168,0.024183937637551396,31
0.25,all,m1-ref,ESWYT,2009,0.05898698444517495,0.025973065554040022,31
0.25,all,m1-m0,ESWYT,2009,0.01824553748925815,0.006775993164925177,31
0.25,all,m0-ctrl,ESWYT,2009,0.0407414469559168,0.024183937637551396,31
0.25,all,m1-ctrl,ESWYT,2009,0.05898698444517495,0.025973065554040022,31
0.25,all,ref-ctrl,ESWYT,2009,0.0,0.0,31
0.25,all,m0-ref,ESWYT,2010,0.014660460063509502,0.013259623520262618,35
0.25,all,m1-ref,ESWYT,2010,0.02303004763559627,0.013250069997619558,35
0.25,all,m1-m0,ESWYT,2010,0.00836958757208677,0.004010384017915567,35
0.25,all,m0-ctrl,ESWYT,2010,0.014660460063509502,0.013259623520262618,35
0.25,all,m1-ctrl,ESWYT,2010,0.02303004763559627,0.013250069997619558,35
0.25,all,ref-ctrl,ESWYT,2010,0.0,0.0,35
0.25,all,m0-ref,ESWYT,2011,0.021805640622486834,0.013995104297696816,44
0.25,all,m1-ref,ESWYT,2011,0.021805640622486834,0.013995104297696816,44
0.25,all,m1-m0,ESWYT,2011,0.0,0.0,44
0.25,all,m0-ctrl,ESWYT,2011,0.021805640622486834,0.013995104297696816,44
0.25,all,m1-ctrl,ESWYT,2011,0.021805640622486834,0.013995104297696816,44
0.25,all,ref-ctrl,ESWYT,2011,0.0,0.0,44
0.25,all,m0-ref,ESWYT,2012,0.1175650483826856,0.020578412341155348,38
0.25,all,m1-ref,ESWYT,2012,0.13099183214406615,0.021036484709308828,38
0.25,all,m1-m0,ESWYT,2012,0.013426783761380564,0.003935993551007652,38
0.25,all,m0-ctrl,ESWYT,2012,0.1175650483826856,0.020578412341155348,38
0.25,all,m1-ctrl,ESWYT,2012,0.13099183214406615,0.021036484709308828,38
0.25,all,ref-ctrl,ESWYT,2012,0.0,0.0,38
0.25,all,m0-ref,ESWYT,2013,0.01325957804636369,0.013971822294319413,45
0.25,all,m1-ref,ESWYT,2013,0.017283179693367127,0.013810879581338302,45
0.25,all,m1-m0,ESWYT,2013,0.004023601647003437,0.0032851558857857495,45
0.25,all,m0-ctrl,ESWYT,2013,0.01341842907870608,0.013924927659832177,45
0.25,all,m1-ctrl,ESWYT,2013,0.017442030725709524,0.01376307578745267,45
0.25,all,ref-ctrl,ESWYT,2013,0.0001588510323423924,0.0005180859163865517,45
0.25,all,m0-ref,ESWYT,2014,0.0875598393119404,0.021620193789384744,39
0.25,all,m1-ref,ESWYT,2014,0.10514378542450559,0.020472646609025525,39
0.25,all,m1-m0,ESWYT,2014,0.01758394611256516,0.007986889882408085,39
0.25,all,m0-ctrl,ESWYT,2014,0.09025605672233514,0.02189450072521875,39
0.25,all,m1-ctrl,ESWYT,2014,0.10784000283490033,0.020656986572770774,39
0.25,all,ref-ctrl,ESWYT,2014,0.00269621741039475,0.0015070310377722261,39
0.25,all,m0-ref,ESWYT,2015,0.046271614576657454,0.016004717659593284,44
0.25,all,m1-ref,ESWYT,2015,0.06290609360423237,0.017397006003777887,44
0.25,all,m1-m0,ESWYT,2015,0.016634479027574915,0.007296634676110717,44
0.25,all,m0-ctrl,ESWYT,2015,0.053642628257439866,0.01672858603495509,44
0.25,all,m1-ctrl,ESWYT,2015,0.07027710728501477,0.018271978584623434,44
0.25,all,ref-ctrl,ESWYT,2015,0.007371013680782409,0.0024284200104425255,44
0.25,all,m0-ref,ESWYT,2016,0.06899108166131059,0.023244539375629064,42
0.25,all,m1-ref,ESWYT,2016,0.06807055384329212,0.02468367152863188,42
0.25,all,m1-m0,ESWYT,2016,-0.0009205278180184675,0.005967416970122848,42
0.25,all,m0-ctrl,ESWYT,2016,0.0627320449746259,0.022248139885998903,42
0.25,all,m1-ctrl,ESWYT,2016,0.06181151715660744,0.023743416669807036,42
0.25,all,ref-ctrl,ESWYT,2016,-0.006259036686684687,0.002702111902542652,42
0.25,all,m0-ref,ESWYT,2017,0.07608568045628154,0.017841458703290156,43
0.25,all,m1-ref,ESWYT,2017,0.12473540948199588,0.023858482140975044,43
0.25,all,m1-m0,ESWYT,2017,0.04864972902571433,0.014773282902033393,43
0.25,all,m0-ctrl,ESWYT,2017,0.07994122835845748,0.01802897193479633,43
0.25,all,m1-ctrl,ESWYT,2017,0.1285909573841718,0.024125374396013484,43
0.25,all,ref-ctrl,ESWYT,2017,0.0038555479021759377,0.0018672096701386868,43
0.25,all,m0-ref,G2F,2016,0.1675661119963695,0.018976128687219946,27
0.25,all,m1-ref,G2F,2016,0.22723267250708576,0.02133372251570804,27
0.25,all,m1-m0,G2F,2016,0.059666560510716254,0.014721823678865893,27
0.25,all,m0-ctrl,G2F,2016,0.19582613828663356,0.022578097685231675,27
0.25,all,m1-ctrl,G2F,2016,0.25549269879734976,0.022960157014247404,27
0.25,all,ref-ctrl,G2F,2016,0.02826002629026407,0.008738490243792455,27
0.25,all,m0-ref,G2F,2018,0.1704530887181773,0.024244895474182578,29
0.25,all,m1-ref,G2F,2018,0.24648396464956543,0.026356097586109444,29
0.25,all,m1-m0,G2F,2018,0.07603087593138813,0.015944669271408224,29
0.25,all,m0-ctrl,G2F,2018,0.17825287115294236,0.023852436784328915,29
0.25,all,m1-ctrl,G2F,2018,0.25428374708433055,0.026512252682044227,29
0.25,all,ref-ctrl,G2F,2018,0.0077997824347650745,0.005657616436096793,29
0.25,all,m0-ref,G2F,2020,0.17577710838838212,0.023757061103772494,24
0.25,all,m1-ref,G2F,2020,0.2102432194542214,0.024848301139300664,24
0.25,all,m1-m0,G2F,2020,0.03446611106583925,0.008084341179052863,24
0.25,all,m0-ctrl,G2F,2020,0.18572520566833065,0.022643963777399793,24
0.25,all,m1-ctrl,G2F,2020,0.22019131673416995,0.02498464336595934,24
0.25,all,ref-ctrl,G2F,2020,0.009948097279948552,0.007613399731046601,24
0.25,all,m0-ref,G2F,2022,0.1381125058034438,0.017872780049042795,27
0.25,all,m1-ref,G2F,2022,0.15552267298381736,0.019540301935755837,27
0.25,all,m1-m0,G2F,2022,0.01741016718037357,0.00753923738846936,27
0.25,all,m0-ctrl,G2F,2022,0.15092764079163107,0.017880840555955683,27
0.25,all,m1-ctrl,G2F,2022,0.16833780797200468,0.01909158674203169,27
0.25,all,ref-ctrl,G2F,2022,0.012815134988187274,0.004887912756465052,27
0.25,all,m0-ref,G2F,2024,0.2231359040579972,0.03215501277949669,22
0.25,all,m1-ref,G2F,2024,0.25019451877727455,0.03405432468722573,22
0.25,all,m1-m0,G2F,2024,0.027058614719277282,0.007667753056501657,22
0.25,all,m0-ctrl,G2F,2024,0.16413589569511597,0.016554746483654216,22
0.25,all,m1-ctrl,G2F,2024,0.19119451041439328,0.019465551651336115,22
0.25,all,ref-ctrl,G2F,2024,-0.05900000836288124,0.017965367799053552,22
0.25,all,m0-ref,GEM_IA,2016,0.35596284339345813,0.08027601019916505,7
0.25,all,m1-ref,GEM_IA,2016,0.3987737041976865,0.07150628097969407,7
0.25,all,m1-m0,GEM_IA,2016,0.04281086080422831,0.029519273373596364,7
0.25,all,m0-ctrl,GEM_IA,2016,0.32977174604336096,0.07874048727588753,7
0.25,all,m1-ctrl,GEM_IA,2016,0.3725826068475893,0.06780519464303597,7
0.25,all,ref-ctrl,GEM_IA,2016,-0.026191097350097177,0.008562317685967376,7
0.25,all,m0-ref,GEM_IA,2017,0.30797932832203123,0.11171768031655133,7
0.25,all,m1-ref,GEM_IA,2017,0.33656858500565834,0.09690010330664119,7
0.25,all,m1-m0,GEM_IA,2017,0.028589256683627107,0.022425634662657026,7
0.25,all,m0-ctrl,GEM_IA,2017,0.30865504392809406,0.11254636575944744,7
0.25,all,m1-ctrl,GEM_IA,2017,0.3372443006117211,0.09798263567134721,7
0.25,all,ref-ctrl,GEM_IA,2017,0.0006757156060628511,0.0025291592365494406,7
0.25,all,m0-ref,GEM_IA,2018,0.08810528831984928,0.06772917329304895,9
0.25,all,m1-ref,GEM_IA,2018,0.10332810592124055,0.06918125383936094,9
0.25,all,m1-m0,GEM_IA,2018,0.015222817601391263,0.016716190001606276,9
0.25,all,m0-ctrl,GEM_IA,2018,0.08810528831984928,0.06772917329304895,9
0.25,all,m1-ctrl,GEM_IA,2018,0.10332810592124055,0.06918125383936094,9
0.25,all,ref-ctrl,GEM_IA,2018,0.0,0.0,9
0.25,all,m0-ref,GEM_IA,2019,0.1528571941651004,0.02753007655206912,9
0.25,all,m1-ref,GEM_IA,2019,0.16948182629724406,0.03165907883824133,9
0.25,all,m1-m0,GEM_IA,2019,0.01662463213214367,0.00877619345573448,9
0.25,all,m0-ctrl,GEM_IA,2019,0.15420256632442378,0.027639467110699024,9
0.25,all,m1-ctrl,GEM_IA,2019,0.17082719845656746,0.03177516597726024,9
0.25,all,ref-ctrl,GEM_IA,2019,0.001345372159323387,0.0007281733655544005,9
0.25,all,m0-ref,MU_SOY,2020,0.05486868801616529,0.031231712258062042,11
0.25,all,m1-ref,MU_SOY,2020,0.08150849823293835,0.030408024505432788,11
0.25,all,m1-m0,MU_SOY,2020,0.026639810216773065,0.0047076149472626274,11
0.25,all,m0-ctrl,MU_SOY,2020,0.054971575644201034,0.031432469619812206,11
0.25,all,m1-ctrl,MU_SOY,2020,0.0816113858609741,0.030555450737627124,11
0.25,all,ref-ctrl,MU_SOY,2020,0.00010288762803574507,0.0008373120953023032,11
0.25,all,m0-ref,NUST,2005,0.05005196822928691,0.019264915276928817,16
0.25,all,m1-ref,NUST,2005,0.10084405315391154,0.02449963671412365,16
0.25,all,m1-m0,NUST,2005,0.05079208492462463,0.013477789501397192,16
0.25,all,m0-ctrl,NUST,2005,0.04860119558055023,0.019212757192901463,16
0.25,all,m1-ctrl,NUST,2005,0.09939328050517487,0.024466512899989024,16
0.25,all,ref-ctrl,NUST,2005,-0.0014507726487366828,0.0008974925108122021,16
0.25,all,m0-ref,NUST,2006,0.0870161782860243,0.02928578314000334,13
0.25,all,m1-ref,NUST,2006,0.10644023163917891,0.032298816729116955,13
0.25,all,m1-m0,NUST,2006,0.01942405335315462,0.007017797987572379,13
0.25,all,m0-ctrl,NUST,2006,0.08805161077274103,0.030445790626288077,13
0.25,all,m1-ctrl,NUST,2006,0.10747566412589565,0.03403299211029794,13
0.25,all,ref-ctrl,NUST,2006,0.001035432486716738,0.004375391646867487,13
0.25,all,m0-ref,NUST,2007,0.02674095445422508,0.020351142660053778,19
0.25,all,m1-ref,NUST,2007,0.03603855080006757,0.02318917176135054,19
0.25,all,m1-m0,NUST,2007,0.009297596345842488,0.005493490124084246,19
0.25,all,m0-ctrl,NUST,2007,0.027498285401851848,0.02023538306580085,19
0.25,all,m1-ctrl,NUST,2007,0.03679588174769433,0.023156973608210746,19
0.25,all,ref-ctrl,NUST,2007,0.0007573309476267652,0.0036213742074766497,19
0.25,all,m0-ref,NUST,2008,0.02699572833055401,0.018106519813744382,16
0.25,all,m1-ref,NUST,2008,0.030336675826025575,0.017801694055304053,16
0.25,all,m1-m0,NUST,2008,0.0033409474954715686,0.0009226918508755492,16
0.25,all,m0-ctrl,NUST,2008,0.032465382974926064,0.01794511215683148,16
0.25,all,m1-ctrl,NUST,2008,0.035806330470397635,0.017751484471364428,16
0.25,all,ref-ctrl,NUST,2008,0.0054696546443720575,0.003028282608999336,16
0.25,all,m0-ref,NUST,2009,0.0010178953575072647,0.02058403126091656,15
0.25,all,m1-ref,NUST,2009,0.03128842888617287,0.021706844867107153,15
0.25,all,m1-m0,NUST,2009,0.03027053352866561,0.009963420992012086,15
0.25,all,m0-ctrl,NUST,2009,0.01264833420579969,0.020036084608117913,15
0.25,all,m1-ctrl,NUST,2009,0.0429188677344653,0.021118046655557998,15
0.25,all,ref-ctrl,NUST,2009,0.011630438848292426,0.0035629680257056448,15
0.25,all,m0-ref,NUST,2010,0.0665459577631582,0.015996338751427905,23
0.25,all,m1-ref,NUST,2010,0.0665459577631582,0.015996338751427905,23
0.25,all,m1-m0,NUST,2010,0.0,0.0,23
0.25,all,m0-ctrl,NUST,2010,0.0728040849251094,0.016494428901027113,23
0.25,all,m1-ctrl,NUST,2010,0.0728040849251094,0.016494428901027113,23
0.25,all,ref-ctrl,NUST,2010,0.006258127161951158,0.004240990767151922,23
0.25,all,m0-ref,NUST,2011,0.07081667378492633,0.0168436259497458,20
0.25,all,m1-ref,NUST,2011,0.12872523903784328,0.03758207864645173,20
0.25,all,m1-m0,NUST,2011,0.057908565252916974,0.032906268600473694,20
0.25,all,m0-ctrl,NUST,2011,0.07660951161289486,0.016981869416082093,20
0.25,all,m1-ctrl,NUST,2011,0.13451807686581185,0.03772681229134526,20
0.25,all,ref-ctrl,NUST,2011,0.005792837827968555,0.003768872922572595,20
0.25,all,m0-ref,NUST,2012,0.08294935078943279,0.018419253971897073,29
0.25,all,m1-ref,NUST,2012,0.10621001424967444,0.014726199600406224,29
0.25,all,m1-m0,NUST,2012,0.02326066346024166,0.01621784717856779,29
0.25,all,m0-ctrl,NUST,2012,0.09097934663888445,0.017522259021926327,29
0.25,all,m1-ctrl,NUST,2012,0.1142400100991261,0.015587001293578916,29
0.25,all,ref-ctrl,NUST,2012,0.008029995849451655,0.006712521694142375,29
0.25,all,m0-ref,NUST,2013,0.08426386237082623,0.012071209334934559,35
0.25,all,m1-ref,NUST,2013,0.10605856579684639,0.011442571687960064,35
0.25,all,m1-m0,NUST,2013,0.021794703426020138,0.006067400478646985,35
0.25,all,m0-ctrl,NUST,2013,0.0714771977616638,0.01443618342906725,35
0.25,all,m1-ctrl,NUST,2013,0.09327190118768394,0.012807695820416184,35
0.25,all,ref-ctrl,NUST,2013,-0.01278666460916243,0.0071980354050157425,35
0.25,all,m0-ref,NUST,2014,0.04165827261553401,0.018545867251260065,33
0.25,all,m1-ref,NUST,2014,0.10411048024834674,0.0230604301182801,33
0.25,all,m1-m0,NUST,2014,0.062452207632812715,0.01594148673581089,33
0.25,all,m0-ctrl,NUST,2014,0.04198540208773004,0.01752889933787505,33
0.25,all,m1-ctrl,NUST,2014,0.10443760972054275,0.019836483955775704,33
0.25,all,ref-ctrl,NUST,2014,0.0003271294721960189,0.008380425832303619,33
0.25,all,m0-ref,NUST,2015,0.04106196297228434,0.012740741714835375,39
0.25,all,m1-ref,NUST,2015,0.08118186257686229,0.01395440799168195,39
0.25,all,m1-m0,NUST,2015,0.040119899604577944,0.008999773785755491,39
0.25,all,m0-ctrl,NUST,2015,0.04409593628375274,0.012596300414512016,39
0.25,all,m1-ctrl,NUST,2015,0.08421583588833069,0.01243131997707253,39
0.25,all,ref-ctrl,NUST,2015,0.00303397331146841,0.004853759008359792,39
0.25,all,m0-ref,NUST,2016,0.0427337360479366,0.01221911833214042,38
0.25,all,m1-ref,NUST,2016,0.08317188601643237,0.013645388766891664,38
0.25,all,m1-m0,NUST,2016,0.04043814996849576,0.009559859505229227,38
0.25,all,m0-ctrl,NUST,2016,0.06537571000735365,0.013033139032505069,38
0.25,all,m1-ctrl,NUST,2016,0.10581385997584941,0.013744522280066942,38
0.25,all,ref-ctrl,NUST,2016,0.022641973959417038,0.006315537242978688,38
0.25,all,m0-ref,NUST,2017,0.020538539830299265,0.011455770455240263,36
0.25,all,m1-ref,NUST,2017,0.062082229829669995,0.013939694340786455,36
0.25,all,m1-m0,NUST,2017,0.04154368999937072,0.012707123523897492,36
0.25,all,m0-ctrl,NUST,2017,0.02787125342638738,0.012143125376288314,36
0.25,all,m1-ctrl,NUST,2017,0.0694149434257581,0.014704045555753428,36
0.25,all,ref-ctrl,NUST,2017,0.007332713596088106,0.006413839038102362,36
0.25,all,m0-ref,NUST,2019,0.029070505569778873,0.01218994304929796,34
0.25,all,m1-ref,NUST,2019,0.05047256250531606,0.014033743265040335,34
0.25,all,m1-m0,NUST,2019,0.0214020569355372,0.005218550545052223,34
0.25,all,m0-ctrl,NUST,2019,0.04406053443846949,0.01648345689950331,34
0.25,all,m1-ctrl,NUST,2019,0.06546259137400669,0.017690677230350935,34
0.25,all,ref-ctrl,NUST,2019,0.014990028868690622,0.00960886766025934,34
0.25,all,m0-ref,NUST,2020,0.05340897634215207,0.016735876667402526,28
0.25,all,m1-ref,NUST,2020,0.11467471546079891,0.03296927594562072,28
0.25,all,m1-m0,NUST,2020,0.061265739118646856,0.024293911626826464,28
0.25,all,m0-ctrl,NUST,2020,0.062033019027924165,0.015538544563709485,28
0.25,all,m1-ctrl,NUST,2020,0.12329875814657101,0.03060897063027272,28
0.25,all,ref-ctrl,NUST,2020,0.008624042685772102,0.005248138852392072,28
0.25,all,m0-ref,URSN,1999,0.02516171637701279,0.04315159025563001,5
0.25,all,m1-ref,URSN,1999,0.02516171637701279,0.04315159025563001,5
0.25,all,m1-m0,URSN,1999,0.0,0.0,5
0.25,all,m0-ctrl,URSN,1999,0.02516171637701279,0.04315159025563001,5
0.25,all,m1-ctrl,URSN,1999,0.02516171637701279,0.04315159025563001,5
0.25,all,ref-ctrl,URSN,1999,0.0,0.0,5
0.25,all,m0-ref,URSN,2000,0.09868317927894031,0.1381224265789277,4
0.25,all,m1-ref,URSN,2000,0.15019833079409178,0.13053714410865846,4
0.25,all,m1-m0,URSN,2000,0.05151515151515147,0.025002714708657735,4
0.25,all,m0-ctrl,URSN,2000,0.09868317927894031,0.1381224265789277,4
0.25,all,m1-ctrl,URSN,2000,0.15019833079409178,0.13053714410865846,4
0.25,all,ref-ctrl,URSN,2000,0.0,0.0,4
0.25,all,m0-ref,URSN,2002,0.21695804195804197,0.04443145063517402,4
0.25,all,m1-ref,URSN,2002,0.17421328671328673,0.03505540131238062,4
0.25,all,m1-m0,URSN,2002,-0.04274475524475524,0.01971026906394479,4
0.25,all,m0-ctrl,URSN,2002,0.21695804195804197,0.04443145063517402,4
0.25,all,m1-ctrl,URSN,2002,0.17421328671328673,0.03505540131238062,4
0.25,all,ref-ctrl,URSN,2002,0.0,0.0,4
0.25,all,m0-ref,URSN,2003,0.10852431152057496,0.0347692807556125,5
0.25,all,m1-ref,URSN,2003,0.11070431721772041,0.03787657903341057,5
0.25,all,m1-m0,URSN,2003,0.0021800056971454707,0.01515277083730441,5
0.25,all,m0-ctrl,URSN,2003,0.10852431152057496,0.0347692807556125,5
0.25,all,m1-ctrl,URSN,2003,0.11070431721772041,0.03787657903341057,5
0.25,all,ref-ctrl,URSN,2003,0.0,0.0,5
0.25,all,m0-ref,URSN,2004,0.01120175528179368,0.013864458914043268,5
0.25,all,m1-ref,URSN,2004,0.01120175528179368,0.013864458914043268,5
0.25,all,m1-m0,URSN,2004,0.0,0.0,5
0.25,all,m0-ctrl,URSN,2004,0.01120175528179368,0.013864458914043268,5
0.25,all,m1-ctrl,URSN,2004,0.01120175528179368,0.013864458914043268,5
0.25,all,ref-ctrl,URSN,2004,0.0,0.0,5
0.25,all,m0-ref,URSN,2009,0.07059499098034387,0.05202369753851181,5
0.25,all,m1-ref,URSN,2009,0.07059499098034387,0.05202369753851181,5
0.25,all,m1-m0,URSN,2009,0.0,0.0,5
0.25,all,m0-ctrl,URSN,2009,0.07059499098034387,0.05202369753851181,5
0.25,all,m1-ctrl,URSN,2009,0.07059499098034387,0.05202369753851181,5
0.25,all,ref-ctrl,URSN,2009,0.0,0.0,5
0.25,all,m0-ref,URSN,2014,0.016895604395604346,0.009018245926214585,5
0.25,all,m1-ref,URSN,2014,0.022582417582417545,0.00892169520025783,5
0.25,all,m1-m0,URSN,2014,0.0056868131868132,0.0023569846334266457,5
0.25,all,m0-ctrl,URSN,2014,0.016895604395604346,0.009018245926214585,5
0.25,all,m1-ctrl,URSN,2014,0.022582417582417545,0.00892169520025783,5
0.25,all,ref-ctrl,URSN,2014,0.0,0.0,5
0.25,all,m0-ref,URSN,2015,0.08385011850981035,0.022953327151567646,6
0.25,all,m1-ref,URSN,2015,0.08385011850981035,0.022953327151567646,6
0.25,all,m1-m0,URSN,2015,0.0,0.0,6
0.25,all,m0-ctrl,URSN,2015,0.08385011850981035,0.022953327151567646,6
0.25,all,m1-ctrl,URSN,2015,0.08385011850981035,0.022953327151567646,6
0.25,all,ref-ctrl,URSN,2015,0.0,0.0,6
0.25,all,m0-ref,URSN,2019,0.08445098746027666,0.01781653816141877,5
0.25,all,m1-ref,URSN,2019,0.08480186465325909,0.01764468661040012,5
0.25,all,m1-m0,URSN,2019,0.000350877192982435,0.0003107241141380666,5
0.25,all,m0-ctrl,URSN,2019,0.08445098746027666,0.01781653816141877,5
0.25,all,m1-ctrl,URSN,2019,0.08480186465325909,0.01764468661040012,5
0.25,all,ref-ctrl,URSN,2019,0.0,0.0,5
0.25,new,m0-ref,ESWYT,2006,0.008182358580349207,0.02371831750295648,29
0.25,new,m1-ref,ESWYT,2006,0.008182358580349207,0.02371831750295648,29
0.25,new,m1-m0,ESWYT,2006,0.0,0.0,29
0.25,new,m0-ctrl,ESWYT,2006,0.008182358580349207,0.02371831750295648,29
0.25,new,m1-ctrl,ESWYT,2006,0.008182358580349207,0.02371831750295648,29
0.25,new,ref-ctrl,ESWYT,2006,0.0,0.0,29
0.25,new,m0-ref,ESWYT,2007,0.10648998751875301,0.029403476256825007,39
0.25,new,m1-ref,ESWYT,2007,0.1217800670736722,0.02956899487791703,39
0.25,new,m1-m0,ESWYT,2007,0.015290079554919145,0.0061646037066021885,39
0.25,new,m0-ctrl,ESWYT,2007,0.10648998751875301,0.029403476256825007,39
0.25,new,m1-ctrl,ESWYT,2007,0.1217800670736722,0.02956899487791703,39
0.25,new,ref-ctrl,ESWYT,2007,0.0,0.0,39
0.25,new,m0-ref,ESWYT,2008,0.05025335630713811,0.028091519823301037,22
0.25,new,m1-ref,ESWYT,2008,0.05025335630713811,0.028091519823301037,22
0.25,new,m1-m0,ESWYT,2008,0.0,0.0,22
0.25,new,m0-ctrl,ESWYT,2008,0.05025335630713811,0.028091519823301037,22
0.25,new,m1-ctrl,ESWYT,2008,0.05025335630713811,0.028091519823301037,22
0.25,new,ref-ctrl,ESWYT,2008,0.0,0.0,22
0.25,new,m0-ref,ESWYT,2009,0.048292668238678706,0.027703731949375428,31
0.25,new,m1-ref,ESWYT,2009,0.06929177027368896,0.029567536904945676,31
0.25,new,m1-m0,ESWYT,2009,0.020999102035010254,0.00668305929509513,31
0.25,new,m0-ctrl,ESWYT,2009,0.048292668238678706,0.027703731949375428,31
0.25,new,m1-ctrl,ESWYT,2009,0.06929177027368896,0.029567536904945676,31
0.25,new,ref-ctrl,ESWYT,2009,0.0,0.0,31
0.25,new,m0-ref,ESWYT,2010,0.01234509137872194,0.015221067863985445,35
0.25,new,m1-ref,ESWYT,2010,0.02200109207567959,0.014971028985172776,35
0.25,new,m1-m0,ESWYT,2010,0.009656000696957647,0.004759852980219116,35
0.25,new,m0-ctrl,ESWYT,2010,0.01234509137872194,0.015221067863985445,35
0.25,new,m1-ctrl,ESWYT,2010,0.02200109207567959,0.014971028985172776,35
0.25,new,ref-ctrl,ESWYT,2010,0.0,0.0,35
0.25,new,m0-ref,ESWYT,2011,0.021207569721053674,0.016113064590911965,44
0.25,new,m1-ref,ESWYT,2011,0.021207569721053674,0.016113064590911965,44
0.25,new,m1-m0,ESWYT,2011,0.0,0.0,44
0.25,new,m0-ctrl,ESWYT,2011,0.021207569721053674,0.016113064590911965,44
0.25,new,m1-ctrl,ESWYT,2011,0.021207569721053674,0.016113064590911965,44
0.25,new,ref-ctrl,ESWYT,2011,0.0,0.0,44
0.25,new,m0-ref,ESWYT,2012,0.13182102673099286,0.025153477518435736,38
0.25,new,m1-ref,ESWYT,2012,0.14784615333078652,0.025367684301448278,38
0.25,new,m1-m0,ESWYT,2012,0.01602512659979365,0.004706826940831449,38
0.25,new,m0-ctrl,ESWYT,2012,0.13182102673099286,0.025153477518435736,38
0.25,new,m1-ctrl,ESWYT,2012,0.14784615333078652,0.025367684301448278,38
0.25,new,ref-ctrl,ESWYT,2012,0.0,0.0,38
0.25,new,m0-ref,ESWYT,2013,0.017197088072722265,0.01624880432742699,45
0.25,new,m1-ref,ESWYT,2013,0.019669029572117303,0.01608966873739024,45
0.25,new,m1-m0,ESWYT,2013,0.0024719414993950354,0.0034159867691820143,45
0.25,new,m0-ctrl,ESWYT,2013,0.016722278631011583,0.01611559984870805,45
0.25,new,m1-ctrl,ESWYT,2013,0.01919422013040662,0.015966431842916108,45
0.25,new,ref-ctrl,ESWYT,2013,-0.00047480944171067615,0.0004351404709614419,45
0.25,new,m0-ref,ESWYT,2014,0.09971131795620472,0.02515772774404995,39
0.25,new,m1-ref,ESWYT,2014,0.11819511792362948,0.023724630539614638,39
0.25,new,m1-m0,ESWYT,2014,0.018483799967424722,0.009392651179768672,39
0.25,new,m0-ctrl,ESWYT,2014,0.10265772998251198,0.025383150381342638,39
0.25,new,m1-ctrl,ESWYT,2014,0.1211415299499367,0.023915536243075117,39
0.25,new,ref-ctrl,ESWYT,2014,0.0029464120263072357,0.001028899399732785,39
0.25,new,m0-ref,ESWYT,2015,0.053187065586348094,0.017540939019009535,44
0.25,new,m1-ref,ESWYT,2015,0.07012140327101848,0.019467453099150763,44
0.25,new,m1-m0,ESWYT,2015,0.016934337684670384,0.007999235598140215,44
0.25,new,m0-ctrl,ESWYT,2015,0.06195640844718008,0.018417532286015614,44
0.25,new,m1-ctrl,ESWYT,2015,0.07889074613185049,0.020521078687832647,44
0.25,new,ref-ctrl,ESWYT,2015,0.008769342860831987,0.0028020087231229725,44
0.25,new,m0-ref,ESWYT,2016,0.07429430984764117,0.0233708693652801,42
0.25,new,m1-ref,ESWYT,2016,0.07559969756649357,0.025141808501429577,42
0.25,new,m1-m0,ESWYT,2016,0.0013053877188524165,0.006139016245408622,42
0.25,new,m0-ctrl,ESWYT,2016,0.06629221803923654,0.022176672104337554,42
0.25,new,m1-ctrl,ESWYT,2016,0.06759760575808899,0.024068968796231344,42
0.25,new,ref-ctrl,ESWYT,2016,-0.008002091808404605,0.002925898863796869,42
0.25,new,m0-ref,ESWYT,2017,0.08778706748075828,0.021065626721789497,43
0.25,new,m1-ref,ESWYT,2017,0.1448952534716911,0.02897218321862084,43
0.25,new,m1-m0,ESWYT,2017,0.057108185990932814,0.017289569572002346,43
0.25,new,m0-ctrl,ESWYT,2017,0.09236957584718622,0.02139615119792745,43
0.25,new,m1-ctrl,ESWYT,2017,0.149477761838119,0.029557353568200793,43
0.25,new,ref-ctrl,ESWYT,2017,0.0045825083664279365,0.0024578706490253725,43
0.25,new,m0-ref,G2F,2016,0.20605478489812074,0.025056981131016905,27
0.25,new,m1-ref,G2F,2016,0.25613611273477516,0.02686620886654238,27
0.25,new,m1-m0,G2F,2016,0.05008132783665439,0.011777253723036486,27
0.25,new,m0-ctrl,G2F,2016,0.2494277515677944,0.02771648186142763,27
0.25,new,m1-ctrl,G2F,2016,0.29950907940444876,0.028097700291431493,27
0.25,new,ref-ctrl,G2F,2016,0.04337296666967362,0.010267683904505312,27
0.25,new,m0-ref,G2F,2018,0.18342505701803274,0.026310027691943707,29
0.25,new,m1-ref,G2F,2018,0.2616964387610981,0.02870102310662404,29
0.25,new,m1-m0,G2F,2018,0.07827138174306537,0.015814677005979938,29
0.25,new,m0-ctrl,G2F,2018,0.1870696679066892,0.025115705157904674,29
0.25,new,m1-ctrl,G2F,2018,0.2653410496497545,0.02834355123356453,29
0.25,new,ref-ctrl,G2F,2018,0.00364461088865643,0.006238443473236545,29
0.25,new,m0-ref,G2F,2020,0.18653604686955483,0.025472832655872035,24
0.25,new,m1-ref,G2F,2020,0.21001000894564417,0.027747668393178396,24
0.25,new,m1-m0,G2F,2020,0.02347396207608936,0.006904918252692398,24
0.25,new,m0-ctrl,G2F,2020,0.19307359686639383,0.02410332058881352,24
0.25,new,m1-ctrl,G2F,2020,0.2165475589424832,0.027299838010380818,24
0.25,new,ref-ctrl,G2F,2020,0.006537549996838986,0.0075583403333653945,24
0.25,new,m0-ref,G2F,2022,0.14817163798717672,0.019139098977202482,27
0.25,new,m1-ref,G2F,2022,0.16362091622913422,0.0207471836939713,27
0.25,new,m1-m0,G2F,2022,0.015449278241957484,0.00724579376906903,27
0.25,new,m0-ctrl,G2F,2022,0.161821970456952,0.019454287794988576,27
0.25,new,m1-ctrl,G2F,2022,0.1772712486989095,0.020470650238809972,27
0.25,new,ref-ctrl,G2F,2022,0.013650332469775296,0.004882404829246365,27
0.25,new,m0-ref,G2F,2024,0.2680176479317986,0.03350526387382828,22
0.25,new,m1-ref,G2F,2024,0.28920304479826076,0.03570883577113709,22
0.25,new,m1-m0,G2F,2024,0.021185396866462203,0.0064908897526875405,22
0.25,new,m0-ctrl,G2F,2024,0.19723688486906787,0.01850990547370844,22
0.25,new,m1-ctrl,G2F,2024,0.21842228173553002,0.020727276577964585,22
0.25,new,ref-ctrl,G2F,2024,-0.07078076306273073,0.0184406238265107,22
0.25,new,m0-ref,GEM_IA,2016,0.35596284339345813,0.07694413873170992,7
0.25,new,m1-ref,GEM_IA,2016,0.3987737041976865,0.0695548341548699,7
0.25,new,m1-m0,GEM_IA,2016,0.04281086080422831,0.030688006567969623,7
0.25,new,m0-ctrl,GEM_IA,2016,0.32977174604336096,0.07552640194016794,7
0.25,new,m1-ctrl,GEM_IA,2016,0.3725826068475893,0.06564826220679115,7
0.25,new,ref-ctrl,GEM_IA,2016,-0.026191097350097177,0.008655092047354283,7
0.25,new,m0-ref,GEM_IA,2017,0.30797932832203123,0.10854882831699576,7
0.25,new,m1-ref,GEM_IA,2017,0.33656858500565834,0.09505032577820619,7
0.25,new,m1-m0,GEM_IA,2017,0.028589256683627107,0.020851365734357297,7
0.25,new,m0-ctrl,GEM_IA,2017,0.30865504392809406,0.10943549407298413,7
0.25,new,m1-ctrl,GEM_IA,2017,0.3372443006117211,0.09616390105941644,7
0.25,new,ref-ctrl,GEM_IA,2017,0.0006757156060628511,0.0025181518610981357,7
0.25,new,m0-ref,GEM_IA,2018,0.08810528831984928,0.06933373968485612,9
0.25,new,m1-ref,GEM_IA,2018,0.10332810592124055,0.07085482677283006,9
0.25,new,m1-m0,GEM_IA,2018,0.015222817601391263,0.01673327752127969,9
0.25,new,m0-ctrl,GEM_IA,2018,0.08810528831984928,0.06933373968485612,9
0.25,new,m1-ctrl,GEM_IA,2018,0.10332810592124055,0.07085482677283006,9
0.25,new,ref-ctrl,GEM_IA,2018,0.0,0.0,9
0.25,new,m0-ref,GEM_IA,2019,0.1528571941651004,0.027893123882121035,9
0.25,new,m1-ref,GEM_IA,2019,0.16948182629724406,0.03159325079562346,9
0.25,new,m1-m0,GEM_IA,2019,0.01662463213214367,0.008528128542474105,9
0.25,new,m0-ctrl,GEM_IA,2019,0.15420256632442378,0.028002127402666565,9
0.25,new,m1-ctrl,GEM_IA,2019,0.17082719845656746,0.03170084107727252,9
0.25,new,ref-ctrl,GEM_IA,2019,0.001345372159323387,0.0007301850503657078,9
0.25,new,m0-ref,MU_SOY,2020,0.08684060162653176,0.04343384422825602,11
0.25,new,m1-ref,MU_SOY,2020,0.11228305117288957,0.042269498822782456,11
0.25,new,m1-m0,MU_SOY,2020,0.025442449546357805,0.004832334676935828,11
0.25,new,m0-ctrl,MU_SOY,2020,0.08629549924027824,0.04379343369832191,11
0.25,new,m1-ctrl,MU_SOY,2020,0.11173794878663607,0.04261009314878351,11
0.25,new,ref-ctrl,MU_SOY,2020,-0.0005451023862535158,0.0011806252281304857,11
0.25,new,m0-ref,NUST,2005,0.09603175730555155,0.05805710427894855,15
0.25,new,m1-ref,NUST,2005,0.13402924625145687,0.057285210555020526,15
0.25,new,m1-m0,NUST,2005,0.03799748894590533,0.030167058621863,15
0.25,new,m0-ctrl,NUST,2005,0.09707246492691057,0.059348251331677565,15
0.25,new,m1-ctrl,NUST,2005,0.13506995387281592,0.05860403295986224,15
0.25,new,ref-ctrl,NUST,2005,0.0010407076213590151,0.0032274509583254717,15
0.25,new,m0-ref,NUST,2006,0.1951979756203252,0.05188591784580643,13
0.25,new,m1-ref,NUST,2006,0.21436076041921678,0.056805818839914056,13
0.25,new,m1-m0,NUST,2006,0.01916278479889164,0.011483706545262417,13
0.25,new,m0-ctrl,NUST,2006,0.19135361302433787,0.053631944358647,13
0.25,new,m1-ctrl,NUST,2006,0.21051639782322942,0.05808970358282696,13
0.25,new,ref-ctrl,NUST,2006,-0.003844362595987349,0.005698806796325463,13
0.25,new,m0-ref,NUST,2007,0.029498719461601507,0.029158637186229207,19
0.25,new,m1-ref,NUST,2007,0.04197402416188295,0.03254192045752091,19
0.25,new,m1-m0,NUST,2007,0.012475304700281449,0.006447291432529291,19
0.25,new,m0-ctrl,NUST,2007,0.03503156346999526,0.02964457359375633,19
0.25,new,m1-ctrl,NUST,2007,0.04750686817027671,0.03293795611167588,19
0.25,new,ref-ctrl,NUST,2007,0.0055328440083937495,0.004290254947640723,19
0.25,new,m0-ref,NUST,2008,0.0562639512951348,0.04541054264840285,15
0.25,new,m1-ref,NUST,2008,0.05863958803372407,0.044800919325372855,15
0.25,new,m1-m0,NUST,2008,0.002375636738589279,0.0012030595328169943,15
0.25,new,m0-ctrl,NUST,2008,0.06838137309196682,0.04502218784409525,15
0.25,new,m1-ctrl,NUST,2008,0.07075700983055608,0.044500391276865274,15
0.25,new,ref-ctrl,NUST,2008,0.012117421796832005,0.006757393842911984,15
0.25,new,m0-ref,NUST,2009,0.019248828085444845,0.028881415383679037,15
0.25,new,m1-ref,NUST,2009,0.05965613997586313,0.027462969383215893,15
0.25,new,m1-m0,NUST,2009,0.04040731189041829,0.010447528650367298,15
0.25,new,m0-ctrl,NUST,2009,0.028114612915612222,0.0286205330989838,15
0.25,new,m1-ctrl,NUST,2009,0.0685219248060305,0.026774464463524664,15
0.25,new,ref-ctrl,NUST,2009,0.008865784830167384,0.008152835158909537,15
0.25,new,m0-ref,NUST,2010,0.10188559069410394,0.027584050503569088,22
0.25,new,m1-ref,NUST,2010,0.10188559069410394,0.027584050503569088,22
0.25,new,m1-m0,NUST,2010,0.0,0.0,22
0.25,new,m0-ctrl,NUST,2010,0.11222140571379945,0.028280587353868576,22
0.25,new,m1-ctrl,NUST,2010,0.11222140571379945,0.028280587353868576,22
0.25,new,ref-ctrl,NUST,2010,0.01033581501969551,0.0070998686892090775,22
0.25,new,m0-ref,NUST,2011,0.08063208467001488,0.026594935320903016,19
0.25,new,m1-ref,NUST,2011,0.12160510001949949,0.043116956076720114,19
0.25,new,m1-m0,NUST,2011,0.04097301534948459,0.033889370636006735,19
0.25,new,m0-ctrl,NUST,2011,0.11280511209923297,0.024710058424946727,19
0.25,new,m1-ctrl,NUST,2011,0.15377812744871755,0.04149088985091156,19
0.25,new,ref-ctrl,NUST,2011,0.032173027429218085,0.009102478047196173,19
0.25,new,m0-ref,NUST,2012,0.09782413609703541,0.024299678761435458,29
0.25,new,m1-ref,NUST,2012,0.1138929845360588,0.018128411685148352,29
0.25,new,m1-m0,NUST,2012,0.016068848439023398,0.015480010621015807,29
0.25,new,m0-ctrl,NUST,2012,0.11422998756610941,0.0248934734824025,29
0.25,new,m1-ctrl,NUST,2012,0.1302988360051328,0.021128335628579943,29
0.25,new,ref-ctrl,NUST,2012,0.016405851469074022,0.009979117743528278,29
0.25,new,m0-ref,NUST,2013,0.10942605585920583,0.018021064898541553,35
0.25,new,m1-ref,NUST,2013,0.13064015621457375,0.018612400086223543,35
0.25,new,m1-m0,NUST,2013,0.021214100355367915,0.006334187458669145,35
0.25,new,m0-ctrl,NUST,2013,0.10971319819141055,0.023083620067002365,35
0.25,new,m1-ctrl,NUST,2013,0.13092729854677848,0.02178495360965084,35
0.25,new,ref-ctrl,NUST,2013,0.00028714233220474326,0.011588358959985617,35
0.25,new,m0-ref,NUST,2014,0.08371842956923488,0.03450421605251247,30
0.25,new,m1-ref,NUST,2014,0.1484487977682294,0.03571024167799668,30
0.25,new,m1-m0,NUST,2014,0.0647303681989945,0.015234193141646549,30
0.25,new,m0-ctrl,NUST,2014,0.10085898888460744,0.032432944166876046,30
0.25,new,m1-ctrl,NUST,2014,0.16558935708360192,0.031100819846683073,30
0.25,new,ref-ctrl,NUST,2014,0.017140559315372558,0.013877959304130995,30
0.25,new,m0-ref,NUST,2015,0.06731597670250591,0.01773925805122703,36
0.25,new,m1-ref,NUST,2015,0.09308738206817656,0.02042794490636681,36
0.25,new,m1-m0,NUST,2015,0.025771405365670647,0.01226348977122038,36
0.25,new,m0-ctrl,NUST,2015,0.06960555402662871,0.01952697381825215,36
0.25,new,m1-ctrl,NUST,2015,0.09537695939229934,0.019599323023217034,36
0.25,new,ref-ctrl,NUST,2015,0.0022895773241227873,0.0076893676925542075,36
0.25,new,m0-ref,NUST,2016,0.06383312156137892,0.014279133959996772,33
0.25,new,m1-ref,NUST,2016,0.10039685938901305,0.01892931916625364,33
0.25,new,m1-m0,NUST,2016,0.03656373782763412,0.011303134769979822,33
0.25,new,m0-ctrl,NUST,2016,0.11225674522680788,0.017566817628547747,33
0.25,new,m1-ctrl,NUST,2016,0.14882048305444198,0.021648654479463552,33
0.25,new,ref-ctrl,NUST,2016,0.04842362366542894,0.010052515126353592,33
0.25,new,m0-ref,NUST,2017,0.027640013515561376,0.017456154712968713,36
0.25,new,m1-ref,NUST,2017,0.07640048984757865,0.020308664776569698,36
0.25,new,m1-m0,NUST,2017,0.04876047633201727,0.01675153025583395,36
0.25,new,m0-ctrl,NUST,2017,0.03784674581739694,0.017220022047379123,36
0.25,new,m1-ctrl,NUST,2017,0.08660722214941424,0.021463755935277076,36
0.25,new,ref-ctrl,NUST,2017,0.010206732301835568,0.007413678010088387,36
0.25,new,m0-ref,NUST,2019,0.046894682050230396,0.023562766473267154,34
0.25,new,m1-ref,NUST,2019,0.0745469493301046,0.024174323529767065,34
0.25,new,m1-m0,NUST,2019,0.027652267279874198,0.008447565658698142,34
0.25,new,m0-ctrl,NUST,2019,0.06869449443219547,0.025180297410212597,34
0.25,new,m1-ctrl,NUST,2019,0.09634676171206966,0.0248632674472923,34
0.25,new,ref-ctrl,NUST,2019,0.02179981238196507,0.010430971868306304,34
0.25,new,m0-ref,NUST,2020,0.056138582466418355,0.027058368469490945,21
0.25,new,m1-ref,NUST,2020,0.14448597963627563,0.05367953069539926,21
0.25,new,m1-m0,NUST,2020,0.08834739716985729,0.03444264447047638,21
0.25,new,m0-ctrl,NUST,2020,0.076475527951989,0.027974918921133667,21
0.25,new,m1-ctrl,NUST,2020,0.16482292512184632,0.05245748639358921,21
0.25,new,ref-ctrl,NUST,2020,0.020336945485570673,0.007391204860495481,21
0.25,new,m0-ref,URSN,2002,0.2848484848484848,0.16548511635868735,2
0.25,new,m1-ref,URSN,2002,0.32121212121212117,0.19094436502925463,2
0.25,new,m1-m0,URSN,2002,0.036363636363636355,0.025459248670567276,2
0.25,new,m0-ctrl,URSN,2002,0.2848484848484848,0.16548511635868735,2
0.25,new,m1-ctrl,URSN,2002,0.32121212121212117,0.19094436502925463,2
0.25,new,ref-ctrl,URSN,2002,0.0,0.0,2
0.25,new,m0-ref,URSN,2003,0.1667495941092867,0.10070197145579103,3
0.25,new,m1-ref,URSN,2003,0.20687519443498306,0.10848687670239693,3
0.25,new,m1-m0,URSN,2003,0.04012560032569638,0.04974032908199971,3
0.25,new,m0-ctrl,URSN,2003,0.1667495941092867,0.10070197145579103,3
0.25,new,m1-ctrl,URSN,2003,0.20687519443498306,0.10848687670239693,3
0.25,new,ref-ctrl,URSN,2003,0.0,0.0,3
0.25,new,m0-ref,URSN,2015,0.12567043406447564,0.03250015084346911,6
0.25,new,m1-ref,URSN,2015,0.12567043406447564,0.03250015084346911,6
0.25,new,m1-m0,URSN,2015,0.0,0.0,6
0.25,new,m0-ctrl,URSN,2015,0.12567043406447564,0.03250015084346911,6
0.25,new,m1-ctrl,URSN,2015,0.12567043406447564,0.03250015084346911,6
0.25,new,ref-ctrl,URSN,2015,0.0,0.0,6
0.25,new,m0-ref,URSN,2019,0.10672102407396525,0.017326452195942175,5
0.25,new,m1-ref,URSN,2019,0.10730925936808289,0.017051571837718698,5
0.25,new,m1-m0,URSN,2019,0.000588235294117645,0.00048983109346185,5
0.25,new,m0-ctrl,URSN,2019,0.10672102407396525,0.017326452195942175,5
0.25,new,m1-ctrl,URSN,2019,0.10730925936808289,0.017051571837718698,5
0.25,new,ref-ctrl,URSN,2019,0.0,0.0,5
0.25,old,m0-ref,ESWYT,2006,0.009532340000695208,0.010369289399128897,29
0.25,old,m1-ref,ESWYT,2006,0.009532340000695208,0.010369289399128897,29
0.25,old,m1-m0,ESWYT,2006,0.0,0.0,29
0.25,old,m0-ctrl,ESWYT,2006,0.009532340000695208,0.010369289399128897,29
0.25,old,m1-ctrl,ESWYT,2006,0.009532340000695208,0.010369289399128897,29
0.25,old,ref-ctrl,ESWYT,2006,0.0,0.0,29
0.25,old,m0-ref,G2F,2016,0.0530450033580497,0.00835903946430904,27
0.25,old,m1-ref,G2F,2016,0.08231859936924225,0.012246574501082658,27
0.25,old,m1-m0,G2F,2016,0.029273596011192577,0.010949630019446762,27
0.25,old,m0-ctrl,G2F,2016,0.05331700685838017,0.009946131277286253,27
0.25,old,m1-ctrl,G2F,2016,0.08259060286957275,0.014519109559886193,27
0.25,old,ref-ctrl,G2F,2016,0.00027200350033048184,0.007555492386049612,27
0.25,old,m0-ref,G2F,2018,0.03870285374260187,0.00830398620248101,29
0.25,old,m1-ref,G2F,2018,0.08035492023591609,0.0167270290422342,29
0.25,old,m1-m0,G2F,2018,0.04165206649331422,0.01942986727574289,29
0.25,old,m0-ctrl,G2F,2018,0.05563505261483724,0.01674318313170208,29
0.25,old,m1-ctrl,G2F,2018,0.09728711910815144,0.02374484503116916,29
0.25,old,ref-ctrl,G2F,2018,0.016932198872235366,0.015389221931031552,29
0.25,old,m0-ref,G2F,2020,0.016833042573525067,0.006448025424130276,24
0.25,old,m1-ref,G2F,2020,0.08055788151846656,0.014287022675490741,24
0.25,old,m1-m0,G2F,2020,0.0637248389449415,0.014475431257309641,24
0.25,old,m0-ctrl,G2F,2020,0.014873141134451527,0.009095393420415068,24
0.25,old,m1-ctrl,G2F,2020,0.07859798007939302,0.01608268411581268,24
0.25,old,ref-ctrl,G2F,2020,-0.0019599014390735392,0.01070556800933828,24
0.25,old,m0-ref,G2F,2022,0.01061755743906481,0.0038144299517073677,27
0.25,old,m1-ref,G2F,2022,0.028546165485665544,0.015809928386384762,27
0.25,old,m1-m0,G2F,2022,0.017928608046600732,0.016537403694646756,27
0.25,old,m0-ctrl,G2F,2022,0.031447887477223914,0.014322247924992171,27
0.25,old,m1-ctrl,G2F,2022,0.04937649552382464,0.025146891057786766,27
0.25,old,ref-ctrl,G2F,2022,0.02083033003815911,0.015233328664318016,27
0.25,old,m0-ref,G2F,2024,0.020989424988798966,0.004675964492600713,22
0.25,old,m1-ref,G2F,2024,0.017893816460121066,0.014784549864587585,22
0.25,old,m1-m0,G2F,2024,-0.0030956085286778967,0.01227092143151626,22
0.25,old,m0-ctrl,G2F,2024,0.023005909737227926,0.011799148665887754,22
0.25,old,m1-ctrl,G2F,2024,0.01991030120855003,0.016983981205504713,22
0.25,old,ref-ctrl,G2F,2024,0.002016484748428958,0.011815561281078678,22
0.25,old,m0-ref,MU_SOY,2020,0.04370276246332857,0.007985859508658245,5
0.25,old,m1-ref,MU_SOY,2020,0.053084948311569,0.014679209248354386,5
0.25,old,m1-m0,MU_SOY,2020,0.009382185848240432,0.007667065898988421,5
0.25,old,m0-ctrl,MU_SOY,2020,0.04584180663636663,0.007565031414474274,5
0.25,old,m1-ctrl,MU_SOY,2020,0.05522399248460706,0.014405899670617546,5
0.25,old,ref-ctrl,MU_SOY,2020,0.0021390441730380627,0.0005646091699200711,5
0.25,old,m0-ref,NUST,2005,0.027586557541495298,0.009776931710429756,13
0.25,old,m1-ref,NUST,2005,0.047734032104851706,0.013593542253344693,13
0.25,old,m1-m0,NUST,2005,0.020147474563356416,0.010897495078985131,13
0.25,old,m0-ctrl,NUST,2005,0.02728116737355483,0.009708522135335906,13
0.25,old,m1-ctrl,NUST,2005,0.04742864193691125,0.0135849743320001,13
0.25,old,ref-ctrl,NUST,2005,-0.0003053901679404622,0.0003011515556554824,13
0.25,old,m0-ref,NUST,2006,-0.00025011747042863464,0.0022173138693062982,12
0.25,old,m1-ref,NUST,2006,0.0038438325832350468,0.00402755111986936,12
0.25,old,m1-m0,NUST,2006,0.004093950053663681,0.003674873166706851,12
0.25,old,m0-ctrl,NUST,2006,0.012750365218428754,0.008184837885409423,12
0.25,old,m1-ctrl,NUST,2006,0.016844315272092434,0.010985546238273951,12
0.25,old,ref-ctrl,NUST,2006,0.013000482688857389,0.007274934981452121,12
0.25,old,m0-ref,NUST,2007,-0.0002522676705880231,0.008371249727015074,16
0.25,old,m1-ref,NUST,2007,0.007288127286949785,0.01010614047250383,16
0.25,old,m1-m0,NUST,2007,0.007540394957537808,0.00895852001643623,16
0.25,old,m0-ctrl,NUST,2007,0.0012075779818002605,0.009273223052227117,16
0.25,old,m1-ctrl,NUST,2007,0.008747972939338069,0.010851471333843487,16
0.25,old,ref-ctrl,NUST,2007,0.0014598456523882836,0.0016915932761218653,16
0.25,old,m0-ref,NUST,2008,0.016641120249045984,0.008735497329851735,16
0.25,old,m1-ref,NUST,2008,0.01942603536928294,0.00958565353091507,16
0.25,old,m1-m0,NUST,2008,0.0027849151202369547,0.0016624005437107488,16
0.25,old,m0-ctrl,NUST,2008,0.012422739080383785,0.008824666054063861,16
0.25,old,m1-ctrl,NUST,2008,0.015207654200620738,0.009636457785467071,16
0.25,old,ref-ctrl,NUST,2008,-0.004218381168662199,0.0019872155048256033,16
0.25,old,m0-ref,NUST,2009,0.0007544586822625127,0.012833661517111338,10
0.25,old,m1-ref,NUST,2009,0.006647113081217142,0.02427864670039579,10
0.25,old,m1-m0,NUST,2009,0.005892654398954629,0.013095233995134157,10
0.25,old,m0-ctrl,NUST,2009,0.0014028462231854028,0.011456644671180535,10
0.25,old,m1-ctrl,NUST,2009,0.007295500622140033,0.023673914666502174,10
0.25,old,ref-ctrl,NUST,2009,0.0006483875409228901,0.006947473154679071,10
0.25,old,m0-ref,NUST,2010,0.03700306435557479,0.014663798318960851,21
0.25,old,m1-ref,NUST,2010,0.03700306435557479,0.014663798318960851,21
0.25,old,m1-m0,NUST,2010,0.0,0.0,21
0.25,old,m0-ctrl,NUST,2010,0.03656605436503636,0.02200161785271079,21
0.25,old,m1-ctrl,NUST,2010,0.03656605436503636,0.02200161785271079,21
0.25,old,ref-ctrl,NUST,2010,-0.0004370099905384305,0.009795195399804767,21
0.25,old,m0-ref,NUST,2011,0.028443106828177432,0.018990242763414936,17
0.25,old,m1-ref,NUST,2011,0.10888581936768335,0.059025125375538605,17
0.25,old,m1-m0,NUST,2011,0.08044271253950594,0.054713196724120984,17
0.25,old,m0-ctrl,NUST,2011,0.010004427837167632,0.022324690043882173,17
0.25,old,m1-ctrl,NUST,2011,0.09044714037667356,0.06703377104053064,17
0.25,old,ref-ctrl,NUST,2011,-0.0184386789910098,0.013370195565289091,17
0.25,old,m0-ref,NUST,2012,0.008963842882074328,0.01638310705959913,16
0.25,old,m1-ref,NUST,2012,0.058214434960907044,0.028033337769225716,16
0.25,old,m1-m0,NUST,2012,0.04925059207883271,0.02790735533366333,16
0.25,old,m0-ctrl,NUST,2012,-0.019674047628934415,0.015398347267608291,16
0.25,old,m1-ctrl,NUST,2012,0.029576544449898295,0.02882643338614388,16
0.25,old,ref-ctrl,NUST,2012,-0.02863789051100874,0.009631845139895595,16
0.25,old,m0-ref,NUST,2013,0.03669466858597668,0.01699396532439109,30
0.25,old,m1-ref,NUST,2013,0.06934350765798915,0.028684146126537805,30
0.25,old,m1-m0,NUST,2013,0.0326488390720125,0.015631919639421978,30
0.25,old,m0-ctrl,NUST,2013,0.023260780612793817,0.01427964679575994,30
0.25,old,m1-ctrl,NUST,2013,0.055909619684806316,0.022267391792067676,30
0.25,old,ref-ctrl,NUST,2013,-0.013433887973182852,0.010697468647449025,30
0.25,old,m0-ref,NUST,2014,0.022814379066890787,0.011648724152068708,30
0.25,old,m1-ref,NUST,2014,0.05560696130234801,0.01800763326007023,30
0.25,old,m1-m0,NUST,2014,0.03279258223545723,0.015189076904093693,30
0.25,old,m0-ctrl,NUST,2014,0.018381794058104212,0.01251871158787256,30
0.25,old,m1-ctrl,NUST,2014,0.051174376293561454,0.01762841342842403,30
0.25,old,ref-ctrl,NUST,2014,-0.004432585008786577,0.009532069601894615,30
0.25,old,m0-ref,NUST,2015,0.02210560444936933,0.01843204839076571,36
0.25,old,m1-ref,NUST,2015,0.04378822257306471,0.020767684093852202,36
0.25,old,m1-m0,NUST,2015,0.02168261812369538,0.018730091281979503,36
0.25,old,m0-ctrl,NUST,2015,0.009110253044083225,0.016885055255434628,36
0.25,old,m1-ctrl,NUST,2015,0.0307928711677786,0.020435765061684902,36
0.25,old,ref-ctrl,NUST,2015,-0.012995351405286105,0.007863099489103487,36
0.25,old,m0-ref,NUST,2016,0.01434412262848382,0.010150507170401713,36
0.25,old,m1-ref,NUST,2016,0.04802307024456671,0.01987588924190302,36
0.25,old,m1-m0,NUST,2016,0.03367894761608287,0.019367452009393184,36
0.25,old,m0-ctrl,NUST,2016,0.018144675295093962,0.011868478696416237,36
0.25,old,m1-ctrl,NUST,2016,0.05182362291117684,0.02039207197738548,36
0.25,old,ref-ctrl,NUST,2016,0.0038005526666101417,0.008278935790722372,36
0.25,old,m0-ref,NUST,2017,0.012579686215921829,0.006865948638515048,31
0.25,old,m1-ref,NUST,2017,0.012275455570695388,0.015564421146509287,31
0.25,old,m1-m0,NUST,2017,-0.000304230645226447,0.01565683665259767,31
0.25,old,m0-ctrl,NUST,2017,0.023798965889852544,0.009914646596311597,31
0.25,old,m1-ctrl,NUST,2017,0.023494735244626107,0.018365839195344125,31
0.25,old,ref-ctrl,NUST,2017,0.011219279673930719,0.007976549830648891,31
0.25,old,m0-ref,NUST,2019,0.014301580139428045,0.008283637474018172,30
0.25,old,m1-ref,NUST,2019,0.022818777126524522,0.006753185764619288,30
0.25,old,m1-m0,NUST,2019,0.008517196987096472,0.009673343199992784,30
0.25,old,m0-ctrl,NUST,2019,0.018285198079575647,0.010213761303933427,30
0.25,old,m1-ctrl,NUST,2019,0.026802395066672122,0.0118465592001628,30
0.25,old,ref-ctrl,NUST,2019,0.003983617940147602,0.009681222278421655,30
0.25,old,m0-ref,NUST,2020,0.017706550993804866,0.009258508043044669,28
0.25,old,m1-ref,NUST,2020,0.05773870841643648,0.02798987758853985,28
0.25,old,m1-m0,NUST,2020,0.0400321574226316,0.029527542892819288,28
0.25,old,m0-ctrl,NUST,2020,0.017645195257515314,0.010590886166321591,28
0.25,old,m1-ctrl,NUST,2020,0.057677352680146905,0.02828493554811552,28
0.25,old,ref-ctrl,NUST,2020,-6.135573628955565e-05,0.00555140115693236,28
0.5,all,m0-ref,ESWYT,2006,0.03519426831706224,0.05988402991240869,6
0.5,all,m1-ref,ESWYT,2006,0.04660494398041084,0.05883825138682397,6
0.5,all,m1-m0,ESWYT,2006,0.011410675663348593,0.008281087639465983,6
0.5,all,m0-ctrl,ESWYT,2006,0.03519426831706224,0.05988402991240869,6
0.5,all,m1-ctrl,ESWYT,2006,0.04660494398041084,0.05883825138682397,6
0.5,all,ref-ctrl,ESWYT,2006,0.0,0.0,6
0.5,all,m0-ref,ESWYT,2008,0.0992468177268512,0.039797547866199566,19
0.5,all,m1-ref,ESWYT,2008,0.0992468177268512,0.039797547866199566,19
0.5,all,m1-m0,ESWYT,2008,0.0,0.0,19
0.5,all,m0-ctrl,ESWYT,2008,0.0992468177268512,0.039797547866199566,19
0.5,all,m1-ctrl,ESWYT,2008,0.0992468177268512,0.039797547866199566,19
0.5,all,ref-ctrl,ESWYT,2008,0.0,0.0,19
0.5,all,m0-ref,ESWYT,2010,-0.004873278317237247,0.019601346151044675,19
0.5,all,m1-ref,ESWYT,2010,-0.004873278317237247,0.019601346151044675,19
0.5,all,m1-m0,ESWYT,2010,0.0,0.0,19
0.5,all,m0-ctrl,ESWYT,2010,-0.004873278317237247,0.019601346151044675,19
0.5,all,m1-ctrl,ESWYT,2010,-0.004873278317237247,0.019601346151044675,19
0.5,all,ref-ctrl,ESWYT,2010,0.0,0.0,19
0.5,all,m0-ref,ESWYT,2011,0.038662880540451784,0.019999821302932888,36
0.5,all,m1-ref,ESWYT,2011,0.04187934436677844,0.019253487563475585,36
0.5,all,m1-m0,ESWYT,2011,0.003216463826326653,0.0018809356689447685,36
0.5,all,m0-ctrl,ESWYT,2011,0.038662880540451784,0.019999821302932888,36
0.5,all,m1-ctrl,ESWYT,2011,0.04187934436677844,0.019253487563475585,36
0.5,all,ref-ctrl,ESWYT,2011,0.0,0.0,36
0.5,all,m0-ref,ESWYT,2012,0.13101240526903843,0.030148457956702943,28
0.5,all,m1-ref,ESWYT,2012,0.1590324557799347,0.031899635820650335,28
0.5,all,m1-m0,ESWYT,2012,0.02802005051089621,0.007672786284911472,28
0.5,all,m0-ctrl,ESWYT,2012,0.13101240526903843,0.030148457956702943,28
0.5,all,m1-ctrl,ESWYT,2012,0.1590324557799347,0.031899635820650335,28
0.5,all,ref-ctrl,ESWYT,2012,0.0,0.0,28
0.5,all,m0-ref,ESWYT,2013,0.02208271024951912,0.03740820846720542,29
0.5,all,m1-ref,ESWYT,2013,0.023405100715481967,0.04020621568306237,29
0.5,all,m1-m0,ESWYT,2013,0.0013223904659628526,0.013622288478035113,29
0.5,all,m0-ctrl,ESWYT,2013,0.02381114838504577,0.03722311800119584,29
0.5,all,m1-ctrl,ESWYT,2013,0.02513353885100863,0.039893105491974126,29
0.5,all,ref-ctrl,ESWYT,2013,0.0017284381355266558,0.0012391533117025685,29
0.5,all,m0-ref,ESWYT,2014,0.07683950802321167,0.061462484004762376,21
0.5,all,m1-ref,ESWYT,2014,0.0920623966553901,0.045080291525057464,21
0.5,all,m1-m0,ESWYT,2014,0.01522288863217843,0.028051323059273478,21
0.5,all,m0-ctrl,ESWYT,2014,0.0754745720381351,0.06207052110672146,21
0.5,all,m1-ctrl,ESWYT,2014,0.09069746067031352,0.04544832227694502,21
0.5,all,ref-ctrl,ESWYT,2014,-0.0013649359850765638,0.0028946908802210125,21
0.5,all,m0-ref,ESWYT,2015,0.06338472290832643,0.020983060785107043,40
0.5,all,m1-ref,ESWYT,2015,0.0749697691356426,0.02265322761045213,40
0.5,all,m1-m0,ESWYT,2015,0.011585046227316171,0.008056462503723822,40
0.5,all,m0-ctrl,ESWYT,2015,0.07156728425242508,0.02202755269410813,40
0.5,all,m1-ctrl,ESWYT,2015,0.08315233047974124,0.023642658839507374,40
0.5,all,ref-ctrl,ESWYT,2015,0.008182561344098647,0.003303736876354544,40
0.5,all,m0-ref,ESWYT,2016,0.11269462356435843,0.031552099356374846,37
0.5,all,m1-ref,ESWYT,2016,0.13340293099383851,0.0356443148659451,37
0.5,all,m1-m0,ESWYT,2016,0.02070830742948011,0.014833023839080958,37
0.5,all,m0-ctrl,ESWYT,2016,0.10981065219151118,0.030690397325565815,37
0.5,all,m1-ctrl,ESWYT,2016,0.13051895962099128,0.03485062839336086,37
0.5,all,ref-ctrl,ESWYT,2016,-0.002883971372847253,0.002671655683273131,37
0.5,all,m0-ref,G2F,2016,0.210029383619762,0.024118340545050833,27
0.5,all,m1-ref,G2F,2016,0.29322789088635276,0.029540009067432423,27
0.5,all,m1-m0,G2F,2016,0.08319850726659074,0.01954661459054182,27
0.5,all,m0-ctrl,G2F,2016,0.23804075679522785,0.026289751320767687,27
0.5,all,m1-ctrl,G2F,2016,0.32123926406181846,0.03145723525216442,27
0.5,all,ref-ctrl,G2F,2016,0.028011373175465818,0.00924807418898863,27
0.5,all,m0-ref,G2F,2018,0.2050802080263947,0.02921696626131983,29
0.5,all,m1-ref,G2F,2018,0.2844456262257831,0.029061392314705486,29
0.5,all,m1-m0,G2F,2018,0.07936541819938829,0.01683225155294624,29
0.5,all,m0-ctrl,G2F,2018,0.21382957482449363,0.029745445882948144,29
0.5,all,m1-ctrl,G2F,2018,0.293194993023882,0.029620462597344785,29
0.5,all,ref-ctrl,G2F,2018,0.008749366798098946,0.005083302709331604,29
0.5,all,m0-ref,G2F,2020,0.18774707645165786,0.02835110463496985,24
0.5,all,m1-ref,G2F,2020,0.23308833305543877,0.02744997897041745,24
0.5,all,m1-m0,G2F,2020,0.045341256603780966,0.009775438671599784,24
0.5,all,m0-ctrl,G2F,2020,0.19431127459131203,0.029854261216335432,24
0.5,all,m1-ctrl,G2F,2020,0.23965253119509297,0.02999293931588464,24
0.5,all,ref-ctrl,G2F,2020,0.006564198139654171,0.007585620272982477,24
0.5,all,m0-ref,G2F,2022,0.1570432531469678,0.016859214443435883,27
0.5,all,m1-ref,G2F,2022,0.1859792421738676,0.01855294953085361,27
0.5,all,m1-m0,G2F,2022,0.028935989026899804,0.008287626341772074,27
0.5,all,m0-ctrl,G2F,2022,0.16699337504463324,0.017556665680578582,27
0.5,all,m1-ctrl,G2F,2022,0.19592936407153302,0.01897229020503312,27
0.5,all,ref-ctrl,G2F,2022,0.009950121897665446,0.005003379443221354,27
0.5,all,m0-ref,G2F,2024,0.24845763514077515,0.03212612885288329,22
0.5,all,m1-ref,G2F,2024,0.27403776957412085,0.03495575104934915,22
0.5,all,m1-m0,G2F,2024,0.02558013443334571,0.0092873134320611,22
0.5,all,m0-ctrl,G2F,2024,0.18897740792736728,0.017320729275231095,22
0.5,all,m1-ctrl,G2F,2024,0.21455754236071292,0.021873807406282253,22
0.5,all,ref-ctrl,G2F,2024,-0.059480227213407885,0.018437966801813994,22
0.5,all,m0-ref,GEM_IA,2016,0.40388219425248123,0.06319598620943609,6
0.5,all,m1-ref,GEM_IA,2016,0.5243784036292253,0.04708626852173185,6
0.5,all,m1-m0,GEM_IA,2016,0.120496209376744,0.05484120782379051,6
0.5,all,m0-ctrl,GEM_IA,2016,0.3766725615638202,0.05602112879768856,6
0.5,all,m1-ctrl,GEM_IA,2016,0.49716877094056405,0.04684802920980098,6
0.5,all,ref-ctrl,GEM_IA,2016,-0.02720963268866111,0.008505728544778199,6
0.5,all,m0-ref,GEM_IA,2017,0.36554137887570015,0.10696631529946396,7
0.5,all,m1-ref,GEM_IA,2017,0.40773055577388095,0.09095644798487476,7
0.5,all,m1-m0,GEM_IA,2017,0.04218917689818082,0.019228070132641783,7
0.5,all,m0-ctrl,GEM_IA,2017,0.36477263174210617,0.1062985194625929,7
0.5,all,m1-ctrl,GEM_IA,2017,0.40696180864028697,0.09013025800146428,7
0.5,all,ref-ctrl,GEM_IA,2017,-0.0007687471335939734,0.004348944881690427,7
0.5,all,m0-ref,GEM_IA,2018,0.1348882365513021,0.04462560630716802,8
0.5,all,m1-ref,GEM_IA,2018,0.17536340793087496,0.05701889898104659,8
0.5,all,m1-m0,GEM_IA,2018,0.04047517137957287,0.04026126964062896,8
0.5,all,m0-ctrl,GEM_IA,2018,0.1348882365513021,0.04462560630716802,8
0.5,all,m1-ctrl,GEM_IA,2018,0.17536340793087496,0.05701889898104659,8
0.5,all,ref-ctrl,GEM_IA,2018,0.0,0.0,8
0.5,all,m0-ref,GEM_IA,2019,0.17274704381123115,0.055257713508131696,9
0.5,all,m1-ref,GEM_IA,2019,0.18686174133569794,0.05672336201350157,9
0.5,all,m1-m0,GEM_IA,2019,0.01411469752446681,0.010547482724005464,9
0.5,all,m0-ctrl,GEM_IA,2019,0.1739668097211201,0.055467635350059,9
0.5,all,m1-ctrl,GEM_IA,2019,0.18808150724558695,0.05691979043450833,9
0.5,all,ref-ctrl,GEM_IA,2019,0.0012197659098890012,0.00046916522860945717,9
0.5,all,m0-ref,MU_SOY,2020,0.13732942960014108,0.04019399171686665,11
0.5,all,m1-ref,MU_SOY,2020,0.16927661531821467,0.044769942767316676,11
0.5,all,m1-m0,MU_SOY,2020,0.031947185718073604,0.011577210808437705,11
0.5,all,m0-ctrl,MU_SOY,2020,0.13693618644388333,0.04103524643889582,11
0.5,all,m1-ctrl,MU_SOY,2020,0.16888337216195695,0.045518362352753944,11
0.5,all,ref-ctrl,MU_SOY,2020,-0.0003932431562577191,0.0012995692645979028,11
0.5,all,m0-ref,NUST,2005,0.042581827154397844,0.01097724890278349,9
0.5,all,m1-ref,NUST,2005,0.11174486289108332,0.01876387939636173,9
0.5,all,m1-m0,NUST,2005,0.06916303573668547,0.020311128684477174,9
0.5,all,m0-ctrl,NUST,2005,0.04026723449890638,0.011266133129659999,9
0.5,all,m1-ctrl,NUST,2005,0.10943027023559186,0.018852501149529285,9
0.5,all,ref-ctrl,NUST,2005,-0.0023145926554914618,0.002190536189979414,9
0.5,all,m0-ref,NUST,2006,0.11047658168789935,0.02561708299798071,6
0.5,all,m1-ref,NUST,2006,0.19705282277625658,0.0546278573337627,6
0.5,all,m1-m0,NUST,2006,0.08657624108835722,0.031336698228928615,6
0.5,all,m0-ctrl,NUST,2006,0.10940750610536866,0.025621066648034693,6
0.5,all,m1-ctrl,NUST,2006,0.1959837471937259,0.05436361985698396,6
0.5,all,ref-ctrl,NUST,2006,-0.0010690755825306906,0.0016336331289866434,6
0.5,all,m0-ref,NUST,2007,0.08890120052133244,0.04196680711503178,5
0.5,all,m1-ref,NUST,2007,0.13562238583346467,0.05912447928118737,5
0.5,all,m1-m0,NUST,2007,0.046721185312132235,0.0287265291620154,5
0.5,all,m0-ctrl,NUST,2007,0.08288572728055052,0.045874294360125044,5
0.5,all,m1-ctrl,NUST,2007,0.12960691259268275,0.062161244548601224,5
0.5,all,ref-ctrl,NUST,2007,-0.006015473240781914,0.004302789993060376,5
0.5,all,m0-ref,NUST,2008,0.03946713361408695,0.0357878623363749,7
0.5,all,m1-ref,NUST,2008,0.04232884238327123,0.03640912283945508,7
0.5,all,m1-m0,NUST,2008,0.0028617087691842824,0.0009175069795543101,7
0.5,all,m0-ctrl,NUST,2008,0.04321519495992766,0.034845403166722376,7
0.5,all,m1-ctrl,NUST,2008,0.04607690372911194,0.035477282491981656,7
0.5,all,ref-ctrl,NUST,2008,0.0037480613458407024,0.005103652499012575,7
0.5,all,m0-ref,NUST,2009,0.03218972508183185,0.022535372241044148,8
0.5,all,m1-ref,NUST,2009,0.10302300085554297,0.05845693069162641,8
0.5,all,m1-m0,NUST,2009,0.07083327577371112,0.044902475222487664,8
0.5,all,m0-ctrl,NUST,2009,0.03677697575791522,0.02366299582587205,8
0.5,all,m1-ctrl,NUST,2009,0.10761025153162634,0.0574530054638813,8
0.5,all,ref-ctrl,NUST,2009,0.004587250676083371,0.0045771377544913915,8
0.5,all,m0-ref,NUST,2010,0.09566319411297326,0.029573872347879428,10
0.5,all,m1-ref,NUST,2010,0.09915376043408097,0.028471010859071263,10
0.5,all,m1-m0,NUST,2010,0.003490566321107702,0.0019398348999114389,10
0.5,all,m0-ctrl,NUST,2010,0.1210054097957135,0.03130646973289169,10
0.5,all,m1-ctrl,NUST,2010,0.12449597611682121,0.03016422402276137,10
0.5,all,ref-ctrl,NUST,2010,0.025342215682740244,0.0043701712188387665,10
0.5,all,m0-ref,NUST,2011,0.07983161765505141,0.02808335306273831,10
0.5,all,m1-ref,NUST,2011,0.20020872939920417,0.06077468703680877,10
0.5,all,m1-m0,NUST,2011,0.12037711174415273,0.05846547423649049,10
0.5,all,m0-ctrl,NUST,2011,0.08242880084349183,0.028008788719039536,10
0.5,all,m1-ctrl,NUST,2011,0.2028059125876446,0.05971891098222497,10
0.5,all,ref-ctrl,NUST,2011,0.0025971831884404203,0.008142278859662578,10
0.5,all,m0-ref,NUST,2012,0.10018647832153908,0.03328441601391928,14
0.5,all,m1-ref,NUST,2012,0.182762409327393,0.035603052211827024,14
0.5,all,m1-m0,NUST,2012,0.0825759310058539,0.05316770911969343,14
0.5,all,m0-ctrl,NUST,2012,0.11217218228713434,0.03429550034052743,14
0.5,all,m1-ctrl,NUST,2012,0.19474811329298822,0.03949847300766065,14
0.5,all,ref-ctrl,NUST,2012,0.011985703965595233,0.011007686210999242,14
0.5,all,m0-ref,NUST,2013,0.11634089362964242,0.02363990031706983,18
0.5,all,m1-ref,NUST,2013,0.17269460115103732,0.028441089359725683,18
0.5,all,m1-m0,NUST,2013,0.05635370752139489,0.014557872033592696,18
0.5,all,m0-ctrl,NUST,2013,0.11507579568594184,0.02366886673385469,18
0.5,all,m1-ctrl,NUST,2013,0.17142950320733671,0.02710630449027981,18
0.5,all,ref-ctrl,NUST,2013,-0.0012650979437005857,0.0076814818759815915,18
0.5,all,m0-ref,NUST,2014,0.04079974738907056,0.02628296552226493,23
0.5,all,m1-ref,NUST,2014,0.17133933910986446,0.039204285699779434,23
0.5,all,m1-m0,NUST,2014,0.13053959172079388,0.035495227235593466,23
0.5,all,m0-ctrl,NUST,2014,0.03899064696094105,0.029681197086770906,23
0.5,all,m1-ctrl,NUST,2014,0.16953023868173495,0.03474955742920222,23
0.5,all,ref-ctrl,NUST,2014,-0.0018091004281295176,0.01160319834869234,23
0.5,all,m0-ref,NUST,2015,0.09603214276168154,0.020588777425870685,29
0.5,all,m1-ref,NUST,2015,0.16621199621415045,0.02361895513659486,29
0.5,all,m1-m0,NUST,2015,0.07017985345246897,0.018242469489930635,29
0.5,all,m0-ctrl,NUST,2015,0.09878038422532479,0.020935868290376476,29
0.5,all,m1-ctrl,NUST,2015,0.16896023767779372,0.022547201956452358,29
0.5,all,ref-ctrl,NUST,2015,0.002748241463643225,0.0062866227564081015,29
0.5,all,m0-ref,NUST,2016,0.061764127856923895,0.015928845748327893,27
0.5,all,m1-ref,NUST,2016,0.14314311921490758,0.02183999062577318,27
0.5,all,m1-m0,NUST,2016,0.08137899135798368,0.014792346947111745,27
0.5,all,m0-ctrl,NUST,2016,0.08517878098717115,0.018261149740450084,27
0.5,all,m1-ctrl,NUST,2016,0.16655777234515481,0.023765943701617897,27
0.5,all,ref-ctrl,NUST,2016,0.023414653130247265,0.006667914949466032,27
0.5,all,m0-ref,NUST,2017,0.02782884948232834,0.014981745659589768,20
0.5,all,m1-ref,NUST,2017,0.12671519825538238,0.01628237039011701,20
0.5,all,m1-m0,NUST,2017,0.09888634877305402,0.02050333365168185,20
0.5,all,m0-ctrl,NUST,2017,0.04260486205629076,0.013700951392719572,20
0.5,all,m1-ctrl,NUST,2017,0.14149121082934485,0.018553496526851277,20
0.5,all,ref-ctrl,NUST,2017,0.014776012573962433,0.00966509292522917,20
0.5,all,m0-ref,NUST,2019,0.07502445086759497,0.02428382712776868,21
0.5,all,m1-ref,NUST,2019,0.13995639370303603,0.023317024557493564,21
0.5,all,m1-m0,NUST,2019,0.06493194283544103,0.010983777725312092,21
0.5,all,m0-ctrl,NUST,2019,0.10231752077745741,0.02536987672205161,21
0.5,all,m1-ctrl,NUST,2019,0.16724946361289844,0.024554843027205467,21
0.5,all,ref-ctrl,NUST,2019,0.027293069909862445,0.008698730974368641,21
0.5,all,m0-ref,NUST,2020,0.015322717232365826,0.01886454205157116,16
0.5,all,m1-ref,NUST,2020,0.0889245161776208,0.031379422975089874,16
0.5,all,m1-m0,NUST,2020,0.07360179894525498,0.02493139492705168,16
0.5,all,m0-ctrl,NUST,2020,0.02755020778683205,0.018672848120572672,16
0.5,all,m1-ctrl,NUST,2020,0.10115200673208705,0.03136071126932756,16
0.5,all,ref-ctrl,NUST,2020,0.012227490554466224,0.004458140432016056,16
0.5,all,m0-ref,URSN,2015,0.09596659458287164,0.06524891078394074,6
0.5,all,m1-ref,URSN,2015,0.09596659458287164,0.06524891078394074,6
0.5,all,m1-m0,URSN,2015,0.0,0.0,6
0.5,all,m0-ctrl,URSN,2015,0.09596659458287164,0.06524891078394074,6
0.5,all,m1-ctrl,URSN,2015,0.09596659458287164,0.06524891078394074,6
0.5,all,ref-ctrl,URSN,2015,0.0,0.0,6
0.5,all,m0-ref,URSN,2019,0.08712121212121213,0.05520300616946665,4
0.5,all,m1-ref,URSN,2019,0.0946969696969697,0.05030847262017496,4
0.5,all,m1-m0,URSN,2019,0.007575757575757569,0.006801338629772686,4
0.5,all,m0-ctrl,URSN,2019,0.08712121212121213,0.05520300616946665,4
0.5,all,m1-ctrl,URSN,2019,0.0946969696969697,0.05030847262017496,4
0.5,all,ref-ctrl,URSN,2019,0.0,0.0,4
0.5,new,m0-ref,ESWYT,2006,0.03267968824987282,0.06902315895283888,6
0.5,new,m1-ref,ESWYT,2006,0.04532631650098592,0.06914252588283058,6
0.5,new,m1-m0,ESWYT,2006,0.012646628251113103,0.010638774450903544,6
0.5,new,m0-ctrl,ESWYT,2006,0.03267968824987282,0.06902315895283888,6
0.5,new,m1-ctrl,ESWYT,2006,0.04532631650098592,0.06914252588283058,6
0.5,new,ref-ctrl,ESWYT,2006,0.0,0.0,6
0.5,new,m0-ref,ESWYT,2008,0.1001576976219116,0.042706012144946924,19
0.5,new,m1-ref,ESWYT,2008,0.1001576976219116,0.042706012144946924,19
0.5,new,m1-m0,ESWYT,2008,0.0,0.0,19
0.5,new,m0-ctrl,ESWYT,2008,0.1001576976219116,0.042706012144946924,19
0.5,new,m1-ctrl,ESWYT,2008,0.1001576976219116,0.042706012144946924,19
0.5,new,ref-ctrl,ESWYT,2008,0.0,0.0,19
0.5,new,m0-ref,ESWYT,2010,-0.020165320213269455,0.02877948244510651,19
0.5,new,m1-ref,ESWYT,2010,-0.020165320213269455,0.02877948244510651,19
0.5,new,m1-m0,ESWYT,2010,0.0,0.0,19
0.5,new,m0-ctrl,ESWYT,2010,-0.020165320213269455,0.02877948244510651,19
0.5,new,m1-ctrl,ESWYT,2010,-0.020165320213269455,0.02877948244510651,19
0.5,new,ref-ctrl,ESWYT,2010,0.0,0.0,19
0.5,new,m0-ref,ESWYT,2011,0.02892071607125665,0.022584073084926718,36
0.5,new,m1-ref,ESWYT,2011,0.03186138294285037,0.02154421105113313,36
0.5,new,m1-m0,ESWYT,2011,0.002940666871593724,0.0020458921385259296,36
0.5,new,m0-ctrl,ESWYT,2011,0.02892071607125665,0.022584073084926718,36
0.5,new,m1-ctrl,ESWYT,2011,0.03186138294285037,0.02154421105113313,36
0.5,new,ref-ctrl,ESWYT,2011,0.0,0.0,36
0.5,new,m0-ref,ESWYT,2012,0.16373857008470932,0.04062748597347599,28
0.5,new,m1-ref,ESWYT,2012,0.18570570218402052,0.04259170801385614,28
0.5,new,m1-m0,ESWYT,2012,0.021967132099311178,0.007861283292760425,28
0.5,new,m0-ctrl,ESWYT,2012,0.16373857008470932,0.04062748597347599,28
0.5,new,m1-ctrl,ESWYT,2012,0.18570570218402052,0.04259170801385614,28
0.5,new,ref-ctrl,ESWYT,2012,0.0,0.0,28
0.5,new,m0-ref,ESWYT,2013,0.028642015106969555,0.041245363214137305,29
0.5,new,m1-ref,ESWYT,2013,0.028309468875607643,0.04438761209759442,29
0.5,new,m1-m0,ESWYT,2013,-0.0003325462313618996,0.013787870049282048,29
0.5,new,m0-ctrl,ESWYT,2013,0.028919224103401177,0.04108188136795369,29
0.5,new,m1-ctrl,ESWYT,2013,0.02858667787203927,0.044134783578171355,29
0.5,new,ref-ctrl,ESWYT,2013,0.0002772089964316152,0.0012754348185632976,29
0.5,new,m0-ref,ESWYT,2014,0.09130691473250753,0.06882282313975567,21
0.5,new,m1-ref,ESWYT,2014,0.10203102195759518,0.052428121638035216,21
0.5,new,m1-m0,ESWYT,2014,0.010724107225087647,0.03092241874731333,21
0.5,new,m0-ctrl,ESWYT,2014,0.09581919114427676,0.06924022423085703,21
0.5,new,m1-ctrl,ESWYT,2014,0.10654329836936441,0.052548291563697315,21
0.5,new,ref-ctrl,ESWYT,2014,0.004512276411769218,0.0022806011069742265,21
0.5,new,m0-ref,ESWYT,2015,0.06882618672055199,0.024377279578086206,40
0.5,new,m1-ref,ESWYT,2015,0.07745052265497201,0.025781799571331518,40
0.5,new,m1-m0,ESWYT,2015,0.00862433593442003,0.007623747045275464,40
0.5,new,m0-ctrl,ESWYT,2015,0.07897500160655971,0.025494744380584373,40
0.5,new,m1-ctrl,ESWYT,2015,0.08759933754097973,0.026931297173860134,40
0.5,new,ref-ctrl,ESWYT,2015,0.010148814886007712,0.0037505850483449572,40
0.5,new,m0-ref,ESWYT,2016,0.11182427448674494,0.033035297041185435,37
0.5,new,m1-ref,ESWYT,2016,0.13469770241249396,0.03443147549039734,37
0.5,new,m1-m0,ESWYT,2016,0.02287342792574898,0.013775460279226161,37
0.5,new,m0-ctrl,ESWYT,2016,0.10772363772073573,0.03214839250591896,37
0.5,new,m1-ctrl,ESWYT,2016,0.13059706564648468,0.03375381168134774,37
0.5,new,ref-ctrl,ESWYT,2016,-0.004100636766009205,0.0030911296328451406,37
0.5,new,m0-ref,G2F,2016,0.2476284887218325,0.03084209796971452,27
0.5,new,m1-ref,G2F,2016,0.31698447783354383,0.0355341970067642,27
0.5,new,m1-m0,G2F,2016,0.06935598911171131,0.01598733073385043,27
0.5,new,m0-ctrl,G2F,2016,0.28933932332344786,0.0328924375375914,27
0.5,new,m1-ctrl,G2F,2016,0.3586953124351592,0.037752026446605004,27
0.5,new,ref-ctrl,G2F,2016,0.04171083460161541,0.010139411299126233,27
0.5,new,m0-ref,G2F,2018,0.21827592095508094,0.03315904228548856,29
0.5,new,m1-ref,G2F,2018,0.3006387073251765,0.031854872771493126,29
0.5,new,m1-m0,G2F,2018,0.08236278637009563,0.017454485286583544,29
0.5,new,m0-ctrl,G2F,2018,0.22226270954981786,0.03279850665030403,29
0.5,new,m1-ctrl,G2F,2018,0.3046254959199135,0.031713038677436474,29
0.5,new,ref-ctrl,G2F,2018,0.003986788594736952,0.005854019680586327,29
0.5,new,m0-ref,G2F,2020,0.1972630166090851,0.028982585221420762,24
0.5,new,m1-ref,G2F,2020,0.2256568071436659,0.030096332090808347,24
0.5,new,m1-m0,G2F,2020,0.028393790534580823,0.00729877942571477,24
0.5,new,m0-ctrl,G2F,2020,0.20007440855604408,0.030283231655364493,24
0.5,new,m1-ctrl,G2F,2020,0.2284681990906249,0.0319494070773972,24
0.5,new,ref-ctrl,G2F,2020,0.00281139194695899,0.00790500498739626,24
0.5,new,m0-ref,G2F,2022,0.16800557226138016,0.01865983995163514,27
0.5,new,m1-ref,G2F,2022,0.19377634041051822,0.01961662380023653,27
0.5,new,m1-m0,G2F,2022,0.025770768149138017,0.008008927270159316,27
0.5,new,m0-ctrl,G2F,2022,0.17928570533308708,0.018982720168828935,27
0.5,new,m1-ctrl,G2F,2022,0.20505647348222514,0.0194810487384038,27
0.5,new,ref-ctrl,G2F,2022,0.011280133071706899,0.00481800573433293,27
0.5,new,m0-ref,G2F,2024,0.2941920047038222,0.03556086280317864,22
0.5,new,m1-ref,G2F,2024,0.31512863028110344,0.03918907804184654,22
0.5,new,m1-m0,G2F,2024,0.02093662557728128,0.006700036261242258,22
0.5,new,m0-ctrl,G2F,2024,0.22666888705498922,0.01965055514115226,22
0.5,new,m1-ctrl,G2F,2024,0.24760551263227049,0.023295805501487365,22
0.5,new,ref-ctrl,G2F,2024,-0.06752311764883295,0.0201486982465584,22
0.5,new,m0-ref,GEM_IA,2016,0.40388219425248123,0.06305324240248303,6
0.5,new,m1-ref,GEM_IA,2016,0.5243784036292253,0.046613972924419864,6
0.5,new,m1-m0,GEM_IA,2016,0.120496209376744,0.05501313754983644,6
0.5,new,m0-ctrl,GEM_IA,2016,0.3766725615638202,0.055786980161922003,6
0.5,new,m1-ctrl,GEM_IA,2016,0.49716877094056405,0.04638102412339266,6
0.5,new,ref-ctrl,GEM_IA,2016,-0.02720963268866111,0.008606294720329356,6
0.5,new,m0-ref,GEM_IA,2017,0.36554137887570015,0.10718727255354117,7
0.5,new,m1-ref,GEM_IA,2017,0.40773055577388095,0.09084164513955778,7
0.5,new,m1-m0,GEM_IA,2017,0.04218917689818082,0.019426809601343995,7
0.5,new,m0-ctrl,GEM_IA,2017,0.36477263174210617,0.1067967927237549,7
0.5,new,m1-ctrl,GEM_IA,2017,0.40696180864028697,0.090298536782505,7
0.5,new,ref-ctrl,GEM_IA,2017,-0.0007687471335939734,0.004362377456548498,7
0.5,new,m0-ref,GEM_IA,2018,0.1348882365513021,0.04538242200928877,8
0.5,new,m1-ref,GEM_IA,2018,0.17536340793087496,0.05805711862446558,8
0.5,new,m1-m0,GEM_IA,2018,0.04047517137957287,0.041109369544275035,8
0.5,new,m0-ctrl,GEM_IA,2018,0.1348882365513021,0.04538242200928877,8
0.5,new,m1-ctrl,GEM_IA,2018,0.17536340793087496,0.05805711862446558,8
0.5,new,ref-ctrl,GEM_IA,2018,0.0,0.0,8
0.5,new,m0-ref,GEM_IA,2019,0.17274704381123115,0.05582771379267166,9
0.5,new,m1-ref,GEM_IA,2019,0.18686174133569794,0.05680148002822793,9
0.5,new,m1-m0,GEM_IA,2019,0.01411469752446681,0.010438651240242286,9
0.5,new,m0-ctrl,GEM_IA,2019,0.1739668097211201,0.05605512729576151,9
0.5,new,m1-ctrl,GEM_IA,2019,0.18808150724558695,0.05701794983212908,9
0.5,new,ref-ctrl,GEM_IA,2019,0.0012197659098890012,0.00047713778772338395,9
0.5,new,m0-ref,MU_SOY,2020,0.18485033967596992,0.04938427447630881,10
0.5,new,m1-ref,MU_SOY,2020,0.1986820306446098,0.05220500233354368,10
0.5,new,m1-m0,MU_SOY,2020,0.013831690968639837,0.014513079711109935,10
0.5,new,m0-ctrl,MU_SOY,2020,0.18370309894133835,0.0501108175912002,10
0.5,new,m1-ctrl,MU_SOY,2020,0.19753478990997816,0.05280703235818617,10
0.5,new,ref-ctrl,MU_SOY,2020,-0.001147240734631593,0.001466602510031016,10
0.5,new,m0-ref,NUST,2005,0.03428502069722893,0.020402506586740726,9
0.5,new,m1-ref,NUST,2005,0.08154421542193563,0.058007903201044236,9
0.5,new,m1-m0,NUST,2005,0.04725919472470671,0.0427276612458067,9
0.5,new,m0-ctrl,NUST,2005,0.029044167706630368,0.02558771480528445,9
0.5,new,m1-ctrl,NUST,2005,0.07630336243133708,0.06249972303510085,9
0.5,new,ref-ctrl,NUST,2005,-0.005240852990598564,0.005914591398724993,9
0.5,new,m0-ref,NUST,2006,0.21592449545599446,0.04232569334007723,6
0.5,new,m1-ref,NUST,2006,0.353108883884002,0.09072955489598271,6
0.5,new,m1-m0,NUST,2006,0.13718438842800768,0.05472917055725474,6
0.5,new,m0-ctrl,NUST,2006,0.20631912217857104,0.03793957020164784,6
0.5,new,m1-ctrl,NUST,2006,0.34350351060657863,0.0874201941426517,6
0.5,new,ref-ctrl,NUST,2006,-0.009605373277423447,0.006162747719409902,6
0.5,new,m0-ref,NUST,2007,0.12320240297160334,0.07319797813024106,5
0.5,new,m1-ref,NUST,2007,0.1649188362135685,0.0790598278692525,5
0.5,new,m1-m0,NUST,2007,0.04171643324196518,0.028478073034331378,5
0.5,new,m0-ctrl,NUST,2007,0.12354494350658736,0.07559977889443462,5
0.5,new,m1-ctrl,NUST,2007,0.16526137674855254,0.0823665139083799,5
0.5,new,ref-ctrl,NUST,2007,0.0003425405349840288,0.003932082026595178,5
0.5,new,m0-ref,NUST,2008,0.06133635622928087,0.061272899473618574,7
0.5,new,m1-ref,NUST,2008,0.06343148925699052,0.06324462737828827,7
0.5,new,m1-m0,NUST,2008,0.002095133027709663,0.004250155299567391,7
0.5,new,m0-ctrl,NUST,2008,0.070529053206552,0.055697253389676384,7
0.5,new,m1-ctrl,NUST,2008,0.07262418623426166,0.05794222513667971,7
0.5,new,ref-ctrl,NUST,2008,0.009192696977271129,0.013325414342729632,7
0.5,new,m0-ref,NUST,2009,0.047366689154695954,0.036470809676968266,8
0.5,new,m1-ref,NUST,2009,0.13344648711508716,0.07931146321330618,8
0.5,new,m1-m0,NUST,2009,0.0860797979603912,0.05892230278483157,8
0.5,new,m0-ctrl,NUST,2009,0.053972488403120605,0.03717200190635106,8
0.5,new,m1-ctrl,NUST,2009,0.1400522863635118,0.07803028786074293,8
0.5,new,ref-ctrl,NUST,2009,0.006605799248424648,0.005341318745206692,8
0.5,new,m0-ref,NUST,2010,0.1584332833235572,0.053287862907698866,10
0.5,new,m1-ref,NUST,2010,0.16037376482079463,0.05209400552765413,10
0.5,new,m1-m0,NUST,2010,0.0019404814972374478,0.003281200444676048,10
0.5,new,m0-ctrl,NUST,2010,0.19099029571201287,0.05669002074485015,10
0.5,new,m1-ctrl,NUST,2010,0.19293077720925034,0.05548047260230799,10
0.5,new,ref-ctrl,NUST,2010,0.032557012388455694,0.007993246355617418,10
0.5,new,m0-ref,NUST,2011,0.11147468106940277,0.032850782880657306,10
0.5,new,m1-ref,NUST,2011,0.21208705074963205,0.07378191266286933,10
0.5,new,m1-m0,NUST,2011,0.10061236968022932,0.06654480505369464,10
0.5,new,m0-ctrl,NUST,2011,0.13318516312673384,0.035093004837182536,10
0.5,new,m1-ctrl,NUST,2011,0.2337975328069632,0.07106390788656256,10
0.5,new,ref-ctrl,NUST,2011,0.021710482057331098,0.01606670283437719,10
0.5,new,m0-ref,NUST,2012,0.11902351585598596,0.03104789843287476,14
0.5,new,m1-ref,NUST,2012,0.1781136344661731,0.03978894825477464,14
0.5,new,m1-m0,NUST,2012,0.05909011861018713,0.05373988072735765,14
0.5,new,m0-ctrl,NUST,2012,0.15191865236149185,0.03189410913280464,14
0.5,new,m1-ctrl,NUST,2012,0.211008770971679,0.04740475912506132,14
0.5,new,ref-ctrl,NUST,2012,0.032895136505505886,0.018077858672022638,14
0.5,new,m0-ref,NUST,2013,0.12753542780115618,0.03425969766085438,18
0.5,new,m1-ref,NUST,2013,0.1759212466621335,0.040372526087186736,18
0.5,new,m1-m0,NUST,2013,0.048385818860977335,0.0171035443624721,18
0.5,new,m0-ctrl,NUST,2013,0.12880535028314768,0.035337878425060636,18
0.5,new,m1-ctrl,NUST,2013,0.17719116914412503,0.04038814984457216,18
0.5,new,ref-ctrl,NUST,2013,0.0012699224819915104,0.007057499320621044,18
0.5,new,m0-ref,NUST,2014,0.05559218730551178,0.0364589956166164,21
0.5,new,m1-ref,NUST,2014,0.1812059200728529,0.038708207061469935,21
0.5,new,m1-m0,NUST,2014,0.12561373276734114,0.029117360352385588,21
0.5,new,m0-ctrl,NUST,2014,0.06465585492146349,0.04132707080611074,21
0.5,new,m1-ctrl,NUST,2014,0.19026958768880461,0.03595754770432439,21
0.5,new,ref-ctrl,NUST,2014,0.009063667615951714,0.01670542562490751,21
0.5,new,m0-ref,NUST,2015,0.12094635731570753,0.025661317813781493,29
0.5,new,m1-ref,NUST,2015,0.1644513241605953,0.029345376275529342,29
0.5,new,m1-m0,NUST,2015,0.04350496684488774,0.026738656900246748,29
0.5,new,m0-ctrl,NUST,2015,0.12928917695015418,0.027371766530037145,29
0.5,new,m1-ctrl,NUST,2015,0.1727941437950419,0.029491928405589223,29
0.5,new,ref-ctrl,NUST,2015,0.008342819634446656,0.0076142085382610875,29
0.5,new,m0-ref,NUST,2016,0.0961066744252747,0.021372644722714863,24
0.5,new,m1-ref,NUST,2016,0.17225476151558353,0.02782840744861846,24
0.5,new,m1-m0,NUST,2016,0.07614808709030886,0.014664386548528231,24
0.5,new,m0-ctrl,NUST,2016,0.1279140455818841,0.025259160017177,24
0.5,new,m1-ctrl,NUST,2016,0.20406213267219295,0.032179381805976244,24
0.5,new,ref-ctrl,NUST,2016,0.0318073711566094,0.00914855761264293,24
0.5,new,m0-ref,NUST,2017,0.015421446474780295,0.018645352827501627,20
0.5,new,m1-ref,NUST,2017,0.1617508624698673,0.02722419778664079,20
0.5,new,m1-m0,NUST,2017,0.14632941599508703,0.029068137164712893,20
0.5,new,m0-ctrl,NUST,2017,0.0374407453470393,0.01637689045111188,20
0.5,new,m1-ctrl,NUST,2017,0.1837701613421263,0.027383301838700747,20
0.5,new,ref-ctrl,NUST,2017,0.022019298872259008,0.009876321272914722,20
0.5,new,m0-ref,NUST,2019,0.11583798499986148,0.03415034770490867,19
0.5,new,m1-ref,NUST,2019,0.19108767615602723,0.03717666270594724,19
0.5,new,m1-m0,NUST,2019,0.07524969115616577,0.014500651966557719,19
0.5,new,m0-ctrl,NUST,2019,0.14238543915789714,0.03270202789982826,19
0.5,new,m1-ctrl,NUST,2019,0.21763513031406292,0.03536338765854423,19
0.5,new,ref-ctrl,NUST,2019,0.026547454158035687,0.010481399860383742,19
0.5,new,m0-ref,NUST,2020,0.023742073072915384,0.026930597885842778,16
0.5,new,m1-ref,NUST,2020,0.08764939216542697,0.030309518372143424,16
0.5,new,m1-m0,NUST,2020,0.06390731909251157,0.02240045952291162,16
0.5,new,m0-ctrl,NUST,2020,0.048488674732401,0.026901511883385326,16
0.5,new,m1-ctrl,NUST,2020,0.1123959938249126,0.030377346346899634,16
0.5,new,ref-ctrl,NUST,2020,0.024746601659485622,0.007547464608167495,16
0.5,new,m0-ref,URSN,2015,0.16572837088820758,0.07233848779873277,4
0.5,new,m1-ref,URSN,2015,0.16572837088820758,0.07233848779873277,4
0.5,new,m1-m0,URSN,2015,0.0,0.0,4
0.5,new,m0-ctrl,URSN,2015,0.16572837088820758,0.07233848779873277,4
0.5,new,m1-ctrl,URSN,2015,0.16572837088820758,0.07233848779873277,4
0.5,new,ref-ctrl,URSN,2015,0.0,0.0,4
0.5,old,m0-ref,ESWYT,2006,-0.16969696969696968,0.0,1
0.5,old,m1-ref,ESWYT,2006,-0.16969696969696968,0.0,1
0.5,old,m1-m0,ESWYT,2006,0.0,0.0,1
0.5,old,m0-ctrl,ESWYT,2006,-0.16969696969696968,0.0,1
0.5,old,m1-ctrl,ESWYT,2006,-0.16969696969696968,0.0,1
0.5,old,ref-ctrl,ESWYT,2006,0.0,0.0,1
0.5,old,m0-ref,G2F,2016,0.07773524461920028,0.01225600446161506,27
0.5,old,m1-ref,G2F,2016,0.12729705350074302,0.021244840252303228,27
0.5,old,m1-m0,G2F,2016,0.049561808881542706,0.02087212212977904,27
0.5,old,m0-ctrl,G2F,2016,0.07580923232649309,0.012078374248903996,27
0.5,old,m1-ctrl,G2F,2016,0.1253710412080358,0.023043423571903067,27
0.5,old,ref-ctrl,G2F,2016,-0.0019260122927072059,0.011499663852008424,27
0.5,old,m0-ref,G2F,2018,0.06917401842758186,0.010380289808828614,29
0.5,old,m1-ref,G2F,2018,0.095727629703712,0.024225810745022548,29
0.5,old,m1-m0,G2F,2018,0.02655361127613016,0.02624001484220477,29
0.5,old,m0-ctrl,G2F,2018,0.08560218257949738,0.020952419257772633,29
0.5,old,m1-ctrl,G2F,2018,0.11215579385562754,0.02625019641667147,29
0.5,old,ref-ctrl,G2F,2018,0.016428164151915527,0.016387007482236385,29
0.5,old,m0-ref,G2F,2020,-0.007439824215172521,0.013923079004554447,24
0.5,old,m1-ref,G2F,2020,0.09768105539970866,0.03550121345769207,24
0.5,old,m1-m0,G2F,2020,0.10512087961488119,0.034017332921442066,24
0.5,old,m0-ctrl,G2F,2020,0.005631386694660671,0.015477238881766879,24
0.5,old,m1-ctrl,G2F,2020,0.11075226630954184,0.03337392323677043,24
0.5,old,ref-ctrl,G2F,2020,0.013071210909833195,0.011697046941142306,24
0.5,old,m0-ref,G2F,2022,0.015080126317033062,0.012809038878728458,25
0.5,old,m1-ref,G2F,2022,0.04966752748032503,0.03370560499347852,25
0.5,old,m1-m0,G2F,2022,0.034587401163291974,0.027009311287688124,25
0.5,old,m0-ctrl,G2F,2022,0.06279461722797251,0.020740796498960535,25
0.5,old,m1-ctrl,G2F,2022,0.09738201839126448,0.030763947986210172,25
0.5,old,ref-ctrl,G2F,2022,0.04771449091093945,0.02016334103333828,25
0.5,old,m0-ref,G2F,2024,0.0267606947886219,0.01044999620452169,22
0.5,old,m1-ref,G2F,2024,0.03985576138521239,0.016460812204395426,22
0.5,old,m1-m0,G2F,2024,0.01309506659659049,0.011000477551819635,22
0.5,old,m0-ctrl,G2F,2024,0.028895926982319464,0.015597723887983196,22
0.5,old,m1-ctrl,G2F,2024,0.04199099357890995,0.020026021654214268,22
0.5,old,ref-ctrl,G2F,2024,0.0021352321936975575,0.012736759310745497,22
0.5,old,m0-ref,MU_SOY,2020,0.08750237206986436,0.03173905147055778,5
0.5,old,m1-ref,MU_SOY,2020,0.11841650623367121,0.03821633171569848,5
0.5,old,m1-m0,MU_SOY,2020,0.03091413416380686,0.010830663220546299,5
0.5,old,m0-ctrl,MU_SOY,2020,0.09091363988411554,0.03136576297158007,5
0.5,old,m1-ctrl,MU_SOY,2020,0.1218277740479224,0.03792107396359288,5
0.5,old,ref-ctrl,MU_SOY,2020,0.0034112678142511842,0.0015255529929185908,5
0.5,old,m0-ref,NUST,2005,0.038677959145835654,0.02722867173966688,9
0.5,old,m1-ref,NUST,2005,0.033498968217991386,0.023526329255783598,9
0.5,old,m1-m0,NUST,2005,-0.005178990927844274,0.014605718960113256,9
0.5,old,m0-ctrl,NUST,2005,0.03806448432007687,0.02688434332343444,9
0.5,old,m1-ctrl,NUST,2005,0.032885493392232595,0.023154610337956513,9
0.5,old,ref-ctrl,NUST,2005,-0.0006134748257587866,0.0005681518340804938,9
0.5,old,m0-ref,NUST,2006,0.0015714703703976947,0.004874472148993788,6
0.5,old,m1-ref,NUST,2006,0.003948284853443664,0.011769733858688446,6
0.5,old,m1-m0,NUST,2006,0.002376814483045969,0.011634152661694666,6
0.5,old,m0-ctrl,NUST,2006,0.013470191466576834,0.009899620562452523,6
0.5,old,m1-ctrl,NUST,2006,0.015847005949622805,0.012586061034067154,6
0.5,old,ref-ctrl,NUST,2006,0.01189872109617914,0.0056368851191881284,6
0.5,old,m0-ref,NUST,2007,-0.020676380719222592,0.021402227028331885,5
0.5,old,m1-ref,NUST,2007,0.0730926973433939,0.06603932117762537,5
0.5,old,m1-m0,NUST,2007,0.09376907806261649,0.06089846013739088,5
0.5,old,m0-ctrl,NUST,2007,-0.020676380719222592,0.021402227028331885,5
0.5,old,m1-ctrl,NUST,2007,0.0730926973433939,0.06603932117762537,5
0.5,old,ref-ctrl,NUST,2007,0.0,0.0,5
0.5,old,m0-ref,NUST,2008,-0.007450719702778196,0.017659211857917308,7
0.5,old,m1-ref,NUST,2008,-0.004162026585975571,0.018281000996615254,7
0.5,old,m1-m0,NUST,2008,0.0032886931168026245,0.0033962527432068535,7
0.5,old,m0-ctrl,NUST,2008,-0.008177725577394823,0.01994610715766183,7
0.5,old,m1-ctrl,NUST,2008,-0.004889032460592199,0.02085750188737274,7
0.5,old,ref-ctrl,NUST,2008,-0.0007270058746166279,0.005609586842042771,7
0.5,old,m0-ref,NUST,2009,-0.01403161196996174,0.025142723476781342,3
0.5,old,m1-ref,NUST,2009,0.016667857392078822,0.09055561611300647,3
0.5,old,m1-m0,NUST,2009,0.03069946936204056,0.0663974596456162,3
0.5,old,m0-ctrl,NUST,2009,-0.024036561324699012,0.014660805506240538,3
0.5,old,m1-ctrl,NUST,2009,0.006662908037341551,0.07859366509364196,3
0.5,old,ref-ctrl,NUST,2009,-0.01000494935473727,0.012115658982773832,3
0.5,old,m0-ref,NUST,2010,0.01733182931861666,0.021034132393052424,9
0.5,old,m1-ref,NUST,2010,0.0308039426480067,0.019569572469043384,9
0.5,old,m1-m0,NUST,2010,0.01347211332939004,0.011270078104196352,9
0.5,old,m0-ctrl,NUST,2010,0.02666854408293392,0.023121840823890023,9
0.5,old,m1-ctrl,NUST,2010,0.04014065741232396,0.023960928701947583,9
0.5,old,ref-ctrl,NUST,2010,0.00933671476431726,0.010481493580837272,9
0.5,old,m0-ref,NUST,2011,0.00651567589713526,0.04146539986958231,9
0.5,old,m1-ref,NUST,2011,0.06709445771885515,0.056369982124606574,9
0.5,old,m1-m0,NUST,2011,0.06057878182171989,0.05461400926104967,9
0.5,old,m0-ctrl,NUST,2011,-0.026318447914976468,0.04266915851169037,9
0.5,old,m1-ctrl,NUST,2011,0.03426033390674342,0.061599673327474035,9
0.5,old,ref-ctrl,NUST,2011,-0.03283412381211173,0.013311867714326213,9
0.5,old,m0-ref,NUST,2012,0.017572637240041114,0.02773946957561478,10
0.5,old,m1-ref,NUST,2012,0.1463364042755093,0.059125297942734176,10
0.5,old,m1-m0,NUST,2012,0.12876376703546819,0.06712043233613046,10
0.5,old,m0-ctrl,NUST,2012,0.018405515013062687,0.023967586981218703,10
0.5,old,m1-ctrl,NUST,2012,0.14716928204853091,0.056855099373549836,10
0.5,old,ref-ctrl,NUST,2012,0.0008328777730215731,0.005197632548081512,10
0.5,old,m0-ref,NUST,2013,0.059613402049863116,0.014820919075135513,12
0.5,old,m1-ref,NUST,2013,0.1289303935573671,0.031430740602205805,12
0.5,old,m1-m0,NUST,2013,0.06931699150750396,0.02163256474330609,12
0.5,old,m0-ctrl,NUST,2013,0.035559403434868984,0.01311380298196386,12
0.5,old,m1-ctrl,NUST,2013,0.10487639494237294,0.03039081329635029,12
0.5,old,ref-ctrl,NUST,2013,-0.02405399861499412,0.007465548039267751,12
0.5,old,m0-ref,NUST,2014,0.01476486667287693,0.017518480822996754,18
0.5,old,m1-ref,NUST,2014,0.1442144374370431,0.04360754184813337,18
0.5,old,m1-m0,NUST,2014,0.1294495707641662,0.047275177855814164,18
0.5,old,m0-ctrl,NUST,2014,-0.0029775546413066244,0.02510448384992542,18
0.5,old,m1-ctrl,NUST,2014,0.12647201612285958,0.041956082849848336,18
0.5,old,ref-ctrl,NUST,2014,-0.017742421314183552,0.018204498363672588,18
0.5,old,m0-ref,NUST,2015,0.04938720747455911,0.02476884442030592,26
0.5,old,m1-ref,NUST,2015,0.14463060556570764,0.032843762124805734,26
0.5,old,m1-m0,NUST,2015,0.09524339809114854,0.02735524242212281,26
0.5,old,m0-ctrl,NUST,2015,0.03335665412383549,0.022356902287762888,26
0.5,old,m1-ctrl,NUST,2015,0.12860005221498405,0.03195119796233044,26
0.5,old,ref-ctrl,NUST,2015,-0.016030553350723616,0.013397273238280756,26
0.5,old,m0-ref,NUST,2016,-0.004811287902939492,0.02221645281745222,27
0.5,old,m1-ref,NUST,2016,0.055913887513763416,0.0330903536344695,27
0.5,old,m1-m0,NUST,2016,0.060725175416702894,0.028117100603435242,27
0.5,old,m0-ctrl,NUST,2016,0.01457395918162186,0.027156580637881858,27
0.5,old,m1-ctrl,NUST,2016,0.07529913459832478,0.034188836137334165,27
0.5,old,ref-ctrl,NUST,2016,0.01938524708456135,0.011105004954164041,27
0.5,old,m0-ref,NUST,2017,0.03411334552108223,0.02273387939070047,20
0.5,old,m1-ref,NUST,2017,0.01524350751933154,0.029479525059394805,20
0.5,old,m1-m0,NUST,2017,-0.018869838001750686,0.024559491008883796,20
0.5,old,m0-ctrl,NUST,2017,0.05314057752258229,0.028077368291901217,20
0.5,old,m1-ctrl,NUST,2017,0.034270739520831615,0.034155586048325914,20
0.5,old,ref-ctrl,NUST,2017,0.019027232001500066,0.009364819349565871,20
0.5,old,m0-ref,NUST,2019,0.01655929689435122,0.005858112062064561,18
0.5,old,m1-ref,NUST,2019,0.1076738418462818,0.016837830937015963,18
0.5,old,m1-m0,NUST,2019,0.09111454495193058,0.016393209894718794,18
0.5,old,m0-ctrl,NUST,2019,0.042017545312548234,0.011339876249309004,18
0.5,old,m1-ctrl,NUST,2019,0.1331320902644788,0.020651176175224065,18
0.5,old,ref-ctrl,NUST,2019,0.025458248418197018,0.009112237274429641,18
0.5,old,m0-ref,NUST,2020,-0.009736433877692656,0.016851721643838722,16
0.5,old,m1-ref,NUST,2020,0.06696352021300499,0.042780742085137186,16
0.5,old,m1-m0,NUST,2020,0.07669995409069764,0.044721306150967914,16
0.5,old,m0-ctrl,NUST,2020,-0.015276531789609986,0.021826690091989145,16
0.5,old,m1-ctrl,NUST,2020,0.06142342230108766,0.04182613220265592,16
0.5,old,ref-ctrl,NUST,2020,-0.005540097911917329,0.012657495446251965,16
