contrast,target_years,level,resolution,se_implied,sd_scale,se_over_scale
Benchmark: Two-stage GBLUP − cell-level GBLUP,48,0.95,0.0087,0.0035449998399411445,0.0029,1.2224137379107396
Benchmark: Random forest − cell-level GBLUP,48,0.95,0.0087,0.007382871251662475,0.0029,2.5458176729870603
Benchmark: Gradient boosting − cell-level GBLUP,46,0.95,0.0087,0.008581045506861425,0.0029,2.9589812092625607
Benchmark: Multilayer perceptron − cell-level GBLUP,48,0.95,0.0087,0.010938047566476438,0.0029,3.771740540164289
Benchmark: Covariate LightGBM − cell-level GBLUP,16,0.95,0.0087,0.01818962898291817,0.0042814088289980096,4.248514848598362
Benchmark: Covariate reaction-norm ridge − cell-level GBLUP,16,0.95,0.0087,0.012606599786889557,0.0042814088289980096,2.9444980123143054
Benchmark: Within-environment-loss network − cell-level GBLUP,31,0.95,0.0087,0.004835625987271815,0.003384603528510181,1.428712682752635
Benchmark: Stacking on the forward history − cell-level GBLUP,48,0.95,0.0087,0.004643667519754265,0.0029,1.6012646619842297
Benchmark: Best method in hindsight − cell-level GBLUP,48,0.95,0.0087,0.0043808913654455614,0.0029,1.5106521949812282
Sparse 25 %: M×E − main-effect GBLUP,46,0.95,0.0103198252414311,0.0026213451947060527,0.0034399417471437,0.7620318561739147
Sparse 50 %: M×E − main-effect GBLUP,36,0.95,0.0140423218033941,0.0048985525207979365,0.0046807739344647,1.0465261919038058
Sparse 25 %: learned environment correlation − M×E,46,0.95,0.0103198252414311,0.0015195116983653112,0.0034399417471437,0.44172599714137983
Sparse 25 %: stacking with LightGBM − M×E,46,0.9833333333333332,0.0103198252414311,0.0014051753939943565,0.0034399417471437,0.4084881365101956
Sparse 25 %: residual network − M×E,46,0.975,0.0103198252414311,0.0014408509815090056,0.0034399417471437,0.4188591224561849
Sparse 25 %: covariate environment correlation − M×E,14,0.95,0.0150287700604691,0.0014541353057333979,0.0050095900201563666,0.2902703214998838
Old lines: own-history residual,19,0.95,0.0256936342343242,0.002107957220046952,0.008564544744774734,0.24612600936354803
Old lines: line × location history,18,0.975,0.0265788716976875,0.0035575472051515324,0.008859623899229166,0.40154607527539155
Same-season silking dates,4,0.95,0.0142772993102128,0.002034299567033609,0.004759099770070933,0.42745470053536794
CLAC − cell-level GBLUP,5,0.975,0.0131983255026835,0.009879841992253306,0.004399441834227833,2.2457035152477163
"CLAC ablation, loss: linear kernel",5,0.99,0.0129534354943795,0.00792828408115012,0.004317811831459834,1.8361810080245209
"CLAC ablation, loss: single main effect",5,0.9875,0.0129534354943795,0.021082294568924687,0.004317811831459834,4.882633934002829
"CLAC ablation, loss: equal weights",5,0.95,0.0129534354943795,0.00819139876251795,0.004317811831459834,1.897118050127829
"CLAC ablation, loss: no phenotype cleaning",5,0.975,0.0129534354943795,0.0018876018069835698,0.004317811831459834,0.4371662964167153
"CLAC ablation, loss: no spatial adjustment",5,0.9833333333333332,0.0129534354943795,7.967939835802346e-05,0.004317811831459834,0.01845365232858797
Kernel transfer: all six datasets,48,0.95,0.0087171741471576,0.0019611445007375076,0.0029057247157191998,0.6749243967015307
Kernel transfer: G2F,5,0.95,0.0129534354943795,0.006520322373901526,0.004317811831459834,1.5100987788291445
Kernel transfer: NUST,15,0.95,0.0165799003956264,0.0024836804252309557,0.005526633465208801,0.44940205296157093
Kernel transfer: URSN,11,0.95,0.0991227900682634,0.005626865905959443,0.03304093002275447,0.17029986450394585
Kernel transfer: ESWYT,12,0.95,0.0200791338637447,0.002763834929123106,0.006693044621248233,0.41294135711404517
Kernel transfer: GEM_IA,4,0.95,0.0360063376731948,0.013657875651503023,0.0120021125577316,1.1379559711514957
Kernel transfer: MU_SOY,1,0.95,0.0692082494998187,0.007844233962148863,0.023069416499939568,0.34002741084367744
