contrast,dataset,target,d,se,n_env
loss_D1_equal_weights,G2F,2016,0.010183884111147245,0.018608477630574674,27
loss_D1_equal_weights,G2F,2018,0.024266824604032445,0.020293806706111986,29
loss_D1_equal_weights,G2F,2020,-0.001098364639117046,0.01768933864788492,24
loss_D1_equal_weights,G2F,2022,-0.01685102727438919,0.007064749212515749,27
loss_D1_equal_weights,G2F,2024,-0.01354600650814602,0.008542915035189492,22
loss_D2_no_spatial,G2F,2016,9.103031710326525e-05,0.0001695556648795753,27
loss_D2_no_spatial,G2F,2018,-0.00044482892777909235,0.00021734731475616775,29
loss_D2_no_spatial,G2F,2020,3.6832725822825408e-06,0.0001315699233819995,24
loss_D2_no_spatial,G2F,2022,0.000120366777652152,0.00010036832852961502,27
loss_D2_no_spatial,G2F,2024,-8.09409651391296e-05,0.0001242903897820045,22
loss_D3_no_cleaning,G2F,2016,0.00043639662493701487,0.001986109546129799,27
loss_D3_no_cleaning,G2F,2018,0.00019712040993548723,0.0017062878337714524,29
loss_D3_no_cleaning,G2F,2020,0.0017377105590221202,0.0028662952241392406,24
loss_D3_no_cleaning,G2F,2022,0.0057223386796324445,0.0024775705113251343,27
loss_D3_no_cleaning,G2F,2024,-0.006375072771783546,0.0028762080219063534,22
loss_D4_linear_kernel,G2F,2016,0.009494982328211918,0.00857985389509618,27
loss_D4_linear_kernel,G2F,2018,0.012842365939638608,0.003876653366582091,29
loss_D4_linear_kernel,G2F,2020,0.011838727492826107,0.00459894435661957,24
loss_D4_linear_kernel,G2F,2022,0.021614496168780258,0.003482077359557283,27
loss_D4_linear_kernel,G2F,2024,0.0574712838213762,0.006241154379953366,22
loss_D5_single_main_effect,G2F,2016,0.02564967861991052,0.02092206464470707,27
loss_D5_single_main_effect,G2F,2018,0.0472289263159518,0.02281401848661539,29
loss_D5_single_main_effect,G2F,2020,0.003429279365951878,0.021233229918121353,24
loss_D5_single_main_effect,G2F,2022,-0.017280067337367897,0.010066906392430453,27
loss_D5_single_main_effect,G2F,2024,0.10331195442239975,0.019154208373236177,22
A_full_vs_cell_reml,G2F,2016,0.05528926334961079,0.026041177215693396,27
A_full_vs_cell_reml,G2F,2018,0.022211155657061766,0.029216452491578605,29
A_full_vs_cell_reml,G2F,2020,0.03564847283383096,0.017784124673600337,24
A_full_vs_cell_reml,G2F,2022,0.03855922668083407,0.013570789480284305,27
A_full_vs_cell_reml,G2F,2024,0.10602796860077461,0.024521567442705287,22
D1_equal_weights_vs_cell_reml,G2F,2016,0.045105379238463535,0.018092037447348316,27
D1_equal_weights_vs_cell_reml,G2F,2018,-0.0020556689469706855,0.017720118626467846,29
D1_equal_weights_vs_cell_reml,G2F,2020,0.03674683747294801,0.012192615721254211,24
D1_equal_weights_vs_cell_reml,G2F,2022,0.05541025395522327,0.011781337602725006,27
D1_equal_weights_vs_cell_reml,G2F,2024,0.11957397510892065,0.020454721836736706,22
D2_no_spatial_vs_cell_reml,G2F,2016,0.05519823303250752,0.025548864284387192,27
D2_no_spatial_vs_cell_reml,G2F,2018,0.022655984584840853,0.029430734869042536,29
D2_no_spatial_vs_cell_reml,G2F,2020,0.035644789561248676,0.01842059025429736,24
D2_no_spatial_vs_cell_reml,G2F,2022,0.038438859903181924,0.013800889268611232,27
D2_no_spatial_vs_cell_reml,G2F,2024,0.10610890956591375,0.024116510741679434,22
D3_no_cleaning_vs_cell_reml,G2F,2016,0.05485286672467377,0.025467911243482955,27
D3_no_cleaning_vs_cell_reml,G2F,2018,0.022014035247126276,0.030330814990090355,29
D3_no_cleaning_vs_cell_reml,G2F,2020,0.033910762274808846,0.018069102518519634,24
D3_no_cleaning_vs_cell_reml,G2F,2022,0.03283688800120163,0.013907464421876401,27
D3_no_cleaning_vs_cell_reml,G2F,2024,0.11240304137255816,0.02429841117550974,22
D4_linear_kernel_vs_cell_reml,G2F,2016,0.04579428102139887,0.02573333867197055,27
D4_linear_kernel_vs_cell_reml,G2F,2018,0.009368789717423158,0.02823909402489763,29
D4_linear_kernel_vs_cell_reml,G2F,2020,0.023809745341004853,0.018311158136515536,24
D4_linear_kernel_vs_cell_reml,G2F,2022,0.016944730512053818,0.014582760275538885,27
D4_linear_kernel_vs_cell_reml,G2F,2024,0.048556684779398424,0.02693914338451793,22
D5_single_main_effect_vs_cell_reml,G2F,2016,0.029639584729700272,0.02373824067115494,27
D5_single_main_effect_vs_cell_reml,G2F,2018,-0.025017770658890028,0.019189777842403073,29
D5_single_main_effect_vs_cell_reml,G2F,2020,0.03221919346787908,0.009527390777085996,24
D5_single_main_effect_vs_cell_reml,G2F,2022,0.05583929401820198,0.008871354469008424,27
D5_single_main_effect_vs_cell_reml,G2F,2024,0.0027160141783748493,0.015948706203022467,22
