dataset,item,target,lines,sp_method,sp_ctrl,d,se,boot_finite
G2F,dl_g,2016,550,0.29139994752800086,0.18436442614836593,0.10703552137963493,0.026990205697075977,2000
G2F,dl_g,2018,939,0.06600591437676491,0.13113765876425965,-0.06513174438749474,0.030315166769031055,2000
G2F,dl_g,2020,1173,0.010564721900558616,-0.025039264455653652,0.03560398635621227,0.03886973742419156,2000
G2F,dl_g,2022,546,0.4109201185765867,0.42694414407310655,-0.016024025496519823,0.039868123966134525,2000
G2F,dl_g,2024,1046,0.28834177403692174,0.24917159466758734,0.039170179369334396,0.03808176705069598,2000
G2F,gbm,2016,550,0.23528476878511093,0.18436442614836593,0.050920342636745,0.032617443196797546,2000
G2F,gbm,2018,939,0.05042127216061433,0.13113765876425965,-0.08071638660364532,0.034395684014562014,2000
G2F,gbm,2020,1173,-0.07054048551669145,-0.025039264455653652,-0.0455012210610378,0.03545931841055468,2000
G2F,gbm,2022,546,0.3875416075958672,0.42694414407310655,-0.03940253647723935,0.04717233380676879,2000
G2F,gbm,2024,1046,0.2035004540155479,0.24917159466758734,-0.04567114065203945,0.0325818264259039,2000
G2F,gxe_gbm,2016,550,0.24857781949091343,0.18436442614836593,0.0642133933425475,0.03760472494211648,2000
G2F,gxe_gbm,2018,939,0.09633281392062769,0.13113765876425965,-0.03480484484363196,0.03626795244729065,2000
G2F,gxe_gbm,2020,1173,0.20522627120752363,-0.025039264455653652,0.23026553566317728,0.03553645498756795,2000
G2F,gxe_gbm,2022,546,0.37136715991855784,0.42694414407310655,-0.0555769841545487,0.04617241424090543,2000
G2F,gxe_gbm,2024,1046,0.28268358436215363,0.24917159466758734,0.033511989694566285,0.034324183213002964,2000
G2F,knn10,2016,550,0.21015899489275056,0.18436442614836593,0.025794568744384627,0.040151449011407644,2000
G2F,knn10,2018,939,0.05088919647052814,0.13113765876425965,-0.0802484622937315,0.03889718216869122,2000
G2F,knn10,2020,1173,0.4767856356798224,-0.025039264455653652,0.5018249001354761,0.03408707047625317,2000
G2F,knn10,2022,546,0.325695540205865,0.42694414407310655,-0.10124860386724155,0.04765870262367681,2000
G2F,knn10,2024,1046,-0.0017906582698484583,0.24917159466758734,-0.2509622529374358,0.037740731183715445,2000
G2F,knn30,2016,550,0.14783038130824527,0.18436442614836593,-0.036534044840120655,0.04111186573138042,2000
G2F,knn30,2018,939,0.014404890076840005,0.13113765876425965,-0.11673276868741964,0.036931796557016075,2000
G2F,knn30,2020,1173,0.6012280329561797,-0.025039264455653652,0.6262672974118333,0.03263525797450116,2000
G2F,knn30,2022,546,0.3119473302345466,0.42694414407310655,-0.11499681383855992,0.05005487770444494,2000
G2F,knn30,2024,1046,0.09610510418981766,0.24917159466758734,-0.15306649047776968,0.0368005716005168,2000
G2F,mlp,2016,550,0.13485256900924392,0.18436442614836593,-0.04951185713912201,0.041229401455323694,2000
G2F,mlp,2018,939,0.031086379381339898,0.13113765876425965,-0.10005127938291974,0.043541076129937135,2000
G2F,mlp,2020,1173,-0.02002605084864296,-0.025039264455653652,0.005013213607010691,0.04214490335750124,2000
G2F,mlp,2022,546,0.23224587757654166,0.42694414407310655,-0.19469826649656488,0.049351221162436336,2000
G2F,mlp,2024,1046,0.10270647277039534,0.24917159466758734,-0.14646512189719202,0.038489795647135165,2000
G2F,reml,2016,550,0.2023272323364555,0.18436442614836593,0.01796280618808957,0.016772531430211467,2000
G2F,reml,2018,939,0.0960680685253728,0.13113765876425965,-0.03506959023888685,0.01883255064089732,2000
G2F,reml,2020,1173,0.10112122086445342,-0.025039264455653652,0.12616048532010707,0.018350843287750034,2000
G2F,reml,2022,546,0.4389831195725892,0.42694414407310655,0.01203897549948263,0.021584556595690967,2000
G2F,reml,2024,1046,0.21539463196254305,0.24917159466758734,-0.033776962705044294,0.01819962996458707,2000
G2F,reml_x0.1,2016,550,0.15629908318254396,0.18436442614836593,-0.02806534296582197,0.015601466672421333,2000
G2F,reml_x0.1,2018,939,0.12689199254608224,0.13113765876425965,-0.004245666218177402,0.015523799187080347,2000
G2F,reml_x0.1,2020,1173,0.06438428698486141,-0.025039264455653652,0.08942355144051506,0.013088858667061136,2000
G2F,reml_x0.1,2022,546,0.4091467427835737,0.42694414407310655,-0.017797401289532833,0.016816205666938363,2000
G2F,reml_x0.1,2024,1046,0.21698216926832367,0.24917159466758734,-0.03218942539926367,0.014467623188730355,2000
G2F,reml_x10,2016,550,0.2351368374170433,0.18436442614836593,0.050772411268677375,0.02970390703135434,2000
G2F,reml_x10,2018,939,0.015952729047306463,0.13113765876425965,-0.11518492971695318,0.030792241360256625,2000
G2F,reml_x10,2020,1173,0.11639902319875448,-0.025039264455653652,0.14143828765440813,0.027299544354750054,2000
G2F,reml_x10,2022,546,0.40380851028931597,0.42694414407310655,-0.023135633783790577,0.030900105733605264,2000
G2F,reml_x10,2024,1046,0.115804704086919,0.24917159466758734,-0.13336689058066836,0.026618439772502115,2000
G2F,reml_x100,2016,550,0.16370495589917802,0.18436442614836593,-0.020659470249187906,0.04727350373783458,2000
G2F,reml_x100,2018,939,0.0106906787909023,0.13113765876425965,-0.12044697997335735,0.03476624130880325,2000
G2F,reml_x100,2020,1173,0.1870916757212702,-0.025039264455653652,0.21213094017692385,0.03183172892507899,2000
G2F,reml_x100,2022,546,0.3045216440113418,0.42694414407310655,-0.12242250006176475,0.039952784900078496,2000
G2F,reml_x100,2024,1046,-0.08154039917890735,0.24917159466758734,-0.3307119938464947,0.033447333113824654,2000
G2F,rf,2016,550,0.21333214324675454,0.18436442614836593,0.028967717098388607,0.032717819099229446,2000
G2F,rf,2018,939,0.06715612050162194,0.13113765876425965,-0.06398153826263771,0.035142352862733484,2000
G2F,rf,2020,1173,0.07721380353557726,-0.025039264455653652,0.1022530679912309,0.035320924429397715,2000
G2F,rf,2022,546,0.34876940098507797,0.42694414407310655,-0.07817474308802858,0.04091096399679222,2000
G2F,rf,2024,1046,0.21660072999254704,0.24917159466758734,-0.032570864675040306,0.0327430663775799,2000
G2F,ridge_pc20,2016,550,0.18305143608288413,0.18436442614836593,-0.0013129900654818005,0.039835025839943604,2000
G2F,ridge_pc20,2018,939,0.06873533127742334,0.13113765876425965,-0.0624023274868363,0.0372581109218695,2000
G2F,ridge_pc20,2020,1173,-0.07912516269326589,-0.025039264455653652,-0.054085898237612236,0.03588222682275672,2000
G2F,ridge_pc20,2022,546,0.20102475426633662,0.42694414407310655,-0.22591938980676993,0.045044899139464696,2000
G2F,ridge_pc20,2024,1046,0.02964737767090623,0.24917159466758734,-0.21952421699668112,0.03779268850293451,2000
G2F,rn_ridge,2016,550,0.274697551216548,0.18436442614836593,0.09033312506818206,0.03282588415159587,2000
G2F,rn_ridge,2018,939,0.03173282137048716,0.13113765876425965,-0.09940483739377248,0.03497048930310559,2000
G2F,rn_ridge,2020,1173,-0.2709533394516376,-0.025039264455653652,-0.24591407499598392,0.03377406189631346,2000
G2F,rn_ridge,2022,546,0.26782374159393096,0.42694414407310655,-0.15912040247917558,0.043338608847988645,2000
G2F,rn_ridge,2024,1046,0.22426737259530563,0.24917159466758734,-0.024904222072281712,0.030516165738095437,2000
NUST,dl_g,2005,127,0.6607923837422189,0.6762211644086416,-0.015428780666422615,0.017537375363983445,2000
NUST,dl_g,2006,127,0.5755421815572903,0.5593430108493574,0.016199170707932864,0.01875622840253152,2000
NUST,dl_g,2007,148,0.7434759834392762,0.7438461666614626,-0.0003701832221864043,0.01902618547054619,2000
NUST,dl_g,2008,128,0.506070772030612,0.4906202387724816,0.015450533258130394,0.019241642052326167,2000
NUST,dl_g,2009,135,0.8489304079247457,0.8454478166134183,0.003482591311327443,0.012841898848162345,2000
NUST,dl_g,2010,166,0.4247439016152869,0.4485176496206465,-0.023773748005359585,0.02327977901801547,2000
NUST,dl_g,2011,159,0.3562826766007187,0.3277388633697863,0.028543813230932413,0.025769053920438535,2000
NUST,dl_g,2012,195,0.6458147637303837,0.6222077823821716,0.023606981348212153,0.01716426119300897,2000
NUST,dl_g,2013,270,0.4062774257092687,0.3658260002506431,0.04045142545862562,0.02344422659299536,2000
NUST,dl_g,2014,287,0.3213840230085276,0.27097937795668364,0.050404645051843944,0.024716868059858753,2000
NUST,dl_g,2015,312,0.39207970318270663,0.3924574321485424,-0.0003777289658357663,0.017134742332075518,2000
NUST,dl_g,2016,304,0.6631086303098318,0.6275344602015199,0.035574170108311876,0.015490637765133198,2000
NUST,dl_g,2017,289,0.7761772660382611,0.8036655331503798,-0.027488267112118714,0.012882199450459344,2000
NUST,dl_g,2019,412,0.6237088061569264,0.644956118412936,-0.02124731225600962,0.015828519098553012,2000
NUST,dl_g,2020,451,0.6010420767547371,0.6064163049607955,-0.0053742282060583735,0.01551455240615099,2000
NUST,gbm,2005,127,0.48417269139350155,0.6762211644086416,-0.19204847301514,0.05407075140744413,2000
NUST,gbm,2006,127,0.5024642951828235,0.5593430108493574,-0.05687871566653391,0.06169504094076658,2000
NUST,gbm,2007,148,0.6870989296163901,0.7438461666614626,-0.05674723704507256,0.05827931834842163,2000
NUST,gbm,2008,128,0.3827039863841657,0.4906202387724816,-0.10791625238831593,0.06223170163691706,2000
NUST,gbm,2009,135,0.6690948909737854,0.8454478166134183,-0.1763529256396329,0.04350817708059969,2000
NUST,gbm,2010,166,0.3532838461972341,0.4485176496206465,-0.09523380342341242,0.06190205817530795,2000
NUST,gbm,2011,159,0.3675777019640068,0.3277388633697863,0.039838838594220494,0.05321890746310211,2000
NUST,gbm,2012,195,0.538586809853457,0.6222077823821716,-0.08362097252871459,0.033757195990127976,2000
NUST,gbm,2013,270,0.36214571585089644,0.3658260002506431,-0.0036802843997466583,0.05007614881079391,2000
NUST,gbm,2014,287,0.46286194134217956,0.27097937795668364,0.19188256338549592,0.04401355827725641,2000
NUST,gbm,2015,312,0.41761987091453334,0.3924574321485424,0.025162438765990947,0.04596049140050587,2000
NUST,gbm,2016,304,0.5423895396294414,0.6275344602015199,-0.08514492057207856,0.035748700014824844,2000
NUST,gbm,2017,289,0.7278704221690018,0.8036655331503798,-0.07579511098137803,0.02700453412045296,2000
NUST,gbm,2019,412,0.5364749246194062,0.644956118412936,-0.10848119379352983,0.03420620861387585,2000
NUST,gbm,2020,451,0.42498794467948464,0.6064163049607955,-0.18142836028131082,0.04215669042642039,2000
NUST,knn10,2005,127,0.5674892641749233,0.6762211644086416,-0.10873190023371826,0.041064179694258914,2000
NUST,knn10,2006,127,0.4367750770902704,0.5593430108493574,-0.12256793375908703,0.052265928548958104,2000
NUST,knn10,2007,148,0.6565112129715646,0.7438461666614626,-0.08733495368989808,0.055443351011909434,2000
NUST,knn10,2008,128,0.3911639611392255,0.4906202387724816,-0.0994562776332561,0.06143119203939202,2000
NUST,knn10,2009,135,0.6923823576365645,0.8454478166134183,-0.15306545897685375,0.044360405413158374,2000
NUST,knn10,2010,166,0.5020397508857265,0.4485176496206465,0.05352210126508,0.04464392807851911,2000
NUST,knn10,2011,159,0.3650968751874517,0.3277388633697863,0.037358011817665404,0.04922853159958869,2000
NUST,knn10,2012,195,0.50904514460176,0.6222077823821716,-0.11316263778041158,0.039498851618025674,2000
NUST,knn10,2013,270,0.4239955335245964,0.3658260002506431,0.0581695332739533,0.048466250997492986,2000
NUST,knn10,2014,287,0.47375202561619767,0.27097937795668364,0.20277264765951403,0.04462325750138652,2000
NUST,knn10,2015,312,0.48842527266102165,0.3924574321485424,0.09596784051247925,0.04471769142804688,2000
NUST,knn10,2016,304,0.5845968830376014,0.6275344602015199,-0.04293757716391855,0.03307272043928394,2000
NUST,knn10,2017,289,0.7266569083095408,0.8036655331503798,-0.07700862484083904,0.026713689064327743,2000
NUST,knn10,2019,412,0.5699387872902489,0.644956118412936,-0.07501733112268705,0.030218140162778597,2000
NUST,knn10,2020,451,0.512672189580318,0.6064163049607955,-0.09374411538047744,0.03822071408838322,2000
NUST,knn30,2005,127,0.6329827357981468,0.6762211644086416,-0.04323842861049476,0.033984007216693236,2000
NUST,knn30,2006,127,0.5346722304330446,0.5593430108493574,-0.024670780416312876,0.03968691927437213,2000
NUST,knn30,2007,148,0.7392083751104874,0.7438461666614626,-0.004637791550975212,0.037720006539641346,2000
NUST,knn30,2008,128,0.42179669673709835,0.4906202387724816,-0.06882354203538327,0.04996159880437451,2000
NUST,knn30,2009,135,0.7639837819762733,0.8454478166134183,-0.08146403463714502,0.031734563312983376,2000
NUST,knn30,2010,166,0.4600281498432181,0.4485176496206465,0.011510500222571607,0.03868761853879316,2000
NUST,knn30,2011,159,0.38101240975649925,0.3277388633697863,0.053273546386712944,0.03815982325845708,2000
NUST,knn30,2012,195,0.5684627139900212,0.6222077823821716,-0.05374506839215032,0.03234762392218616,2000
NUST,knn30,2013,270,0.46636629134740076,0.3658260002506431,0.10054029109675766,0.042654808994253585,2000
NUST,knn30,2014,287,0.507977430044816,0.27097937795668364,0.23699805208813235,0.04377821824810371,2000
NUST,knn30,2015,312,0.5133510522235146,0.3924574321485424,0.12089362007497223,0.039825273679396485,2000
NUST,knn30,2016,304,0.6219840229969891,0.6275344602015199,-0.005550437204530856,0.027062318188409668,2000
NUST,knn30,2017,289,0.7412575626848221,0.8036655331503798,-0.06240797046555768,0.028250749496922557,2000
NUST,knn30,2019,412,0.607802689059745,0.644956118412936,-0.03715342935319099,0.027827733886895734,2000
NUST,knn30,2020,451,0.5790313389381695,0.6064163049607955,-0.027384966022625967,0.030855421946933945,2000
NUST,mlp,2005,127,-0.034153057488099596,0.6762211644086416,-0.7103742218967412,0.09267695680488573,2000
NUST,mlp,2006,127,0.4153344337837721,0.5593430108493574,-0.14400857706558534,0.0751852719658718,2000
NUST,mlp,2007,148,0.6423807963762663,0.7438461666614626,-0.10146537028519631,0.0670076593186843,2000
NUST,mlp,2008,128,0.3083153911659929,0.4906202387724816,-0.18230484760648874,0.0695352991726,2000
NUST,mlp,2009,135,0.6215449974946059,0.8454478166134183,-0.22390281911881238,0.05350870028721681,2000
NUST,mlp,2010,166,0.3942095104174961,0.4485176496206465,-0.05430813920315042,0.06794396910832777,2000
NUST,mlp,2011,159,0.2099243563587744,0.3277388633697863,-0.1178145070110119,0.0687377437717675,2000
NUST,mlp,2012,195,0.5299817078873621,0.6222077823821716,-0.09222607449480946,0.043573416306089956,2000
NUST,mlp,2013,270,0.4066984041534044,0.3658260002506431,0.04087240390276131,0.0502496598710106,2000
NUST,mlp,2014,287,0.420125512238876,0.27097937795668364,0.14914613428219237,0.048582789410396045,2000
NUST,mlp,2015,312,0.35160126361423016,0.3924574321485424,-0.04085616853431223,0.04640822639984192,2000
NUST,mlp,2016,304,0.598019843847962,0.6275344602015199,-0.0295146163535579,0.03122360486335653,2000
NUST,mlp,2017,289,0.6153984210316987,0.8036655331503798,-0.18826711211868108,0.0342010025469394,2000
NUST,mlp,2019,412,0.5198328094974418,0.644956118412936,-0.12512330891549417,0.0318851010119079,2000
NUST,mlp,2020,451,0.5168802607226585,0.6064163049607955,-0.08953604423813699,0.03408992590668603,2000
NUST,reml,2005,127,0.5578938117905529,0.6762211644086416,-0.11832735261808869,0.04057238954844055,2000
NUST,reml,2006,127,0.44206160078904866,0.5593430108493574,-0.11728141006030879,0.04093365005071081,2000
NUST,reml,2007,148,0.6866750698269866,0.7438461666614626,-0.057171096834476076,0.05294024640099812,2000
NUST,reml,2008,128,0.45464624716980123,0.4906202387724816,-0.03597399160268039,0.04538495847269995,2000
NUST,reml,2009,135,0.7186527151657806,0.8454478166134183,-0.12679510144763773,0.03384073102357675,2000
NUST,reml,2010,166,0.48690272950813474,0.4485176496206465,0.03838507988748824,0.04424917856767793,2000
NUST,reml,2011,159,0.4519452022108815,0.3277388633697863,0.12420633884109522,0.04129478913911728,2000
NUST,reml,2012,195,0.5832299234859086,0.6222077823821716,-0.03897785889626293,0.031947510612994445,2000
NUST,reml,2013,270,0.4253366836837044,0.3658260002506431,0.05951068343306132,0.03670079631620527,2000
NUST,reml,2014,287,0.40710930600498973,0.27097937795668364,0.1361299280483061,0.03172477363206802,2000
NUST,reml,2015,312,0.4474521618219608,0.3924574321485424,0.0549947296734184,0.031946960276466575,2000
NUST,reml,2016,304,0.6335893154688879,0.6275344602015199,0.006054855267367931,0.022323751421553507,2000
NUST,reml,2017,289,0.7957348963926342,0.8036655331503798,-0.007930636757745635,0.017867528003950226,2000
NUST,reml,2019,412,0.5912770814176017,0.644956118412936,-0.05367903699533427,0.02245221326476423,2000
NUST,reml,2020,451,0.5255379836853357,0.6064163049607955,-0.0808783212754598,0.028046705069670115,2000
NUST,reml_x0.1,2005,127,0.540710362504577,0.6762211644086416,-0.1355108019040645,0.0432445318387697,2000
NUST,reml_x0.1,2006,127,0.3843597446218043,0.5593430108493574,-0.17498326622755317,0.05876354312610213,2000
NUST,reml_x0.1,2007,148,0.6123904026308307,0.7438461666614626,-0.13145576403063197,0.056937230797272094,2000
NUST,reml_x0.1,2008,128,0.42509281049883285,0.4906202387724816,-0.06552742827364877,0.06031283391444574,2000
NUST,reml_x0.1,2009,135,0.5879214075721466,0.8454478166134183,-0.25752640904127166,0.05295879024901156,2000
NUST,reml_x0.1,2010,166,0.37405219494638814,0.4485176496206465,-0.07446545467425836,0.057617086278102726,2000
NUST,reml_x0.1,2011,159,0.4124149615466439,0.3277388633697863,0.08467609817685762,0.05120296416972151,2000
NUST,reml_x0.1,2012,195,0.5275039175713773,0.6222077823821716,-0.09470386481079429,0.037752228609598905,2000
NUST,reml_x0.1,2013,270,0.33775518198255117,0.3658260002506431,-0.028070818268091935,0.04609091420978028,2000
NUST,reml_x0.1,2014,287,0.363574825926701,0.27097937795668364,0.09259544797001734,0.035342669021330576,2000
NUST,reml_x0.1,2015,312,0.4019334507548605,0.3924574321485424,0.009476018606318082,0.04075953523338239,2000
NUST,reml_x0.1,2016,304,0.5205516109618749,0.6275344602015199,-0.10698284923964507,0.027853592084854325,2000
NUST,reml_x0.1,2017,289,0.696974306964165,0.8036655331503798,-0.10669122618621485,0.026871067468470535,2000
NUST,reml_x0.1,2019,412,0.4974864628302444,0.644956118412936,-0.1474696555826916,0.032471293556580266,2000
NUST,reml_x0.1,2020,451,0.40773324792060833,0.6064163049607955,-0.19868305704018713,0.03790220997859631,2000
NUST,reml_x10,2005,127,0.6063771512266569,0.6762211644086416,-0.06984401318198463,0.03055854534813109,2000
NUST,reml_x10,2006,127,0.5187864975670192,0.5593430108493574,-0.040556513282338225,0.025739972796894592,2000
NUST,reml_x10,2007,148,0.7554773235025611,0.7438461666614626,0.0116311568410985,0.03511699265846098,2000
NUST,reml_x10,2008,128,0.4381771232005792,0.4906202387724816,-0.0524431155719024,0.03409304263867123,2000
NUST,reml_x10,2009,135,0.8125339144161665,0.8454478166134183,-0.032913902197251765,0.017595300744557375,2000
NUST,reml_x10,2010,166,0.5156794059449907,0.4485176496206465,0.06716175632434424,0.030375931599192038,2000
NUST,reml_x10,2011,159,0.39477398336637204,0.3277388633697863,0.06703511999658573,0.04058788955240949,2000
NUST,reml_x10,2012,195,0.6264221298562568,0.6222077823821716,0.004214347474085223,0.025965676679790724,2000
NUST,reml_x10,2013,270,0.462584893001144,0.3658260002506431,0.09675889275050092,0.0324078191831472,2000
NUST,reml_x10,2014,287,0.4235144010643123,0.27097937795668364,0.15253502310762868,0.037028714649997574,2000
NUST,reml_x10,2015,312,0.4797730781387155,0.3924574321485424,0.08731564599017311,0.03185893841754498,2000
NUST,reml_x10,2016,304,0.663152198101957,0.6275344602015199,0.035617737900437096,0.022654601103939666,2000
NUST,reml_x10,2017,289,0.7925530962892257,0.8036655331503798,-0.011112436861154151,0.016954222915914356,2000
NUST,reml_x10,2019,412,0.6069111676481332,0.644956118412936,-0.03804495076480274,0.021866329345398446,2000
NUST,reml_x10,2020,451,0.6146817169824516,0.6064163049607955,0.008265412021656093,0.024162812975236498,2000
NUST,reml_x100,2005,127,0.6671343830098865,0.6762211644086416,-0.009086781398755073,0.023899084447341786,2000
NUST,reml_x100,2006,127,0.5434221260758285,0.5593430108493574,-0.01592088477352893,0.02572590602129489,2000
NUST,reml_x100,2007,148,0.7214982055380664,0.7438461666614626,-0.02234796112339621,0.028582255097307937,2000
NUST,reml_x100,2008,128,0.4216364689847918,0.4906202387724816,-0.06898376978768983,0.027495709927488902,2000
NUST,reml_x100,2009,135,0.8211623514326066,0.8454478166134183,-0.02428546518081165,0.01761551772765037,2000
NUST,reml_x100,2010,166,0.47859555967156764,0.4485176496206465,0.03007791005092114,0.02868041053345044,2000
NUST,reml_x100,2011,159,0.31401030724151074,0.3277388633697863,-0.01372855612827556,0.040458753018230265,2000
NUST,reml_x100,2012,195,0.6447838346439811,0.6222077823821716,0.022576052261809587,0.028371845835751974,2000
NUST,reml_x100,2013,270,0.4122183734991025,0.3658260002506431,0.046392373248459406,0.030070768834690228,2000
NUST,reml_x100,2014,287,0.3682576448923466,0.27097937795668364,0.09727826693566294,0.037672881648161814,2000
NUST,reml_x100,2015,312,0.4724682108579913,0.3924574321485424,0.0800107787094489,0.030806010566405292,2000
NUST,reml_x100,2016,304,0.6416696459348632,0.6275344602015199,0.01413518573334327,0.02482596134630802,2000
NUST,reml_x100,2017,289,0.7592013681740445,0.8036655331503798,-0.04446416497633532,0.018846107169384244,2000
NUST,reml_x100,2019,412,0.5669219297774494,0.644956118412936,-0.07803418863548661,0.02368717820720994,2000
NUST,reml_x100,2020,451,0.6049356876263683,0.6064163049607955,-0.00148061733442717,0.027824310153227123,2000
NUST,rf,2005,127,0.553221530574881,0.6762211644086416,-0.12299963383376056,0.04358584345703633,2000
NUST,rf,2006,127,0.5152918120960311,0.5593430108493574,-0.044051198753326304,0.050944265872802,2000
NUST,rf,2007,148,0.6895106733089348,0.7438461666614626,-0.05433549335252785,0.05848895486613907,2000
NUST,rf,2008,128,0.4072131100673408,0.4906202387724816,-0.08340712870514083,0.04984133711096531,2000
NUST,rf,2009,135,0.6892238430692899,0.8454478166134183,-0.15622397354412842,0.035116916315694524,2000
NUST,rf,2010,166,0.414477282833543,0.4485176496206465,-0.03404036678710348,0.05004725052702448,2000
NUST,rf,2011,159,0.3793825359119141,0.3277388633697863,0.051643672542127816,0.047193687130242815,2000
NUST,rf,2012,195,0.5920972083593775,0.6222077823821716,-0.030110574022794045,0.027722673479158515,2000
NUST,rf,2013,270,0.4092895097110824,0.3658260002506431,0.04346350946043931,0.046197897553939285,2000
NUST,rf,2014,287,0.47557821075455337,0.27097937795668364,0.20459883279786972,0.039605193182581246,2000
NUST,rf,2015,312,0.4371643815416787,0.3924574321485424,0.0447069493931363,0.044654399637359274,2000
NUST,rf,2016,304,0.5846900215661105,0.6275344602015199,-0.04284443863540943,0.03259637650087284,2000
NUST,rf,2017,289,0.7342409833553362,0.8036655331503798,-0.06942454979504364,0.02649664344357399,2000
NUST,rf,2019,412,0.5500381530525101,0.644956118412936,-0.09491796536042585,0.03227602788091856,2000
NUST,rf,2020,451,0.4928854561282357,0.6064163049607955,-0.11353084883255976,0.03747495924013299,2000
NUST,ridge_pc20,2005,127,0.560524350054925,0.6762211644086416,-0.11569681435371659,0.04792333197184522,2000
NUST,ridge_pc20,2006,127,0.4917576100223363,0.5593430108493574,-0.06758540082702114,0.050515306530949766,2000
NUST,ridge_pc20,2007,148,0.7038052984336648,0.7438461666614626,-0.04004086822779784,0.052600157599402377,2000
NUST,ridge_pc20,2008,128,0.3770988762632995,0.4906202387724816,-0.1135213625091821,0.053376781990543534,2000
NUST,ridge_pc20,2009,135,0.7784884139216766,0.8454478166134183,-0.06695940269174172,0.02933749555301973,2000
NUST,ridge_pc20,2010,166,0.3978534892278519,0.4485176496206465,-0.05066416039279459,0.04389777401793765,2000
NUST,ridge_pc20,2011,159,0.32186052760452055,0.3277388633697863,-0.005878335765265752,0.05656204868397154,2000
NUST,ridge_pc20,2012,195,0.5816026092058807,0.6222077823821716,-0.040605173176290865,0.03297718409415526,2000
NUST,ridge_pc20,2013,270,0.4529286046775479,0.3658260002506431,0.08710260442690482,0.040155685825856775,2000
NUST,ridge_pc20,2014,287,0.44067560006394163,0.27097937795668364,0.169696222107258,0.04243528417522564,2000
NUST,ridge_pc20,2015,312,0.4834671963040731,0.3924574321485424,0.09100976415553069,0.034836351778666313,2000
NUST,ridge_pc20,2016,304,0.650415453068791,0.6275344602015199,0.022880992867271077,0.026670156736320078,2000
NUST,ridge_pc20,2017,289,0.7504330231078232,0.8036655331503798,-0.05323251004255658,0.023270155695751207,2000
NUST,ridge_pc20,2019,412,0.5781839009733104,0.644956118412936,-0.06677221743962558,0.026288674017897237,2000
NUST,ridge_pc20,2020,451,0.5818808464419846,0.6064163049607955,-0.024535458518810893,0.033980542643823955,2000
URSN,dl_g,1999,14,0.4114413930863215,0.4488451560941689,-0.037403763007847424,0.10749038597606772,2000
URSN,dl_g,2000,14,0.4725274725274725,0.5032967032967033,-0.03076923076923077,0.04344269832112278,2000
URSN,dl_g,2001,13,0.32967032967032966,0.32967032967032966,0.0,0.10377351244609603,2000
URSN,dl_g,2002,15,0.3535714285714286,0.3892857142857143,-0.0357142857142857,0.1285887895028783,2000
URSN,dl_g,2003,16,0.37058823529411766,0.3911764705882353,-0.02058823529411763,0.12405654575745483,2000
URSN,dl_g,2004,13,0.7692307692307693,0.8956043956043956,-0.12637362637362637,0.12460462191831422,2000
URSN,dl_g,2008,11,0.4727272727272727,0.6545454545454545,-0.18181818181818182,0.21218171302337543,2000
URSN,dl_g,2009,13,0.7032967032967034,0.5989010989010989,0.10439560439560447,0.14934339943809152,2000
URSN,dl_g,2014,19,0.4666666666666667,0.5508771929824562,-0.08421052631578951,0.1271691448724131,2000
URSN,dl_g,2015,28,0.6310892172961139,0.6507936507936508,-0.019704433497536922,0.04742082641351228,2000
URSN,dl_g,2019,24,0.74,0.76,-0.020000000000000018,0.08248832342348099,2000
URSN,gbm,2001,13,0.038461538461538464,0.32967032967032966,-0.2912087912087912,0.32468486107577144,2000
URSN,gbm,2002,15,-0.05,0.3892857142857143,-0.4392857142857143,0.182695159925615,2000
URSN,gbm,2003,16,0.026470588235294117,0.3911764705882353,-0.36470588235294116,0.2295446690711663,2000
URSN,gbm,2004,13,0.5714285714285714,0.8956043956043956,-0.32417582417582425,0.21896304935184627,2000
URSN,gbm,2008,11,0.8636363636363636,0.6545454545454545,0.2090909090909091,0.16671543584486298,2000
URSN,gbm,2009,13,0.34615384615384615,0.5989010989010989,-0.25274725274725274,0.2795230341231522,2000
URSN,gbm,2014,19,0.4192982456140351,0.5508771929824562,-0.13157894736842107,0.15538855013589373,2000
URSN,gbm,2015,28,0.5281882868089764,0.6507936507936508,-0.12260536398467436,0.10782999352270337,2000
URSN,gbm,2019,24,0.6895652173913044,0.76,-0.07043478260869562,0.09003286603729198,2000
URSN,gxe_gbm,1999,14,0.19141925774604263,0.4488451560941689,-0.2574258983481263,0.23293462390260722,2000
URSN,gxe_gbm,2000,14,0.2571428571428571,0.5032967032967033,-0.24615384615384617,0.1979763956406294,2000
URSN,gxe_gbm,2001,13,0.4010989010989011,0.32967032967032966,0.07142857142857145,0.24307138374526852,2000
URSN,gxe_gbm,2002,15,0.2642857142857143,0.3892857142857143,-0.125,0.2192309524179479,2000
URSN,gxe_gbm,2003,16,0.40588235294117647,0.3911764705882353,0.01470588235294118,0.1573367415612542,2000
URSN,gxe_gbm,2004,13,0.4835164835164835,0.8956043956043956,-0.4120879120879121,0.2956427049443177,2000
URSN,gxe_gbm,2008,11,0.5636363636363636,0.6545454545454545,-0.09090909090909094,0.20257896587619306,2000
URSN,gxe_gbm,2009,13,0.46703296703296704,0.5989010989010989,-0.13186813186813184,0.23309604983597243,2000
URSN,gxe_gbm,2014,19,0.4087719298245614,0.5508771929824562,-0.1421052631578948,0.16403026656532096,2000
URSN,gxe_gbm,2015,28,0.5495347564313081,0.6507936507936508,-0.1012588943623427,0.09782716286745212,2000
URSN,gxe_gbm,2019,24,0.6295652173913043,0.76,-0.13043478260869568,0.12648776406081336,2000
URSN,knn10,1999,14,0.1856363790677949,0.4488451560941689,-0.263208777026374,0.31223247692014033,2000
URSN,knn10,2000,14,0.1958197004528482,0.5032967032967033,-0.3074770028438551,0.2285896666539514,2000
URSN,knn10,2001,13,0.21978021978021978,0.32967032967032966,-0.10989010989010989,0.2900902033688477,2000
URSN,knn10,2002,15,-0.17857142857142858,0.3892857142857143,-0.5678571428571428,0.2174392663158255,2000
URSN,knn10,2003,16,0.2323529411764706,0.3911764705882353,-0.1588235294117647,0.20832016546335688,2000
URSN,knn10,2004,13,0.5769230769230769,0.8956043956043956,-0.31868131868131877,0.23582841006568547,2000
URSN,knn10,2008,11,0.4636363636363636,0.6545454545454545,-0.19090909090909092,0.34752440661001127,2000
URSN,knn10,2009,13,0.17582417582417584,0.5989010989010989,-0.423076923076923,0.2506131761295561,2000
URSN,knn10,2014,19,0.4982456140350877,0.5508771929824562,-0.052631578947368474,0.23075407567889955,2000
URSN,knn10,2015,28,0.5641166058028068,0.6507936507936508,-0.08667704499084405,0.156960326203414,2000
URSN,knn10,2019,24,0.48,0.76,-0.28,0.16944302787881776,2000
URSN,knn30,2000,14,0.389010989010989,0.5032967032967033,-0.11428571428571427,0.2826986060229552,2000
URSN,knn30,2001,13,0.3131868131868132,0.32967032967032966,-0.01648351648351648,0.4027940434155698,2000
URSN,knn30,2002,15,0.3535714285714286,0.3892857142857143,-0.0357142857142857,0.2661850918601637,2000
URSN,knn30,2003,16,-0.11470588235294117,0.3911764705882353,-0.5058823529411764,0.30736371894528647,2000
URSN,knn30,2004,13,0.3516483516483517,0.8956043956043956,-0.543956043956044,0.30226591506061273,2000
URSN,knn30,2008,11,-0.05454545454545454,0.6545454545454545,-0.7090909090909091,0.48371699604039314,2000
URSN,knn30,2009,13,0.11538461538461539,0.5989010989010989,-0.48351648351648346,0.46786276698177787,2000
URSN,knn30,2014,19,0.12105263157894737,0.5508771929824562,-0.42982456140350883,0.2425755896550158,2000
URSN,knn30,2015,28,0.5329136494410794,0.6507936507936508,-0.11788000135257137,0.15011039710930124,2000
URSN,knn30,2019,24,0.5869565217391305,0.76,-0.17304347826086952,0.12653923514286497,2000
URSN,mlp,1999,14,0.28162833323555697,0.4488451560941689,-0.16721682285861195,0.37446127596376155,2000
URSN,mlp,2000,14,0.6967032967032967,0.5032967032967033,0.19340659340659339,0.15046149209358742,2000
URSN,mlp,2001,13,0.3956043956043956,0.32967032967032966,0.06593406593406592,0.24379514438761718,2000
URSN,mlp,2002,15,0.25,0.3892857142857143,-0.1392857142857143,0.23800066784228174,2000
URSN,mlp,2003,16,0.34705882352941175,0.3911764705882353,-0.04411764705882354,0.1979922168328899,2000
URSN,mlp,2004,13,0.5604395604395604,0.8956043956043956,-0.3351648351648352,0.21027536987335632,2000
URSN,mlp,2008,11,-0.38181818181818183,0.6545454545454545,-1.0363636363636364,0.4968743618939188,2000
URSN,mlp,2009,13,0.6373626373626373,0.5989010989010989,0.038461538461538436,0.23857434487956575,2000
URSN,mlp,2014,19,0.5052631578947369,0.5508771929824562,-0.04561403508771933,0.13604220792748914,2000
URSN,mlp,2015,28,0.5259989053092501,0.6507936507936508,-0.12479474548440073,0.12627210895651722,2000
URSN,mlp,2019,24,0.5182608695652174,0.76,-0.24173913043478257,0.1899026052174077,2000
URSN,reml,1999,14,0.635863971133406,0.4488451560941689,0.18701881503923706,0.18603365588949825,2000
URSN,reml,2000,14,0.6615384615384615,0.5032967032967033,0.15824175824175823,0.14253065704089596,2000
URSN,reml,2001,13,0.32967032967032966,0.32967032967032966,0.0,0.09194423529934884,2000
URSN,reml,2002,15,0.3107142857142857,0.3892857142857143,-0.07857142857142857,0.09507076510486742,2000
URSN,reml,2003,16,0.38529411764705884,0.3911764705882353,-0.00588235294117645,0.13261348545839582,2000
URSN,reml,2004,13,0.8901098901098901,0.8956043956043956,-0.005494505494505586,0.055393989805860924,2000
URSN,reml,2008,11,0.6545454545454545,0.6545454545454545,0.0,0.20310666934856825,2000
URSN,reml,2009,13,0.4835164835164835,0.5989010989010989,-0.11538461538461536,0.13660397967286375,2000
URSN,reml,2014,19,0.48596491228070177,0.5508771929824562,-0.06491228070175442,0.06134516441176885,2000
URSN,reml,2015,28,0.6940339354132458,0.6507936507936508,0.04324028461959495,0.07854362880998927,2000
URSN,reml,2019,24,0.7417391304347826,0.76,-0.01826086956521744,0.043097462214653395,2000
URSN,reml_x0.1,1999,14,0.635863971133406,0.4488451560941689,0.18701881503923706,0.1923251110244279,2000
URSN,reml_x0.1,2000,14,0.6615384615384615,0.5032967032967033,0.15824175824175823,0.13935343162759806,2000
URSN,reml_x0.1,2001,13,0.32967032967032966,0.32967032967032966,0.0,0.08647006082367686,2000
URSN,reml_x0.1,2002,15,0.3107142857142857,0.3892857142857143,-0.07857142857142857,0.0928553350715962,2000
URSN,reml_x0.1,2003,16,0.3588235294117647,0.3911764705882353,-0.032352941176470584,0.11952883877959207,2000
URSN,reml_x0.1,2004,13,0.8296703296703297,0.8956043956043956,-0.06593406593406592,0.08360501209581157,2000
URSN,reml_x0.1,2008,11,0.6727272727272727,0.6545454545454545,0.018181818181818188,0.1317712556696307,2000
URSN,reml_x0.1,2009,13,0.5879120879120879,0.5989010989010989,-0.01098901098901095,0.19096132263948729,2000
URSN,reml_x0.1,2014,19,0.45964912280701753,0.5508771929824562,-0.09122807017543866,0.06921747593413442,2000
URSN,reml_x0.1,2015,28,0.6513409961685823,0.6507936507936508,0.0005473453749315071,0.09150451237142378,2000
URSN,reml_x0.1,2019,24,0.7852173913043479,0.76,0.025217391304347858,0.06797885979374561,2000
URSN,reml_x10,1999,14,0.635863971133406,0.4488451560941689,0.18701881503923706,0.1895556093425837,2000
URSN,reml_x10,2000,14,0.6615384615384615,0.5032967032967033,0.15824175824175823,0.14167495875421504,2000
URSN,reml_x10,2001,13,0.32967032967032966,0.32967032967032966,0.0,0.08843717667017913,2000
URSN,reml_x10,2002,15,0.3107142857142857,0.3892857142857143,-0.07857142857142857,0.09399498940483186,2000
URSN,reml_x10,2003,16,0.3411764705882353,0.3911764705882353,-0.04999999999999999,0.15596902214737435,2000
URSN,reml_x10,2004,13,0.9175824175824175,0.8956043956043956,0.0219780219780219,0.0701210978436552,2000
URSN,reml_x10,2008,11,0.5909090909090909,0.6545454545454545,-0.0636363636363636,0.2262464826091731,2000
URSN,reml_x10,2009,13,0.4230769230769231,0.5989010989010989,-0.1758241758241758,0.15795582667211716,2000
URSN,reml_x10,2014,19,0.4789473684210526,0.5508771929824562,-0.07192982456140357,0.09984278757236306,2000
URSN,reml_x10,2015,28,0.6382047071702244,0.6507936507936508,-0.01258894362342644,0.07598907560820925,2000
URSN,reml_x10,2019,24,0.7330434782608696,0.76,-0.026956521739130435,0.07951027536297653,2000
URSN,reml_x100,1999,14,0.635863971133406,0.4488451560941689,0.18701881503923706,0.18728971367015187,2000
URSN,reml_x100,2000,14,0.6615384615384615,0.5032967032967033,0.15824175824175823,0.14469013566129782,2000
URSN,reml_x100,2001,13,0.32967032967032966,0.32967032967032966,0.0,0.09075696793641001,2000
URSN,reml_x100,2002,15,0.3107142857142857,0.3892857142857143,-0.07857142857142857,0.09465087484414578,2000
URSN,reml_x100,2003,16,0.25,0.3911764705882353,-0.1411764705882353,0.20771795146867578,2000
URSN,reml_x100,2004,13,0.7582417582417582,0.8956043956043956,-0.13736263736263743,0.1647496957879727,2000
URSN,reml_x100,2008,11,0.41818181818181815,0.6545454545454545,-0.2363636363636364,0.26935561545431197,2000
URSN,reml_x100,2009,13,0.07142857142857142,0.5989010989010989,-0.5274725274725275,0.26233545775865086,2000
URSN,reml_x100,2014,19,0.28421052631578947,0.5508771929824562,-0.2666666666666667,0.18511173065842393,2000
URSN,reml_x100,2015,28,0.5818281335522715,0.6507936507936508,-0.06896551724137934,0.12857023855643665,2000
URSN,reml_x100,2019,24,0.6460869565217391,0.76,-0.11391304347826092,0.14649567227627402,2000
URSN,rf,1999,14,0.36523674466486294,0.4488451560941689,-0.08360841142930597,0.16659707211620461,2000
URSN,rf,2000,14,0.5560439560439561,0.5032967032967033,0.05274725274725278,0.16371151969447284,2000
URSN,rf,2001,13,0.6483516483516484,0.32967032967032966,0.3186813186813187,0.23295975530017948,2000
URSN,rf,2002,15,0.21428571428571427,0.3892857142857143,-0.17500000000000002,0.1971268838049353,2000
URSN,rf,2003,16,0.3558823529411765,0.3911764705882353,-0.03529411764705881,0.22673472734037806,2000
URSN,rf,2004,13,0.6318681318681318,0.8956043956043956,-0.2637362637362638,0.16609635360183372,2000
URSN,rf,2008,11,0.6272727272727273,0.6545454545454545,-0.027272727272727226,0.17683394824617782,2000
URSN,rf,2009,13,0.3516483516483517,0.5989010989010989,-0.2472527472527472,0.3087440370871506,2000
URSN,rf,2014,19,0.5070175438596491,0.5508771929824562,-0.04385964912280704,0.17885611126430828,2000
URSN,rf,2015,28,0.5987958401751505,0.6507936507936508,-0.051997810618500284,0.11249387243243117,2000
URSN,rf,2019,24,0.6086956521739131,0.76,-0.15130434782608693,0.11264733230972934,2000
URSN,ridge_pc20,1999,14,0.5896593227119473,0.4488451560941689,0.1408141666177784,0.32519190198459647,2000
URSN,ridge_pc20,2000,14,0.06373626373626373,0.5032967032967033,-0.43956043956043955,0.3040954861976741,2000
URSN,ridge_pc20,2001,13,0.054945054945054944,0.32967032967032966,-0.27472527472527475,0.32090974293863633,2000
URSN,ridge_pc20,2002,15,-0.0035714285714285713,0.3892857142857143,-0.39285714285714285,0.29993051677323734,2000
URSN,ridge_pc20,2003,16,0.047058823529411764,0.3911764705882353,-0.34411764705882353,0.3081342628327685,2000
URSN,ridge_pc20,2004,13,0.6538461538461539,0.8956043956043956,-0.2417582417582418,0.23926170492406446,2000
URSN,ridge_pc20,2008,11,0.6181818181818182,0.6545454545454545,-0.036363636363636376,0.33777818130182663,2000
URSN,ridge_pc20,2009,13,0.25274725274725274,0.5989010989010989,-0.34615384615384615,0.20865115077538288,2000
URSN,ridge_pc20,2014,19,0.20526315789473684,0.5508771929824562,-0.3456140350877194,0.2108444667160732,2000
URSN,ridge_pc20,2015,28,0.5905856595511768,0.6507936507936508,-0.060207991242474,0.1703474898570547,2000
URSN,ridge_pc20,2019,24,0.5982608695652174,0.76,-0.1617391304347826,0.16389603425572546,2000
URSN,rn_ridge,1999,14,0.5038506899292386,0.4488451560941689,0.05500553383506973,0.10097247418506207,2000
URSN,rn_ridge,2000,14,0.5868131868131868,0.5032967032967033,0.08351648351648355,0.12415334592581624,2000
URSN,rn_ridge,2001,13,0.3956043956043956,0.32967032967032966,0.06593406593406592,0.09859131244545043,2000
URSN,rn_ridge,2002,15,0.3535714285714286,0.3892857142857143,-0.0357142857142857,0.12259334202655409,2000
URSN,rn_ridge,2003,16,0.20588235294117646,0.3911764705882353,-0.18529411764705883,0.13244972810037656,2000
URSN,rn_ridge,2004,13,0.8131868131868132,0.8956043956043956,-0.08241758241758246,0.08358278078009894,2000
URSN,rn_ridge,2008,11,0.5272727272727272,0.6545454545454545,-0.12727272727272732,0.14073316948666031,2000
URSN,rn_ridge,2009,13,0.41208791208791207,0.5989010989010989,-0.18681318681318682,0.1804908143488121,2000
URSN,rn_ridge,2014,19,0.5087719298245614,0.5508771929824562,-0.04210526315789476,0.1457658833069823,2000
URSN,rn_ridge,2015,28,0.6683087027914614,0.6507936507936508,0.01751505199781056,0.0665839102228365,2000
URSN,rn_ridge,2019,24,0.6643478260869565,0.76,-0.09565217391304348,0.08003488358709684,2000
ESWYT,gbm,2006,50,0.29709483793517405,0.6709723889555822,-0.37387755102040815,0.13392860069819054,2000
ESWYT,gbm,2007,49,0.0058164749119669285,-0.03622541392540807,0.042041888837374995,0.15755196380008152,2000
ESWYT,gbm,2008,50,0.06631452581032413,0.07130852340936375,-0.0049939975990396235,0.09711173177084599,2000
ESWYT,gbm,2009,49,0.3248979591836735,0.3072448979591837,0.017653061224489786,0.10221654745399078,2000
ESWYT,gbm,2010,50,0.3304201680672269,0.35414165666266506,-0.023721488595438156,0.07780077072958319,2000
ESWYT,gbm,2011,50,0.203937575030012,0.46775510204081633,-0.2638175270108043,0.14213077039427405,2000
ESWYT,gbm,2012,50,0.2136374549819928,0.23774309723889556,-0.02410564225690276,0.17591447872143942,2000
ESWYT,gbm,2013,50,0.49618247298919566,0.6553181272509003,-0.15913565426170467,0.08952176803637968,2000
ESWYT,gbm,2014,50,0.26799519807923167,0.21709483793517406,0.050900360144057605,0.1125512618737094,2000
ESWYT,gbm,2015,50,0.12960384153661464,0.26588235294117646,-0.13627851140456182,0.1179847476435797,2000
ESWYT,gbm,2016,50,0.12230492196878752,0.04192076830732293,0.08038415366146459,0.08915086210730873,2000
ESWYT,gbm,2017,49,-0.020102040816326532,0.0386734693877551,-0.05877551020408163,0.1480824538945929,2000
ESWYT,knn10,2006,50,0.18474763567903638,0.6709723889555822,-0.4862247532765458,0.13320543616874989,2000
ESWYT,knn10,2007,49,0.009697093805883154,-0.03622541392540807,0.04592250773129122,0.18939459957376903,2000
ESWYT,knn10,2008,50,0.2672302052099892,0.07130852340936375,0.19592168180062544,0.18138492939993192,2000
ESWYT,knn10,2009,49,0.22103732493242145,0.3072448979591837,-0.08620757302676224,0.15578765104973485,2000
ESWYT,knn10,2010,50,0.28963861416584924,0.35414165666266506,-0.06450304249681582,0.09603604322762455,2000
ESWYT,knn10,2011,50,0.320966313398061,0.46775510204081633,-0.14678878864275535,0.14606080356611773,2000
ESWYT,knn10,2012,50,0.10175844603541043,0.23774309723889556,-0.13598465120348513,0.13834398154007166,2000
ESWYT,knn10,2013,50,0.6378196708235191,0.6553181272509003,-0.017498456427381237,0.0835573638576445,2000
ESWYT,knn10,2014,50,0.18521008403361344,0.21709483793517406,-0.03188475390156062,0.1723491065657491,2000
ESWYT,knn10,2015,50,0.23261621233121837,0.26588235294117646,-0.033266140609958084,0.1295421699502471,2000
ESWYT,knn10,2016,50,0.029918839882516157,0.04192076830732293,-0.012001928424806772,0.13365191138023033,2000
ESWYT,knn10,2017,49,-0.19169345399716253,0.0386734693877551,-0.23036692338491763,0.16424563463565195,2000
ESWYT,knn30,2006,50,0.2018683556191491,0.6709723889555822,-0.46910403333643313,0.15157590277908387,2000
ESWYT,knn30,2007,49,-0.03417124087503239,-0.03622541392540807,0.0020541730503756753,0.1271450911495003,2000
ESWYT,knn30,2008,50,0.006147491862180428,0.07130852340936375,-0.06516103154718332,0.18057134842299014,2000
ESWYT,knn30,2009,49,0.0186734693877551,0.3072448979591837,-0.2885714285714286,0.16317993796593253,2000
ESWYT,knn30,2010,50,0.400470635281384,0.35414165666266506,0.04632897861871893,0.1211750173221986,2000
ESWYT,knn30,2011,50,0.25829531812725093,0.46775510204081633,-0.2094597839135654,0.1464089558680674,2000
ESWYT,knn30,2012,50,0.04576230492196879,0.23774309723889556,-0.19198079231692677,0.15564532327476285,2000
ESWYT,knn30,2013,50,0.6403995295850574,0.6553181272509003,-0.014918597665842914,0.09221514469357153,2000
ESWYT,knn30,2014,50,0.08379351740696278,0.21709483793517406,-0.13330132052821128,0.14905214926446378,2000
ESWYT,knn30,2015,50,0.28758703481392556,0.26588235294117646,0.0217046818727491,0.15876881641502782,2000
ESWYT,knn30,2016,50,-0.058823529411764705,0.04192076830732293,-0.10074429771908763,0.11970173787009926,2000
ESWYT,knn30,2017,49,-0.2685782801455606,0.0386734693877551,-0.30725174953331574,0.14592084055403656,2000
ESWYT,mlp,2006,50,0.18818727490996398,0.6709723889555822,-0.4827851140456182,0.1610359348839752,2000
ESWYT,mlp,2007,49,0.06076685631712818,-0.03622541392540807,0.09699227024253625,0.17782525305012384,2000
ESWYT,mlp,2008,50,0.39380552220888354,0.07130852340936375,0.32249699879951976,0.19473460881576518,2000
ESWYT,mlp,2009,49,0.12224489795918367,0.3072448979591837,-0.18500000000000003,0.19544908093242902,2000
ESWYT,mlp,2010,50,-0.17426170468187274,0.35414165666266506,-0.5284033613445378,0.18933672349896308,2000
ESWYT,mlp,2011,50,0.04172869147659063,0.46775510204081633,-0.4260264105642257,0.19521168232204847,2000
ESWYT,mlp,2012,50,-0.2868187274909964,0.23774309723889556,-0.524561824729892,0.20495906348298118,2000
ESWYT,mlp,2013,50,0.1743577430972389,0.6553181272509003,-0.48096038415366144,0.16127539127771565,2000
ESWYT,mlp,2014,50,0.004273709483793517,0.21709483793517406,-0.21282112845138054,0.20306775359033086,2000
ESWYT,mlp,2015,50,-0.05565426170468187,0.26588235294117646,-0.3215366146458583,0.22325000746632678,2000
ESWYT,mlp,2016,50,0.11298919567827131,0.04192076830732293,0.07106842737094839,0.19571218046340413,2000
ESWYT,mlp,2017,49,-0.08765306122448979,0.0386734693877551,-0.12632653061224489,0.22016860533768304,2000
ESWYT,reml,2006,50,0.6763505402160864,0.6709723889555822,0.005378151260504227,0.014647185410242658,2000
ESWYT,reml,2007,49,-0.023725095035654578,-0.03622541392540807,0.01250031888975349,0.02067930472552431,2000
ESWYT,reml,2008,50,0.08945978391356543,0.07130852340936375,0.018151260504201683,0.04458774373574489,2000
ESWYT,reml,2009,49,0.31795918367346937,0.3072448979591837,0.010714285714285676,0.04033625460824759,2000
ESWYT,reml,2010,50,0.3664345738295318,0.35414165666266506,0.012292917166866757,0.026701117103041728,2000
ESWYT,reml,2011,50,0.44009603841536615,0.46775510204081633,-0.027659063625450175,0.040233112952694904,2000
ESWYT,reml,2012,50,0.21421368547418967,0.23774309723889556,-0.023529411764705882,0.03939557479334125,2000
ESWYT,reml,2013,50,0.6024969987995198,0.6553181272509003,-0.05282112845138054,0.027769371149019444,2000
ESWYT,reml,2014,50,0.23486194477791117,0.21709483793517406,0.017767106842737107,0.028827981008429898,2000
ESWYT,reml,2015,50,0.2697238895558223,0.26588235294117646,0.0038415366146458685,0.05567894173534173,2000
ESWYT,reml,2016,50,0.045858343337334934,0.04192076830732293,0.0039375750300120055,0.034060191167647566,2000
ESWYT,reml,2017,49,0.07459183673469388,0.0386734693877551,0.03591836734693878,0.03989595884633616,2000
ESWYT,reml_x0.1,2006,50,0.6606962785114046,0.6709723889555822,-0.010276110444177644,0.03096263672897373,2000
ESWYT,reml_x0.1,2007,49,-0.08382866912597951,-0.03622541392540807,-0.047603255200571445,0.06233671594547958,2000
ESWYT,reml_x0.1,2008,50,0.04768307322929172,0.07130852340936375,-0.023625450180072033,0.04861235045369131,2000
ESWYT,reml_x0.1,2009,49,0.29418367346938773,0.3072448979591837,-0.013061224489795964,0.07951320817241289,2000
ESWYT,reml_x0.1,2010,50,0.3356062424969988,0.35414165666266506,-0.018535414165666286,0.03857655673646016,2000
ESWYT,reml_x0.1,2011,50,0.38304921968787514,0.46775510204081633,-0.08470588235294119,0.06402854389879258,2000
ESWYT,reml_x0.1,2012,50,0.24043217286914767,0.23774309723889556,0.0026890756302521135,0.05435560137308555,2000
ESWYT,reml_x0.1,2013,50,0.5682112845138055,0.6553181272509003,-0.08710684273709479,0.04568148808879627,2000
ESWYT,reml_x0.1,2014,50,0.18732292917166868,0.21709483793517406,-0.029771908763505384,0.04351431545028396,2000
ESWYT,reml_x0.1,2015,50,0.20278511404561825,0.26588235294117646,-0.06309723889555821,0.055666692266448776,2000
ESWYT,reml_x0.1,2016,50,0.12345738295318127,0.04192076830732293,0.08153661464585835,0.05303734383501393,2000
ESWYT,reml_x0.1,2017,49,0.05918367346938776,0.0386734693877551,0.020510204081632656,0.04656279610546024,2000
ESWYT,reml_x10,2006,50,0.6569507803121248,0.6709723889555822,-0.014021608643457362,0.046281853146496445,2000
ESWYT,reml_x10,2007,49,0.0008163473560655339,-0.03622541392540807,0.0370417612814736,0.046548840621509734,2000
ESWYT,reml_x10,2008,50,0.09118847539015607,0.07130852340936375,0.019879951980792315,0.10441195011531201,2000
ESWYT,reml_x10,2009,49,0.45183673469387753,0.3072448979591837,0.14459183673469383,0.08520730427746877,2000
ESWYT,reml_x10,2010,50,0.3907322929171669,0.35414165666266506,0.03659063625450182,0.045740410583714475,2000
ESWYT,reml_x10,2011,50,0.36028811524609844,0.46775510204081633,-0.10746698679471789,0.076319321138615,2000
ESWYT,reml_x10,2012,50,0.09944777911164465,0.23774309723889556,-0.1382953181272509,0.09819068663653172,2000
ESWYT,reml_x10,2013,50,0.5592797118847539,0.6553181272509003,-0.09603841536614643,0.06961297068205123,2000
ESWYT,reml_x10,2014,50,0.207202881152461,0.21709483793517406,-0.009891956782713068,0.07547936406197708,2000
ESWYT,reml_x10,2015,50,0.3346458583433373,0.26588235294117646,0.06876350540216086,0.12390732291960871,2000
ESWYT,reml_x10,2016,50,-0.0013925570228091237,0.04192076830732293,-0.04331332533013205,0.05960418853137979,2000
ESWYT,reml_x10,2017,49,0.024591836734693878,0.0386734693877551,-0.014081632653061223,0.08841847964046978,2000
ESWYT,reml_x100,2006,50,0.6379351740696279,0.6709723889555822,-0.03303721488595435,0.0664889854815766,2000
ESWYT,reml_x100,2007,49,-0.004132758490081765,-0.03622541392540807,0.0320926554353263,0.05393148813277331,2000
ESWYT,reml_x100,2008,50,0.08763505402160865,0.07130852340936375,0.0163265306122449,0.12112156801973961,2000
ESWYT,reml_x100,2009,49,0.5002040816326531,0.3072448979591837,0.19295918367346937,0.13279553257372953,2000
ESWYT,reml_x100,2010,50,0.37373349339735895,0.35414165666266506,0.01959183673469389,0.06186268094635428,2000
ESWYT,reml_x100,2011,50,0.33224489795918366,0.46775510204081633,-0.13551020408163267,0.10094806103041395,2000
ESWYT,reml_x100,2012,50,0.04172869147659063,0.23774309723889556,-0.19601440576230492,0.12686619223774234,2000
ESWYT,reml_x100,2013,50,0.4456662665066026,0.6553181272509003,-0.2096518607442977,0.11396056649531394,2000
ESWYT,reml_x100,2014,50,0.1569747899159664,0.21709483793517406,-0.06012004801920767,0.08997676048066279,2000
ESWYT,reml_x100,2015,50,0.35375750300120046,0.26588235294117646,0.087875150060024,0.15849192310832505,2000
ESWYT,reml_x100,2016,50,-0.0521968787515006,0.04192076830732293,-0.09411764705882353,0.08244517448569319,2000
ESWYT,reml_x100,2017,49,0.004591836734693878,0.0386734693877551,-0.034081632653061224,0.10283921165291438,2000
ESWYT,rf,2006,50,0.3852581032412965,0.6709723889555822,-0.2857142857142857,0.11170879975887842,2000
ESWYT,rf,2007,49,0.03224572056458859,-0.03622541392540807,0.06847113448999666,0.1302610747783641,2000
ESWYT,rf,2008,50,0.15438175270108043,0.07130852340936375,0.08307322929171668,0.08555565291736256,2000
ESWYT,rf,2009,49,0.4664285714285714,0.3072448979591837,0.15918367346938772,0.09456300284850434,2000
ESWYT,rf,2010,50,0.2653061224489796,0.35414165666266506,-0.08883553421368545,0.06304276938573729,2000
ESWYT,rf,2011,50,0.31668667466986794,0.46775510204081633,-0.1510684273709484,0.1062572536926799,2000
ESWYT,rf,2012,50,0.15303721488595437,0.23774309723889556,-0.08470588235294119,0.11593215950447852,2000
ESWYT,rf,2013,50,0.5448739495798319,0.6553181272509003,-0.1104441776710684,0.08460233012454417,2000
ESWYT,rf,2014,50,0.2005762304921969,0.21709483793517406,-0.016518607442977173,0.12222044663405617,2000
ESWYT,rf,2015,50,0.3157262905162065,0.26588235294117646,0.04984393757503003,0.09426956251071186,2000
ESWYT,rf,2016,50,0.06448979591836734,0.04192076830732293,0.022569027611044415,0.10474196794447577,2000
ESWYT,rf,2017,49,-0.00020408163265306123,0.0386734693877551,-0.038877551020408165,0.142379995157451,2000
ESWYT,ridge_pc20,2006,50,0.5662905162064826,0.6709723889555822,-0.10468187274909957,0.0980710714572019,2000
ESWYT,ridge_pc20,2007,49,0.0197454016748351,-0.03622541392540807,0.05597081560024317,0.06763625605323201,2000
ESWYT,ridge_pc20,2008,50,-0.021848739495798318,0.07130852340936375,-0.09315726290516207,0.15352011959684866,2000
ESWYT,ridge_pc20,2009,49,0.4545918367346939,0.3072448979591837,0.1473469387755102,0.16633565746444332,2000
ESWYT,ridge_pc20,2010,50,0.37248499399759905,0.35414165666266506,0.018343337334933985,0.0976396263634591,2000
ESWYT,ridge_pc20,2011,50,0.30103241296518607,0.46775510204081633,-0.16672268907563026,0.11684302102390558,2000
ESWYT,ridge_pc20,2012,50,-0.03481392557022809,0.23774309723889556,-0.27255702280912364,0.1308492569683477,2000
ESWYT,ridge_pc20,2013,50,0.25551020408163266,0.6553181272509003,-0.39980792316926766,0.14620204929544667,2000
ESWYT,ridge_pc20,2014,50,0.22036014405762305,0.21709483793517406,0.003265306122448991,0.14027223473735004,2000
ESWYT,ridge_pc20,2015,50,0.3074669867947179,0.26588235294117646,0.04158463385354144,0.17802177119171117,2000
ESWYT,ridge_pc20,2016,50,-0.06554621848739496,0.04192076830732293,-0.10746698679471789,0.11668616702570246,2000
ESWYT,ridge_pc20,2017,49,-0.11755102040816326,0.0386734693877551,-0.15622448979591835,0.14618667575516786,2000
GEM_IA,gbm,2016,319,0.1035293482685489,-0.04445796614345108,0.14798731441199997,0.03593426576145595,2000
GEM_IA,gbm,2017,232,0.7820601497872565,0.27598431543652774,0.5060758343507288,0.06416561968103453,2000
GEM_IA,gbm,2018,239,0.054814436838840276,0.37999513465770995,-0.32518069781886966,0.08252626093843336,2000
GEM_IA,gbm,2019,455,-0.040922854120385446,0.2768264895448228,-0.31774934366520824,0.03963519193309803,2000
GEM_IA,knn10,2016,319,-0.021290176308148438,-0.04445796614345108,0.02316778983530264,0.048216703091352044,2000
GEM_IA,knn10,2017,232,0.29505915875101946,0.27598431543652774,0.01907484331449172,0.01690436640026272,2000
GEM_IA,knn10,2018,239,0.38116560380480247,0.37999513465770995,0.0011704691470925122,0.03651629927148761,2000
GEM_IA,knn10,2019,455,-0.017477518883601346,0.2768264895448228,-0.29430400842842414,0.060875115358055155,2000
GEM_IA,knn30,2016,319,0.05676202620814874,-0.04445796614345108,0.10121999235159981,0.047595962199785374,2000
GEM_IA,knn30,2017,232,0.05677720727944457,0.27598431543652774,-0.21920710815708316,0.04845461649133614,2000
GEM_IA,knn30,2018,239,0.33615097265239097,0.37999513465770995,-0.04384416200531899,0.040586560707074316,2000
GEM_IA,knn30,2019,455,0.09266118278674178,0.2768264895448228,-0.18416530675808102,0.051732430634167055,2000
GEM_IA,mlp,2016,319,-0.1225666024797463,-0.04445796614345108,-0.07810863633629522,0.04641462572831424,2000
GEM_IA,mlp,2017,232,0.2771072498462511,0.27598431543652774,0.0011229344097233862,0.013859334911877843,2000
GEM_IA,mlp,2018,239,0.35454548051674356,0.37999513465770995,-0.025449654140966393,0.02555122611242154,2000
GEM_IA,mlp,2019,455,0.1618322248337103,0.2768264895448228,-0.11499426471111251,0.027407797627081346,2000
GEM_IA,reml,2016,319,-0.19053094561171177,-0.04445796614345108,-0.1460729794682607,0.028469771901967762,2000
GEM_IA,reml,2017,232,0.23043363671468148,0.27598431543652774,-0.04555067872184626,0.011514474073997945,2000
GEM_IA,reml,2018,239,0.3708881096433767,0.37999513465770995,-0.009107025014333248,0.006805489993694922,2000
GEM_IA,reml,2019,455,0.046157802235262446,0.2768264895448228,-0.23066868730956036,0.033794216054931915,2000
GEM_IA,reml_x0.1,2016,319,-0.03601359941180359,-0.04445796614345108,0.008444366731647487,0.010076952714881066,2000
GEM_IA,reml_x0.1,2017,232,-0.13204497791974185,0.27598431543652774,-0.4080292933562696,0.05058895964180529,2000
GEM_IA,reml_x0.1,2018,239,0.34950609299614394,0.37999513465770995,-0.03048904166156602,0.022676665287552144,2000
GEM_IA,reml_x0.1,2019,455,0.025276865918093635,0.2768264895448228,-0.25154962362672917,0.030973856057839033,2000
GEM_IA,reml_x10,2016,319,-0.35401851380202365,-0.04445796614345108,-0.30956054765857255,0.051722888049618124,2000
GEM_IA,reml_x10,2017,232,0.2845430264788865,0.27598431543652774,0.00855871104235878,0.013435673421725913,2000
GEM_IA,reml_x10,2018,239,0.3454758135993274,0.37999513465770995,-0.03451932105838257,0.022693105094673486,2000
GEM_IA,reml_x10,2019,455,0.14201522157443272,0.2768264895448228,-0.1348112679703901,0.02747794952143835,2000
GEM_IA,reml_x100,2016,319,-0.35383090638984876,-0.04445796614345108,-0.30937294024639767,0.05688509698311096,2000
GEM_IA,reml_x100,2017,232,0.28504082709868683,0.27598431543652774,0.009056511662159095,0.015210194285136066,2000
GEM_IA,reml_x100,2018,239,0.32745514666058456,0.37999513465770995,-0.05253998799712539,0.029309084005037473,2000
GEM_IA,reml_x100,2019,455,0.1809916189874578,0.2768264895448228,-0.095834870557365,0.023668393229455804,2000
GEM_IA,rf,2016,319,0.08908302302641556,-0.04445796614345108,0.13354098916986665,0.03798425964492158,2000
GEM_IA,rf,2017,232,0.36533520216793014,0.27598431543652774,0.0893508867314024,0.11538971750429289,2000
GEM_IA,rf,2018,239,-0.34061310790179433,0.37999513465770995,-0.7206082425595043,0.1045418225553999,2000
GEM_IA,rf,2019,455,0.08237917165212448,0.2768264895448228,-0.1944473178926983,0.03513701609426616,2000
GEM_IA,ridge_pc20,2016,319,-0.31026310507106203,-0.04445796614345108,-0.26580513892761093,0.05163868816314388,2000
GEM_IA,ridge_pc20,2017,232,0.26825879577904715,0.27598431543652774,-0.007725519657480584,0.017545104594568296,2000
GEM_IA,ridge_pc20,2018,239,0.3206115828124024,0.37999513465770995,-0.05938355184530758,0.03317856877204725,2000
GEM_IA,ridge_pc20,2019,455,0.13403174257001452,0.2768264895448228,-0.1427947469748083,0.02987758107620085,2000
MU_SOY,gbm,2020,430,0.4500320709600691,0.4141504040670575,0.03588166689301159,0.03116826599395103,2000
MU_SOY,knn10,2020,430,0.37116124607742285,0.4141504040670575,-0.04298915798963465,0.03378983864377239,2000
MU_SOY,knn30,2020,430,0.3119604834060548,0.4141504040670575,-0.10218992066100269,0.03376225040174363,2000
MU_SOY,mlp,2020,430,0.34551224845041456,0.4141504040670575,-0.06863815561664294,0.028268113727056877,2000
MU_SOY,reml,2020,430,0.45709405898074995,0.4141504040670575,0.04294365491369245,0.013008281657814652,2000
MU_SOY,reml_x0.1,2020,430,0.4425824920218297,0.4141504040670575,0.0284320879547722,0.02027068472852183,2000
MU_SOY,reml_x10,2020,430,0.37542361155432685,0.4141504040670575,-0.038726792512730646,0.02338318259736803,2000
MU_SOY,reml_x100,2020,430,0.30146679692528217,0.4141504040670575,-0.11268360714177533,0.031211163463928885,2000
MU_SOY,rf,2020,430,0.4112307939777843,0.4141504040670575,-0.002919610089273217,0.029498038187145147,2000
MU_SOY,ridge_pc20,2020,430,0.29167499460147683,0.4141504040670575,-0.12247540946558066,0.03293153903869991,2000
