dataset,target,d,se,se_zero,contrast,metric,subset
G2F,2016,0.02046719415483225,0.01197616333110255,False,H5,spearman,all
G2F,2018,-0.026169151256367602,0.014886151211330556,False,H5,spearman,all
G2F,2020,0.01980645605734484,0.01197616333110255,False,H5,spearman,all
G2F,2022,-0.01118704874494336,0.01197616333110255,False,H5,spearman,all
G2F,2024,-0.047919855067342663,0.02199573349328171,False,H5,spearman,all
NUST,2005,-0.009856794663940531,0.01344135725696216,False,H5,spearman,all
NUST,2006,-0.04573560408713579,0.02589876263841811,False,H5,spearman,all
NUST,2007,-0.008758371738562802,0.01344135725696216,False,H5,spearman,all
NUST,2008,0.015000775555680444,0.01344135725696216,False,H5,spearman,all
NUST,2009,0.027892589691587647,0.01344135725696216,False,H5,spearman,all
NUST,2010,-0.03824128137346574,0.01344135725696216,False,H5,spearman,all
NUST,2011,0.003603809633826681,0.01989255673900691,False,H5,spearman,all
NUST,2012,-0.0052139798031098795,0.01344135725696216,False,H5,spearman,all
NUST,2013,-0.026843696057351884,0.014174807487773455,False,H5,spearman,all
NUST,2014,-0.0050556825648948155,0.015112904596201432,False,H5,spearman,all
NUST,2015,0.014783329759529219,0.01413105366477263,False,H5,spearman,all
NUST,2016,0.03984107741077566,0.01344135725696216,False,H5,spearman,all
NUST,2017,-0.004722357211510996,0.01344135725696216,False,H5,spearman,all
NUST,2019,-0.0171583344365664,0.014335989900713901,False,H5,spearman,all
NUST,2020,-0.02867827171333049,0.017201320243382702,False,H5,spearman,all
URSN,1999,-0.01812715565945331,0.04232498915166573,False,H5,spearman,all
URSN,2000,-0.005854354779204316,0.020665554309965143,False,H5,spearman,all
URSN,2001,0.0027295849060618854,0.020665554309965143,False,H5,spearman,all
URSN,2002,-0.0047872396587887,0.020665554309965143,False,H5,spearman,all
URSN,2003,-0.02973103778822118,0.020665554309965143,False,H5,spearman,all
URSN,2004,-0.08357571962801653,0.020665554309965143,False,H5,spearman,all
URSN,2008,-0.1058104153623923,0.07388086910355876,False,H5,spearman,all
URSN,2009,0.05386884279905927,0.04503343258408269,False,H5,spearman,all
URSN,2014,-0.06160990712074306,0.02837850566131617,False,H5,spearman,all
URSN,2015,-0.002972835690739773,0.020665554309965143,False,H5,spearman,all
URSN,2019,0.0035207235931724147,0.027101550606051104,False,H5,spearman,all
G2F,2016,0.05875551763251417,0.053833367346067314,False,H5,sel_diff_f10,all
G2F,2018,0.0141023734964944,0.04283726844909075,False,H5,sel_diff_f10,all
G2F,2020,0.013227623217000542,0.04283726844909075,False,H5,sel_diff_f10,all
G2F,2022,-0.02625027593561233,0.04283726844909075,False,H5,sel_diff_f10,all
G2F,2024,-0.07501979744359509,0.0498926346447734,False,H5,sel_diff_f10,all
NUST,2005,-0.05824589329329632,0.09293888004062831,False,H5,sel_diff_f10,all
NUST,2006,-0.008741210291709933,0.09919658360043283,False,H5,sel_diff_f10,all
NUST,2007,0.03282296030263333,0.05659906571036881,False,H5,sel_diff_f10,all
NUST,2008,-0.03881836327655321,0.05659906571036881,False,H5,sel_diff_f10,all
NUST,2009,0.03560092800093751,0.05659906571036881,False,H5,sel_diff_f10,all
NUST,2010,-0.130072249491429,0.06093261573362508,False,H5,sel_diff_f10,all
NUST,2011,0.05781547260772777,0.08366197431968568,False,H5,sel_diff_f10,all
NUST,2012,-0.07636434119814518,0.05659906571036881,False,H5,sel_diff_f10,all
NUST,2013,-0.07040796333787659,0.08204707524911933,False,H5,sel_diff_f10,all
NUST,2014,-0.07937498862260413,0.05659906571036881,False,H5,sel_diff_f10,all
NUST,2015,0.005708281751567256,0.058981928833826615,False,H5,sel_diff_f10,all
NUST,2016,0.032450467850303526,0.05659906571036881,False,H5,sel_diff_f10,all
NUST,2017,-0.03783807812161947,0.05659906571036881,False,H5,sel_diff_f10,all
NUST,2019,-0.005579613998580571,0.059876763027668506,False,H5,sel_diff_f10,all
NUST,2020,-0.02595284578647766,0.05659906571036881,False,H5,sel_diff_f10,all
URSN,1999,0.0,0.07499364535634101,True,H5,sel_diff_f10,all
URSN,2000,0.0,0.07499364535634101,True,H5,sel_diff_f10,all
URSN,2001,0.0,0.07499364535634101,True,H5,sel_diff_f10,all
URSN,2002,0.0,0.07499364535634101,True,H5,sel_diff_f10,all
URSN,2003,0.0,0.07499364535634101,True,H5,sel_diff_f10,all
URSN,2004,0.0,0.07499364535634101,True,H5,sel_diff_f10,all
URSN,2008,0.0,0.07499364535634101,True,H5,sel_diff_f10,all
URSN,2009,0.0,0.07499364535634101,True,H5,sel_diff_f10,all
URSN,2014,0.0,0.07499364535634101,True,H5,sel_diff_f10,all
URSN,2015,0.036495376871636176,0.07499364535634101,False,H5,sel_diff_f10,all
URSN,2019,0.04292703897828516,0.1142232624582632,False,H5,sel_diff_f10,all
G2F,2016,0.02756985670880288,0.013042780024289836,False,H6,spearman,new_only
G2F,2018,-0.033915519101860164,0.01589620764811354,False,H6,spearman,new_only
G2F,2020,0.01752520648507268,0.013042780024289836,False,H6,spearman,new_only
G2F,2022,-0.011441805273934383,0.013042780024289836,False,H6,spearman,new_only
G2F,2024,-0.0402547659365535,0.02342395326227536,False,H6,spearman,new_only
NUST,2005,0.014942220443536628,0.02131471867298979,False,H6,spearman,new_only
NUST,2006,-0.033624065083488475,0.028097968343022757,False,H6,spearman,new_only
NUST,2007,-0.003607754094058018,0.029017622811120847,False,H6,spearman,new_only
NUST,2008,0.02023776361943955,0.022749489791255795,False,H6,spearman,new_only
NUST,2009,0.025234654803763884,0.02131471867298979,False,H6,spearman,new_only
NUST,2010,-0.04116143045066423,0.02131471867298979,False,H6,spearman,new_only
NUST,2011,0.04400135116661965,0.02131471867298979,False,H6,spearman,new_only
NUST,2012,0.014721641826961236,0.02131471867298979,False,H6,spearman,new_only
NUST,2013,-0.03112544082120811,0.02566852522436261,False,H6,spearman,new_only
NUST,2014,0.012839645702816016,0.025417410160881993,False,H6,spearman,new_only
NUST,2015,0.04247857216475949,0.02131471867298979,False,H6,spearman,new_only
NUST,2016,0.0400389400494415,0.02131471867298979,False,H6,spearman,new_only
NUST,2017,-0.005536400061352404,0.02131471867298979,False,H6,spearman,new_only
NUST,2019,-0.03242331160627652,0.025880551536404284,False,H6,spearman,new_only
NUST,2020,-0.03740631121728389,0.02307194976413335,False,H6,spearman,new_only
URSN,2000,-0.016124717409226975,0.034509126749706555,False,H6,spearman,new_only
URSN,2002,0.04545454545454545,0.05165384435876572,False,H6,spearman,new_only
URSN,2003,-0.05811441465219591,0.034509126749706555,False,H6,spearman,new_only
URSN,2014,-0.11878787878787878,0.04237708301839841,False,H6,spearman,new_only
URSN,2015,-0.018836729276401037,0.034509126749706555,False,H6,spearman,new_only
URSN,2019,0.02000970167400574,0.04587111960753597,False,H6,spearman,new_only
G2F,2016,0.07856376981991853,0.03796251846700451,False,H6,sel_diff_f10,new_only
G2F,2018,-0.03102435960877208,0.03796251846700451,False,H6,sel_diff_f10,new_only
G2F,2020,0.030910223147374436,0.03956946623716204,False,H6,sel_diff_f10,new_only
G2F,2022,0.005700888219049405,0.03796251846700451,False,H6,sel_diff_f10,new_only
G2F,2024,-0.09269959990496694,0.06299188591000744,False,H6,sel_diff_f10,new_only
NUST,2005,-0.0672991571753602,0.09104516969449018,False,H6,sel_diff_f10,new_only
NUST,2006,0.020285107197279988,0.11547919285273835,False,H6,sel_diff_f10,new_only
NUST,2007,0.10355219814886933,0.09104516969449018,False,H6,sel_diff_f10,new_only
NUST,2008,0.17139134461971325,0.13714737039822117,False,H6,sel_diff_f10,new_only
NUST,2009,0.13647592919479232,0.09104516969449018,False,H6,sel_diff_f10,new_only
NUST,2010,-0.15023616526530958,0.09681467091240306,False,H6,sel_diff_f10,new_only
NUST,2011,0.09068159297114022,0.1296359638793105,False,H6,sel_diff_f10,new_only
NUST,2012,-0.11136593318609907,0.09104516969449018,False,H6,sel_diff_f10,new_only
NUST,2013,-0.18854480710137583,0.09104516969449018,False,H6,sel_diff_f10,new_only
NUST,2014,0.14250080317996439,0.0940090619911141,False,H6,sel_diff_f10,new_only
NUST,2015,0.10196111098136726,0.09104516969449018,False,H6,sel_diff_f10,new_only
NUST,2016,0.07291710602122747,0.09820916370002347,False,H6,sel_diff_f10,new_only
NUST,2017,0.07208338462519533,0.09104516969449018,False,H6,sel_diff_f10,new_only
NUST,2019,-0.20125296103743703,0.11264702477861784,False,H6,sel_diff_f10,new_only
NUST,2020,0.07839955495331373,0.09104516969449018,False,H6,sel_diff_f10,new_only
URSN,2000,0.0,0.10733622666830553,True,H6,sel_diff_f10,new_only
URSN,2002,0.0,0.10733622666830553,True,H6,sel_diff_f10,new_only
URSN,2003,0.0,0.10733622666830553,True,H6,sel_diff_f10,new_only
URSN,2014,0.0,0.10733622666830553,True,H6,sel_diff_f10,new_only
URSN,2015,0.16250308156127832,0.10733622666830553,False,H6,sel_diff_f10,new_only
URSN,2019,0.09173496700962905,0.14383803955423932,False,H6,sel_diff_f10,new_only
G2F,2016,0.021045945616661045,0.0142294876531539,False,dl_ge_vs_cell_G2F+URSN,spearman,G2F+URSN
G2F,2018,-0.0102568122473453,0.015491847402012251,False,dl_ge_vs_cell_G2F+URSN,spearman,G2F+URSN
G2F,2020,0.010125909951393619,0.0142294876531539,False,dl_ge_vs_cell_G2F+URSN,spearman,G2F+URSN
G2F,2022,0.03832009505909545,0.0142294876531539,False,dl_ge_vs_cell_G2F+URSN,spearman,G2F+URSN
G2F,2024,-0.048315293903366884,0.025369734542806825,False,dl_ge_vs_cell_G2F+URSN,spearman,G2F+URSN
URSN,1999,-0.07579473531220224,0.03662252057684061,False,dl_ge_vs_cell_G2F+URSN,spearman,G2F+URSN
URSN,2000,0.04983297752085372,0.03910686925535096,False,dl_ge_vs_cell_G2F+URSN,spearman,G2F+URSN
URSN,2001,-0.025701063679580676,0.08712206416413314,False,dl_ge_vs_cell_G2F+URSN,spearman,G2F+URSN
URSN,2002,0.04504549722916352,0.03662252057684061,False,dl_ge_vs_cell_G2F+URSN,spearman,G2F+URSN
URSN,2003,-0.037056164965476215,0.03662252057684061,False,dl_ge_vs_cell_G2F+URSN,spearman,G2F+URSN
URSN,2004,-0.1776069478794678,0.055831943122894814,False,dl_ge_vs_cell_G2F+URSN,spearman,G2F+URSN
URSN,2008,0.0037720774040927775,0.03662252057684061,False,dl_ge_vs_cell_G2F+URSN,spearman,G2F+URSN
URSN,2009,-0.12364225589340738,0.03662252057684061,False,dl_ge_vs_cell_G2F+URSN,spearman,G2F+URSN
URSN,2014,-0.092796697626419,0.06207691093731004,False,dl_ge_vs_cell_G2F+URSN,spearman,G2F+URSN
URSN,2015,-0.01079717914645798,0.03805737389083352,False,dl_ge_vs_cell_G2F+URSN,spearman,G2F+URSN
URSN,2019,-0.0979551837435249,0.03662252057684061,False,dl_ge_vs_cell_G2F+URSN,spearman,G2F+URSN
G2F,2016,0.0231881159354389,0.05056303525172524,False,dl_ge_vs_cell_G2F+URSN,sel_diff_f10,G2F+URSN
G2F,2018,-0.004453860013022753,0.044352944523205165,False,dl_ge_vs_cell_G2F+URSN,sel_diff_f10,G2F+URSN
G2F,2020,0.036123121582334806,0.044352944523205165,False,dl_ge_vs_cell_G2F+URSN,sel_diff_f10,G2F+URSN
G2F,2022,0.021526127189232396,0.044352944523205165,False,dl_ge_vs_cell_G2F+URSN,sel_diff_f10,G2F+URSN
G2F,2024,-0.06231588060430398,0.05420601830282828,False,dl_ge_vs_cell_G2F+URSN,sel_diff_f10,G2F+URSN
URSN,1999,0.0,0.11114517123425427,True,dl_ge_vs_cell_G2F+URSN,sel_diff_f10,G2F+URSN
URSN,2000,0.0,0.11114517123425427,True,dl_ge_vs_cell_G2F+URSN,sel_diff_f10,G2F+URSN
URSN,2001,0.0,0.11114517123425427,True,dl_ge_vs_cell_G2F+URSN,sel_diff_f10,G2F+URSN
URSN,2002,0.0,0.11114517123425427,True,dl_ge_vs_cell_G2F+URSN,sel_diff_f10,G2F+URSN
URSN,2003,0.0,0.11114517123425427,True,dl_ge_vs_cell_G2F+URSN,sel_diff_f10,G2F+URSN
URSN,2004,0.0,0.11114517123425427,True,dl_ge_vs_cell_G2F+URSN,sel_diff_f10,G2F+URSN
URSN,2008,0.0,0.11114517123425427,True,dl_ge_vs_cell_G2F+URSN,sel_diff_f10,G2F+URSN
URSN,2009,0.0,0.11114517123425427,True,dl_ge_vs_cell_G2F+URSN,sel_diff_f10,G2F+URSN
URSN,2014,-0.017992644832342586,0.11114517123425427,False,dl_ge_vs_cell_G2F+URSN,sel_diff_f10,G2F+URSN
URSN,2015,0.036495376871636176,0.11114517123425427,False,dl_ge_vs_cell_G2F+URSN,sel_diff_f10,G2F+URSN
URSN,2019,0.1951675596874625,0.12651438869521148,False,dl_ge_vs_cell_G2F+URSN,sel_diff_f10,G2F+URSN
G2F,2016,0.1164485210913958,0.029889921685886316,False,dl_g_vs_twostage_mlp,spearman,all
G2F,2018,0.03298569318605357,0.0260987166358612,False,dl_g_vs_twostage_mlp,spearman,all
G2F,2020,0.00280335877926079,0.0260987166358612,False,dl_g_vs_twostage_mlp,spearman,all
G2F,2022,0.06934762876798543,0.0260987166358612,False,dl_g_vs_twostage_mlp,spearman,all
G2F,2024,0.02152370692582162,0.035101009162542475,False,dl_g_vs_twostage_mlp,spearman,all
NUST,2005,0.25966692271062464,0.074026645563613,False,dl_g_vs_twostage_mlp,spearman,all
NUST,2006,0.13368832948895715,0.040054871989260867,False,dl_g_vs_twostage_mlp,spearman,all
NUST,2007,0.04297423681755565,0.03478641240191198,False,dl_g_vs_twostage_mlp,spearman,all
NUST,2008,0.1184428721677669,0.0339605223890144,False,dl_g_vs_twostage_mlp,spearman,all
NUST,2009,0.1379893795314329,0.04487756335862397,False,dl_g_vs_twostage_mlp,spearman,all
NUST,2010,0.1180318821646642,0.025837652461245357,False,dl_g_vs_twostage_mlp,spearman,all
NUST,2011,0.11004301852592561,0.027312495996530215,False,dl_g_vs_twostage_mlp,spearman,all
NUST,2012,0.038342105472143874,0.025837652461245357,False,dl_g_vs_twostage_mlp,spearman,all
NUST,2013,0.05300142909256048,0.025837652461245357,False,dl_g_vs_twostage_mlp,spearman,all
NUST,2014,0.06720198431039222,0.025837652461245357,False,dl_g_vs_twostage_mlp,spearman,all
NUST,2015,0.14233899919892423,0.025837652461245357,False,dl_g_vs_twostage_mlp,spearman,all
NUST,2016,0.12521317241473812,0.025837652461245357,False,dl_g_vs_twostage_mlp,spearman,all
NUST,2017,0.1279561486150902,0.025837652461245357,False,dl_g_vs_twostage_mlp,spearman,all
NUST,2019,0.08832098727142114,0.025837652461245357,False,dl_g_vs_twostage_mlp,spearman,all
NUST,2020,0.0883197790503553,0.02870927340996461,False,dl_g_vs_twostage_mlp,spearman,all
URSN,1999,0.1585392584339232,0.10917502545963939,False,dl_g_vs_twostage_mlp,spearman,all
URSN,2000,-0.1304577645965438,0.04016588649926359,False,dl_g_vs_twostage_mlp,spearman,all
URSN,2001,0.014064112234062509,0.07133217601761921,False,dl_g_vs_twostage_mlp,spearman,all
URSN,2002,0.15879173671734664,0.11336153534930511,False,dl_g_vs_twostage_mlp,spearman,all
URSN,2003,0.02119734694677349,0.04016588649926359,False,dl_g_vs_twostage_mlp,spearman,all
URSN,2004,0.2287764766498121,0.04016588649926359,False,dl_g_vs_twostage_mlp,spearman,all
URSN,2008,0.7362757657145361,0.12570185136520107,False,dl_g_vs_twostage_mlp,spearman,all
URSN,2009,0.07143613441287323,0.08981685827350276,False,dl_g_vs_twostage_mlp,spearman,all
URSN,2014,-0.03721362229102171,0.04016588649926359,False,dl_g_vs_twostage_mlp,spearman,all
URSN,2015,0.07965187972906003,0.04016588649926359,False,dl_g_vs_twostage_mlp,spearman,all
URSN,2019,0.178092818720617,0.04016588649926359,False,dl_g_vs_twostage_mlp,spearman,all
G2F,2016,0.18085577894406957,0.0685827824303855,False,dl_g_vs_twostage_mlp,sel_diff_f10,all
G2F,2018,-0.016500430661600615,0.07309556192136296,False,dl_g_vs_twostage_mlp,sel_diff_f10,all
G2F,2020,-0.017661800174699777,0.06711848569629277,False,dl_g_vs_twostage_mlp,sel_diff_f10,all
G2F,2022,0.04296003299478855,0.06711848569629277,False,dl_g_vs_twostage_mlp,sel_diff_f10,all
G2F,2024,-0.05437554226013266,0.06711848569629277,False,dl_g_vs_twostage_mlp,sel_diff_f10,all
NUST,2005,0.368699818495579,0.1797406446741676,False,dl_g_vs_twostage_mlp,sel_diff_f10,all
NUST,2006,0.20542537105695532,0.10436885239687625,False,dl_g_vs_twostage_mlp,sel_diff_f10,all
NUST,2007,-0.01692916064581364,0.08691089122901569,False,dl_g_vs_twostage_mlp,sel_diff_f10,all
NUST,2008,0.03450628891076649,0.09893601754719744,False,dl_g_vs_twostage_mlp,sel_diff_f10,all
NUST,2009,0.2293011959730011,0.11923507939005716,False,dl_g_vs_twostage_mlp,sel_diff_f10,all
NUST,2010,0.010152386393203698,0.09109432333823625,False,dl_g_vs_twostage_mlp,sel_diff_f10,all
NUST,2011,0.284614638075941,0.08691089122901569,False,dl_g_vs_twostage_mlp,sel_diff_f10,all
NUST,2012,-0.11666044269715543,0.08691089122901569,False,dl_g_vs_twostage_mlp,sel_diff_f10,all
NUST,2013,-0.03603030718650767,0.08691089122901569,False,dl_g_vs_twostage_mlp,sel_diff_f10,all
NUST,2014,-0.03425842410259607,0.08691089122901569,False,dl_g_vs_twostage_mlp,sel_diff_f10,all
NUST,2015,0.1256844418999838,0.08691089122901569,False,dl_g_vs_twostage_mlp,sel_diff_f10,all
NUST,2016,0.17014389508030028,0.08691089122901569,False,dl_g_vs_twostage_mlp,sel_diff_f10,all
NUST,2017,0.25630175060487276,0.09618843728207006,False,dl_g_vs_twostage_mlp,sel_diff_f10,all
NUST,2019,0.18097404868980077,0.08691089122901569,False,dl_g_vs_twostage_mlp,sel_diff_f10,all
NUST,2020,0.15262379153545602,0.09034177449891784,False,dl_g_vs_twostage_mlp,sel_diff_f10,all
URSN,1999,0.0,0.17355422075634408,True,dl_g_vs_twostage_mlp,sel_diff_f10,all
URSN,2000,0.0,0.17355422075634408,True,dl_g_vs_twostage_mlp,sel_diff_f10,all
URSN,2001,0.0,0.17355422075634408,True,dl_g_vs_twostage_mlp,sel_diff_f10,all
URSN,2002,0.3570887624337929,0.2526030691377779,False,dl_g_vs_twostage_mlp,sel_diff_f10,all
URSN,2003,0.0,0.17355422075634408,True,dl_g_vs_twostage_mlp,sel_diff_f10,all
URSN,2004,0.0,0.17355422075634408,True,dl_g_vs_twostage_mlp,sel_diff_f10,all
URSN,2008,2.700820266766173,0.17355422075634408,False,dl_g_vs_twostage_mlp,sel_diff_f10,all
URSN,2009,0.0,0.17355422075634408,True,dl_g_vs_twostage_mlp,sel_diff_f10,all
URSN,2014,-0.2952456136999274,0.18994071792590278,False,dl_g_vs_twostage_mlp,sel_diff_f10,all
URSN,2015,0.1897389900565789,0.17355422075634408,False,dl_g_vs_twostage_mlp,sel_diff_f10,all
URSN,2019,0.5890835550899329,0.17355422075634408,False,dl_g_vs_twostage_mlp,sel_diff_f10,all
