dataset,target,d,se,n_env,se_zero,contrast,metric,subset
ESWYT,2006,-0.12932853680772027,0.05135714907214153,29,False,H7,sel_diff_f10,all
ESWYT,2007,0.015504555477318856,0.05135714907214153,39,False,H7,sel_diff_f10,all
ESWYT,2008,-0.041889276184092376,0.09262351803105319,22,False,H7,sel_diff_f10,all
ESWYT,2009,-0.00452230985180961,0.06979178424071007,31,False,H7,sel_diff_f10,all
ESWYT,2010,0.009723871948554924,0.05135714907214153,35,False,H7,sel_diff_f10,all
ESWYT,2011,0.07428125923084622,0.05135714907214153,44,False,H7,sel_diff_f10,all
ESWYT,2012,-0.24520102719196551,0.086997428639347,38,False,H7,sel_diff_f10,all
ESWYT,2013,0.006514006370567772,0.06846718625012797,45,False,H7,sel_diff_f10,all
ESWYT,2014,0.06102234916508776,0.05457137978619406,39,False,H7,sel_diff_f10,all
ESWYT,2015,4.4156597570318725e-18,0.05135714907214153,44,False,H7,sel_diff_f10,all
ESWYT,2016,-0.14933364047173997,0.05238492463305175,42,False,H7,sel_diff_f10,all
ESWYT,2017,-0.11947417449984231,0.05135714907214153,43,False,H7,sel_diff_f10,all
GEM_IA,2016,-0.0647098058183534,0.17181963906634368,7,False,H7,sel_diff_f10,all
GEM_IA,2017,-0.22157572289622404,0.18660253455910064,7,False,H7,sel_diff_f10,all
GEM_IA,2018,-0.2878389625369209,0.17181963906634368,9,False,H7,sel_diff_f10,all
GEM_IA,2019,-0.19021423950831767,0.1793616179103229,10,False,H7,sel_diff_f10,all
MU_SOY,2020,0.08079266620141962,0.05477972732241014,11,False,H7,sel_diff_f10,all
ESWYT,2006,-0.08504568451242289,0.015666078719938397,29,False,H7,spearman,all
ESWYT,2007,0.02072991201082055,0.011491765108935945,39,False,H7,spearman,all
ESWYT,2008,0.041960107367442226,0.01990868874052392,22,False,H7,spearman,all
ESWYT,2009,0.023097849575836975,0.02049364707259863,31,False,H7,spearman,all
ESWYT,2010,-0.035099873710562994,0.011899226410057369,35,False,H7,spearman,all
ESWYT,2011,-0.037865074638040376,0.0171767249755906,44,False,H7,spearman,all
ESWYT,2012,-0.013738526592021695,0.017633564789870007,38,False,H7,spearman,all
ESWYT,2013,-0.004852955836150434,0.011491765108935945,45,False,H7,spearman,all
ESWYT,2014,-7.974758216292936e-05,0.011491765108935945,39,False,H7,spearman,all
ESWYT,2015,0.004915175768241665,0.011491765108935945,44,False,H7,spearman,all
ESWYT,2016,0.0032577784788683345,0.011491765108935945,42,False,H7,spearman,all
ESWYT,2017,-0.010770288598642994,0.011491765108935945,43,False,H7,spearman,all
GEM_IA,2016,0.004581738331013584,0.08425346312501883,7,False,H7,spearman,all
GEM_IA,2017,-0.027846920701598592,0.05388736282683551,7,False,H7,spearman,all
GEM_IA,2018,-0.15819278596934927,0.06369313099688129,9,False,H7,spearman,all
GEM_IA,2019,-0.09839578377851335,0.05388736282683551,10,False,H7,spearman,all
MU_SOY,2020,-0.01617574496668914,0.017215581127828002,11,False,H7,spearman,all
ESWYT,2006,-0.2913282106608506,0.1018181463015745,29,False,H7_new,sel_diff_f10,new_only
ESWYT,2007,-0.057831045483851824,0.07177537353103317,39,False,H7_new,sel_diff_f10,new_only
ESWYT,2008,-0.06466024352562666,0.12369627133618157,22,False,H7_new,sel_diff_f10,new_only
ESWYT,2009,0.04262349068004706,0.09034002940059219,31,False,H7_new,sel_diff_f10,new_only
ESWYT,2010,-0.058172687538588695,0.07177537353103317,35,False,H7_new,sel_diff_f10,new_only
ESWYT,2011,-0.12904330604965447,0.07559661249829103,44,False,H7_new,sel_diff_f10,new_only
ESWYT,2012,-0.4817031399837244,0.12136139118659006,38,False,H7_new,sel_diff_f10,new_only
ESWYT,2013,0.019608325128041407,0.07177537353103317,45,False,H7_new,sel_diff_f10,new_only
ESWYT,2014,-0.015176906926458384,0.07177537353103317,39,False,H7_new,sel_diff_f10,new_only
ESWYT,2015,-0.008300330977270802,0.07177537353103317,44,False,H7_new,sel_diff_f10,new_only
ESWYT,2016,-0.14198492646542968,0.07177537353103317,42,False,H7_new,sel_diff_f10,new_only
ESWYT,2017,-0.21446573121632226,0.08748053932650081,43,False,H7_new,sel_diff_f10,new_only
GEM_IA,2016,-0.0647098058183534,0.16923777171682125,7,False,H7_new,sel_diff_f10,new_only
GEM_IA,2017,-0.22157572289622404,0.18193220682600597,7,False,H7_new,sel_diff_f10,new_only
GEM_IA,2018,-0.2878389625369209,0.16923777171682125,9,False,H7_new,sel_diff_f10,new_only
GEM_IA,2019,-0.19021423950831767,0.17336736539933906,10,False,H7_new,sel_diff_f10,new_only
MU_SOY,2020,0.019629759864429032,0.12357763137517203,11,False,H7_new,sel_diff_f10,new_only
ESWYT,2006,-0.17687856401444307,0.024848122475958474,29,False,H7_new,spearman,new_only
ESWYT,2007,0.02281448054921569,0.012727683693784507,39,False,H7_new,spearman,new_only
ESWYT,2008,0.045538678377805654,0.021171666277587833,22,False,H7_new,spearman,new_only
ESWYT,2009,0.025526350427271978,0.02235361051269482,31,False,H7_new,spearman,new_only
ESWYT,2010,-0.022730698430193375,0.012267930860034533,35,False,H7_new,spearman,new_only
ESWYT,2011,-0.030675287966280895,0.015758205931863258,44,False,H7_new,spearman,new_only
ESWYT,2012,-0.010408867980004715,0.019661322348182568,38,False,H7_new,spearman,new_only
ESWYT,2013,-0.007706298530428862,0.012267930860034533,45,False,H7_new,spearman,new_only
ESWYT,2014,-0.0009989589072988492,0.012267930860034533,39,False,H7_new,spearman,new_only
ESWYT,2015,0.005077603055053301,0.012267930860034533,44,False,H7_new,spearman,new_only
ESWYT,2016,0.005410351106469821,0.012267930860034533,42,False,H7_new,spearman,new_only
ESWYT,2017,-0.011952990695117256,0.012267930860034533,43,False,H7_new,spearman,new_only
GEM_IA,2016,0.004581738331013584,0.08360037951009418,7,False,H7_new,spearman,new_only
GEM_IA,2017,-0.027846920701598592,0.05387872678449912,7,False,H7_new,spearman,new_only
GEM_IA,2018,-0.15819278596934927,0.06512657312519694,9,False,H7_new,spearman,new_only
GEM_IA,2019,-0.09839578377851335,0.05387872678449912,10,False,H7_new,spearman,new_only
MU_SOY,2020,-0.0018159826163324775,0.02020047363097223,11,False,H7_new,spearman,new_only
ESWYT,2006,-0.011505426559357938,0.06841344525570783,29,False,FW_vs_CELL,sel_diff_f10,all
ESWYT,2007,-8.451216934245983e-19,0.06841344525570783,39,False,FW_vs_CELL,sel_diff_f10,all
ESWYT,2008,0.0182581704089976,0.07695134082733353,22,False,FW_vs_CELL,sel_diff_f10,all
ESWYT,2009,0.12612936622679813,0.09069604337684896,31,False,FW_vs_CELL,sel_diff_f10,all
ESWYT,2010,0.012983951727578926,0.06841344525570783,35,False,FW_vs_CELL,sel_diff_f10,all
ESWYT,2011,-0.061928553524004754,0.06841344525570783,44,False,FW_vs_CELL,sel_diff_f10,all
ESWYT,2012,-0.13209894942633857,0.07358479119320326,38,False,FW_vs_CELL,sel_diff_f10,all
ESWYT,2013,0.0,0.06841344525570783,45,True,FW_vs_CELL,sel_diff_f10,all
ESWYT,2014,0.0,0.06841344525570783,39,True,FW_vs_CELL,sel_diff_f10,all
ESWYT,2015,0.0,0.06841344525570783,44,True,FW_vs_CELL,sel_diff_f10,all
ESWYT,2016,0.0,0.06841344525570783,42,True,FW_vs_CELL,sel_diff_f10,all
ESWYT,2017,0.0,0.06841344525570783,43,True,FW_vs_CELL,sel_diff_f10,all
GEM_IA,2016,0.01646949036004331,0.17229507638755828,7,False,FW_vs_CELL,sel_diff_f10,all
GEM_IA,2017,-0.22680655239678035,0.17914083851510493,7,False,FW_vs_CELL,sel_diff_f10,all
GEM_IA,2018,-0.2878389625369209,0.17229507638755828,9,False,FW_vs_CELL,sel_diff_f10,all
GEM_IA,2019,-0.21927940005423618,0.18029496874438136,10,False,FW_vs_CELL,sel_diff_f10,all
MU_SOY,2020,0.0,0.07695134082733353,11,True,FW_vs_CELL,sel_diff_f10,all
ESWYT,2006,-0.11462787352082048,0.02014792610149821,29,False,FW_vs_CELL,spearman,all
ESWYT,2007,-0.01033657820422795,0.013189975299968446,39,False,FW_vs_CELL,spearman,all
ESWYT,2008,0.0019800031674475286,0.013189975299968446,22,False,FW_vs_CELL,spearman,all
ESWYT,2009,0.05085317982773757,0.016591091449914382,31,False,FW_vs_CELL,spearman,all
ESWYT,2010,-0.023574777642076893,0.013189975299968446,35,False,FW_vs_CELL,spearman,all
ESWYT,2011,-0.027546563770936318,0.013189975299968446,44,False,FW_vs_CELL,spearman,all
ESWYT,2012,-0.04844966198081515,0.014859796568858365,38,False,FW_vs_CELL,spearman,all
ESWYT,2013,0.0,0.013189975299968446,45,True,FW_vs_CELL,spearman,all
ESWYT,2014,0.0,0.013189975299968446,39,True,FW_vs_CELL,spearman,all
ESWYT,2015,0.0,0.013189975299968446,44,True,FW_vs_CELL,spearman,all
ESWYT,2016,0.0,0.013189975299968446,42,True,FW_vs_CELL,spearman,all
ESWYT,2017,0.0,0.013189975299968446,43,True,FW_vs_CELL,spearman,all
GEM_IA,2016,0.05541217972325877,0.08131526713070047,7,False,FW_vs_CELL,spearman,all
GEM_IA,2017,-0.028158673391557452,0.05393987343728209,7,False,FW_vs_CELL,spearman,all
GEM_IA,2018,-0.15819278596934927,0.06388583843417157,9,False,FW_vs_CELL,spearman,all
GEM_IA,2019,-0.10670586181023581,0.05393987343728209,10,False,FW_vs_CELL,spearman,all
MU_SOY,2020,0.0,0.016591091449914382,11,True,FW_vs_CELL,spearman,all
ESWYT,2006,-0.018093837479597134,0.04854444070144343,29,False,CV_vs_CELL,sel_diff_f10,all
ESWYT,2007,-8.451216934245983e-19,0.04854444070144343,39,False,CV_vs_CELL,sel_diff_f10,all
ESWYT,2008,0.0,0.04854444070144343,22,True,CV_vs_CELL,sel_diff_f10,all
ESWYT,2009,-0.028406656160230467,0.04854444070144343,31,False,CV_vs_CELL,sel_diff_f10,all
ESWYT,2010,0.05761360308408438,0.06010904866291521,35,False,CV_vs_CELL,sel_diff_f10,all
ESWYT,2011,0.09296448487991117,0.06826854383076311,44,False,CV_vs_CELL,sel_diff_f10,all
ESWYT,2012,0.0,0.04854444070144343,38,True,CV_vs_CELL,sel_diff_f10,all
ESWYT,2013,0.0,0.04854444070144343,45,True,CV_vs_CELL,sel_diff_f10,all
ESWYT,2014,0.0,0.04854444070144343,39,True,CV_vs_CELL,sel_diff_f10,all
ESWYT,2015,0.0,0.04854444070144343,44,True,CV_vs_CELL,sel_diff_f10,all
ESWYT,2016,0.0,0.04854444070144343,42,True,CV_vs_CELL,sel_diff_f10,all
ESWYT,2017,0.0,0.04854444070144343,43,True,CV_vs_CELL,sel_diff_f10,all
GEM_IA,2016,-0.02093416287611744,0.083506383243005,7,False,CV_vs_CELL,sel_diff_f10,all
GEM_IA,2017,-0.8120703866678463,0.23473182494408867,7,False,CV_vs_CELL,sel_diff_f10,all
GEM_IA,2018,-0.06264089371769745,0.083506383243005,9,False,CV_vs_CELL,sel_diff_f10,all
GEM_IA,2019,-0.30989332331855796,0.12333724053739385,10,False,CV_vs_CELL,sel_diff_f10,all
MU_SOY,2020,0.0,0.04854444070144343,11,True,CV_vs_CELL,sel_diff_f10,all
ESWYT,2006,-0.09105128269205147,0.017519518540281595,29,False,CV_vs_CELL,spearman,all
ESWYT,2007,-0.01033657820422795,0.009611459257775004,39,False,CV_vs_CELL,spearman,all
ESWYT,2008,0.0,0.009611459257775004,22,True,CV_vs_CELL,spearman,all
ESWYT,2009,-0.009024530538943764,0.010342981762732937,31,False,CV_vs_CELL,spearman,all
ESWYT,2010,-0.005204985883670753,0.009611459257775004,35,False,CV_vs_CELL,spearman,all
ESWYT,2011,-0.02275165348743927,0.009611459257775004,44,False,CV_vs_CELL,spearman,all
ESWYT,2012,0.0,0.009611459257775004,38,True,CV_vs_CELL,spearman,all
ESWYT,2013,0.0,0.009611459257775004,45,True,CV_vs_CELL,spearman,all
ESWYT,2014,0.0,0.009611459257775004,39,True,CV_vs_CELL,spearman,all
ESWYT,2015,0.0,0.009611459257775004,44,True,CV_vs_CELL,spearman,all
ESWYT,2016,0.0,0.009611459257775004,42,True,CV_vs_CELL,spearman,all
ESWYT,2017,0.0,0.009611459257775004,43,True,CV_vs_CELL,spearman,all
GEM_IA,2016,0.015014670297021008,0.0226726057241021,7,False,CV_vs_CELL,spearman,all
GEM_IA,2017,-0.2009109583902092,0.061180416273577516,7,False,CV_vs_CELL,spearman,all
GEM_IA,2018,-0.0069770051763857165,0.0226726057241021,9,False,CV_vs_CELL,spearman,all
GEM_IA,2019,-0.07484539108670614,0.025768145077413263,10,False,CV_vs_CELL,spearman,all
MU_SOY,2020,0.0,0.013836751530177452,11,True,CV_vs_CELL,spearman,all
ESWYT,2006,0.007462978741509848,0.050396135612370614,29,False,EQ_vs_CELL,sel_diff_f10,all
ESWYT,2007,0.015504555477318868,0.050396135612370614,39,False,EQ_vs_CELL,sel_diff_f10,all
ESWYT,2008,-0.10529096679600235,0.12112279608336073,22,False,EQ_vs_CELL,sel_diff_f10,all
ESWYT,2009,0.09424619094830772,0.07528086756000181,31,False,EQ_vs_CELL,sel_diff_f10,all
ESWYT,2010,0.00972387194855492,0.050396135612370614,35,False,EQ_vs_CELL,sel_diff_f10,all
ESWYT,2011,-0.02193618403969884,0.050396135612370614,44,False,EQ_vs_CELL,sel_diff_f10,all
ESWYT,2012,-0.04410825287273238,0.07493277896875954,38,False,EQ_vs_CELL,sel_diff_f10,all
ESWYT,2013,-0.0961514118244589,0.050396135612370614,45,False,EQ_vs_CELL,sel_diff_f10,all
ESWYT,2014,-0.01630807973043896,0.057968211579948144,39,False,EQ_vs_CELL,sel_diff_f10,all
ESWYT,2015,-0.10282164766172384,0.051333438109215895,44,False,EQ_vs_CELL,sel_diff_f10,all
ESWYT,2016,-0.09815351251037885,0.050396135612370614,42,False,EQ_vs_CELL,sel_diff_f10,all
ESWYT,2017,-0.20315729850747244,0.055019898358801084,43,False,EQ_vs_CELL,sel_diff_f10,all
GEM_IA,2016,0.12015119300293937,0.07477968526195555,7,False,EQ_vs_CELL,sel_diff_f10,all
GEM_IA,2017,-0.09268077523831057,0.14976067812132618,7,False,EQ_vs_CELL,sel_diff_f10,all
GEM_IA,2018,-0.016395656816994095,0.07477968526195555,9,False,EQ_vs_CELL,sel_diff_f10,all
GEM_IA,2019,0.07297050497098076,0.09172207870880505,10,False,EQ_vs_CELL,sel_diff_f10,all
MU_SOY,2020,0.06236266300945692,0.04700497719846352,11,False,EQ_vs_CELL,sel_diff_f10,all
ESWYT,2006,-0.031221219976526667,0.009966934679624544,29,False,EQ_vs_CELL,spearman,all
ESWYT,2007,0.005135041817996599,0.009966934679624544,39,False,EQ_vs_CELL,spearman,all
ESWYT,2008,0.014999350875859706,0.015450211123554183,22,False,EQ_vs_CELL,spearman,all
ESWYT,2009,0.024402481500716645,0.011717890441521592,31,False,EQ_vs_CELL,spearman,all
ESWYT,2010,0.004554911339543631,0.009966934679624544,35,False,EQ_vs_CELL,spearman,all
ESWYT,2011,-0.017038819265092656,0.012113898764117913,44,False,EQ_vs_CELL,spearman,all
ESWYT,2012,-0.017169849588933153,0.012087234025449468,38,False,EQ_vs_CELL,spearman,all
ESWYT,2013,0.0029352847595304748,0.009966934679624544,45,False,EQ_vs_CELL,spearman,all
ESWYT,2014,-0.008368195990665633,0.009966934679624544,39,False,EQ_vs_CELL,spearman,all
ESWYT,2015,0.013186675562841898,0.010375508381633432,44,False,EQ_vs_CELL,spearman,all
ESWYT,2016,-0.01377313142468208,0.009982190172072506,42,False,EQ_vs_CELL,spearman,all
ESWYT,2017,-0.014286390452780908,0.009966934679624544,43,False,EQ_vs_CELL,spearman,all
GEM_IA,2016,0.022219315277161367,0.015022706978128332,7,False,EQ_vs_CELL,spearman,all
GEM_IA,2017,-0.0040516223195679185,0.015022706978128332,7,False,EQ_vs_CELL,spearman,all
GEM_IA,2018,-0.03994031268167388,0.015220771180421753,9,False,EQ_vs_CELL,spearman,all
GEM_IA,2019,-0.03355895073924141,0.02393951664195348,10,False,EQ_vs_CELL,spearman,all
MU_SOY,2020,-0.010237076419137642,0.022629693452761064,11,False,EQ_vs_CELL,spearman,all
ESWYT,2006,-0.004892198866247942,0.020078168847684486,29,False,STK_CV_vs_CELL,sel_diff_f10,all
ESWYT,2007,0.015504555477318856,0.051155562250967505,39,False,STK_CV_vs_CELL,sel_diff_f10,all
ESWYT,2008,4.336808689942018e-18,0.020078168847684486,22,False,STK_CV_vs_CELL,sel_diff_f10,all
ESWYT,2009,0.0,0.020078168847684486,31,False,STK_CV_vs_CELL,sel_diff_f10,all
ESWYT,2010,0.07227989204311602,0.033288462954186526,35,False,STK_CV_vs_CELL,sel_diff_f10,all
ESWYT,2011,-0.02073821803151976,0.04871771621063376,44,False,STK_CV_vs_CELL,sel_diff_f10,all
ESWYT,2012,-0.12112147261448496,0.059723194103908146,38,False,STK_CV_vs_CELL,sel_diff_f10,all
ESWYT,2013,-2.0045693500176436e-18,0.020078168847684486,45,False,STK_CV_vs_CELL,sel_diff_f10,all
ESWYT,2014,0.04677864127503306,0.041143615601056886,39,False,STK_CV_vs_CELL,sel_diff_f10,all
ESWYT,2015,-9.343851450147802e-18,0.020078168847684486,44,False,STK_CV_vs_CELL,sel_diff_f10,all
ESWYT,2016,-0.10326006066768867,0.025970915282379808,42,False,STK_CV_vs_CELL,sel_diff_f10,all
ESWYT,2017,-0.00014010473615589736,0.020078168847684486,43,False,STK_CV_vs_CELL,sel_diff_f10,all
GEM_IA,2016,-0.016682275505101006,0.06656721940309829,7,False,STK_CV_vs_CELL,sel_diff_f10,all
GEM_IA,2017,-0.01992986268276626,0.09363349426689399,7,False,STK_CV_vs_CELL,sel_diff_f10,all
GEM_IA,2018,-0.022990096315495704,0.08296822778011248,9,False,STK_CV_vs_CELL,sel_diff_f10,all
GEM_IA,2019,-0.07817606381627562,0.06656721940309829,10,False,STK_CV_vs_CELL,sel_diff_f10,all
MU_SOY,2020,0.08659306105429321,0.04411027752925849,11,False,STK_CV_vs_CELL,sel_diff_f10,all
ESWYT,2006,-0.06855767160680214,0.017483953259202614,29,False,STK_CV_vs_CELL,spearman,all
ESWYT,2007,0.003500068353993043,0.008607632155245213,39,False,STK_CV_vs_CELL,spearman,all
ESWYT,2008,-0.0013304940165137626,0.008607632155245213,22,False,STK_CV_vs_CELL,spearman,all
ESWYT,2009,0.012166213567549992,0.011721741228990185,31,False,STK_CV_vs_CELL,spearman,all
ESWYT,2010,-0.03624404003457762,0.008607632155245213,35,False,STK_CV_vs_CELL,spearman,all
ESWYT,2011,-0.01305326517184842,0.01030913882232903,44,False,STK_CV_vs_CELL,spearman,all
ESWYT,2012,-0.014944958090111883,0.011457161119250879,38,False,STK_CV_vs_CELL,spearman,all
ESWYT,2013,-0.0022398219166838104,0.008607632155245213,45,False,STK_CV_vs_CELL,spearman,all
ESWYT,2014,0.008948256478954851,0.008607632155245213,39,False,STK_CV_vs_CELL,spearman,all
ESWYT,2015,0.013814706844922826,0.00871994261117527,44,False,STK_CV_vs_CELL,spearman,all
ESWYT,2016,0.004566528633878979,0.009148961546046079,42,False,STK_CV_vs_CELL,spearman,all
ESWYT,2017,-0.006079396587597705,0.008607632155245213,43,False,STK_CV_vs_CELL,spearman,all
GEM_IA,2016,0.01639595008292181,0.017388728667597917,7,False,STK_CV_vs_CELL,spearman,all
GEM_IA,2017,-0.0013316102598278842,0.017567677533839577,7,False,STK_CV_vs_CELL,spearman,all
GEM_IA,2018,-0.02613469995578936,0.017388728667597917,9,False,STK_CV_vs_CELL,spearman,all
GEM_IA,2019,-0.0566113745532706,0.023647864025112084,10,False,STK_CV_vs_CELL,spearman,all
MU_SOY,2020,0.0022263631267307464,0.015433669312574992,11,False,STK_CV_vs_CELL,spearman,all
ESWYT,2006,0.006160844429840159,0.05812438048891759,29,False,Oracle_vs_CELL,sel_diff_f10,all
ESWYT,2007,0.1423238174122354,0.10960906015914605,39,False,Oracle_vs_CELL,sel_diff_f10,all
ESWYT,2008,0.16587451343227022,0.09174675664089631,22,False,Oracle_vs_CELL,sel_diff_f10,all
ESWYT,2009,0.12612936622679813,0.08782818839113807,31,False,Oracle_vs_CELL,sel_diff_f10,all
ESWYT,2010,0.040085962329903496,0.05812438048891759,35,False,Oracle_vs_CELL,sel_diff_f10,all
ESWYT,2011,0.0,0.05812438048891759,44,True,Oracle_vs_CELL,sel_diff_f10,all
ESWYT,2012,0.13446441372744672,0.07171205531649466,38,False,Oracle_vs_CELL,sel_diff_f10,all
ESWYT,2013,0.0,0.05812438048891759,45,True,Oracle_vs_CELL,sel_diff_f10,all
ESWYT,2014,-0.04545979321851119,0.05812438048891759,39,False,Oracle_vs_CELL,sel_diff_f10,all
ESWYT,2015,-9.343851450147802e-18,0.05812438048891759,44,False,Oracle_vs_CELL,sel_diff_f10,all
ESWYT,2016,-0.10594548372690307,0.06236477474391201,42,False,Oracle_vs_CELL,sel_diff_f10,all
ESWYT,2017,-0.0489090403355354,0.05812438048891759,43,False,Oracle_vs_CELL,sel_diff_f10,all
GEM_IA,2016,0.13066538488100357,0.1967555731989355,7,False,Oracle_vs_CELL,sel_diff_f10,all
GEM_IA,2017,-0.016578971573176036,0.11914941453701793,7,False,Oracle_vs_CELL,sel_diff_f10,all
GEM_IA,2018,0.13848736214493598,0.11914941453701793,9,False,Oracle_vs_CELL,sel_diff_f10,all
GEM_IA,2019,0.0,0.11914941453701793,10,True,Oracle_vs_CELL,sel_diff_f10,all
MU_SOY,2020,-0.007714963238235776,0.04316999855959687,11,False,Oracle_vs_CELL,sel_diff_f10,all
ESWYT,2006,0.004710656335497299,0.01603879009327006,29,False,Oracle_vs_CELL,spearman,all
ESWYT,2007,0.012387467459435095,0.02479503499252178,39,False,Oracle_vs_CELL,spearman,all
ESWYT,2008,0.08404572777292672,0.03839218279547032,22,False,Oracle_vs_CELL,spearman,all
ESWYT,2009,0.05085317982773757,0.017112008189259436,31,False,Oracle_vs_CELL,spearman,all
ESWYT,2010,0.0048603513713726815,0.01603879009327006,35,False,Oracle_vs_CELL,spearman,all
ESWYT,2011,0.0,0.01603879009327006,44,True,Oracle_vs_CELL,spearman,all
ESWYT,2012,0.02246306545287828,0.024665440800233744,38,False,Oracle_vs_CELL,spearman,all
ESWYT,2013,0.0,0.01603879009327006,45,True,Oracle_vs_CELL,spearman,all
ESWYT,2014,0.007025609324754878,0.018695198720138403,39,False,Oracle_vs_CELL,spearman,all
ESWYT,2015,0.018850532290750736,0.01603879009327006,44,False,Oracle_vs_CELL,spearman,all
ESWYT,2016,0.017336839998985193,0.01603879009327006,42,False,Oracle_vs_CELL,spearman,all
ESWYT,2017,0.00574621190451874,0.01603879009327006,43,False,Oracle_vs_CELL,spearman,all
GEM_IA,2016,0.10896381993716896,0.06221639073941284,7,False,Oracle_vs_CELL,spearman,all
GEM_IA,2017,0.24845610770408078,0.09768715576307162,7,False,Oracle_vs_CELL,spearman,all
GEM_IA,2018,0.006599645640199586,0.06221639073941284,8,False,Oracle_vs_CELL,spearman,all
GEM_IA,2019,0.0,0.06221639073941284,10,True,Oracle_vs_CELL,spearman,all
MU_SOY,2020,0.03133741318810644,0.010198659212529859,11,False,Oracle_vs_CELL,spearman,all
ESWYT,2006,0.0,0.04094722488875665,29,True,cell_vs_two_stage_reml,sel_diff_f10,all
ESWYT,2007,-0.015504555477318856,0.05046643722891364,39,False,cell_vs_two_stage_reml,sel_diff_f10,all
ESWYT,2008,-0.0182581704089976,0.07751304634613414,22,False,cell_vs_two_stage_reml,sel_diff_f10,all
ESWYT,2009,0.03179418336070016,0.047440594654403964,31,False,cell_vs_two_stage_reml,sel_diff_f10,all
ESWYT,2010,-0.009723871948554933,0.04094722488875665,35,False,cell_vs_two_stage_reml,sel_diff_f10,all
ESWYT,2011,-0.08070778019757459,0.05282050029873972,44,False,cell_vs_two_stage_reml,sel_diff_f10,all
ESWYT,2012,0.02719827893696928,0.06022561286246369,38,False,cell_vs_two_stage_reml,sel_diff_f10,all
ESWYT,2013,0.08139879216748791,0.04094722488875665,45,False,cell_vs_two_stage_reml,sel_diff_f10,all
ESWYT,2014,0.06308672100547202,0.04094722488875665,39,False,cell_vs_two_stage_reml,sel_diff_f10,all
ESWYT,2015,-0.010310261400346509,0.04094722488875665,44,False,cell_vs_two_stage_reml,sel_diff_f10,all
ESWYT,2016,-1.6686387721300715e-17,0.04094722488875665,42,False,cell_vs_two_stage_reml,sel_diff_f10,all
ESWYT,2017,0.0489090403355354,0.04094722488875665,43,False,cell_vs_two_stage_reml,sel_diff_f10,all
GEM_IA,2016,-0.08197949821290791,0.05000031911641381,7,False,cell_vs_two_stage_reml,sel_diff_f10,all
GEM_IA,2017,0.05066942958805189,0.05000031911641381,7,False,cell_vs_two_stage_reml,sel_diff_f10,all
GEM_IA,2018,0.07755732643038013,0.053394722362273474,9,False,cell_vs_two_stage_reml,sel_diff_f10,all
GEM_IA,2019,0.30989332331855796,0.1246495140002412,10,False,cell_vs_two_stage_reml,sel_diff_f10,all
MU_SOY,2020,0.007714963238235776,0.044727860188050216,11,False,cell_vs_two_stage_reml,sel_diff_f10,all
ESWYT,2006,-0.004562518701137887,0.0046630468280799055,29,False,cell_vs_two_stage_reml,spearman,all
ESWYT,2007,-0.0022956241678260005,0.0046630468280799055,39,False,cell_vs_two_stage_reml,spearman,all
ESWYT,2008,-0.0019800031674475286,0.011296876096994132,22,False,cell_vs_two_stage_reml,spearman,all
ESWYT,2009,0.0003203505487189687,0.0046630468280799055,31,False,cell_vs_two_stage_reml,spearman,all
ESWYT,2010,-0.0022940177123918644,0.0046630468280799055,35,False,cell_vs_two_stage_reml,spearman,all
ESWYT,2011,0.00891932743118929,0.006185007120137658,44,False,cell_vs_two_stage_reml,spearman,all
ESWYT,2012,0.007512453862268439,0.005316136863646063,38,False,cell_vs_two_stage_reml,spearman,all
ESWYT,2013,0.016321511971195198,0.0046630468280799055,45,False,cell_vs_two_stage_reml,spearman,all
ESWYT,2014,-0.0025571138466248026,0.004675196114074556,39,False,cell_vs_two_stage_reml,spearman,all
ESWYT,2015,-6.86445934649836e-05,0.005603549648198354,44,False,cell_vs_two_stage_reml,spearman,all
ESWYT,2016,0.007845846194908565,0.0057428621242793555,42,False,cell_vs_two_stage_reml,spearman,all
ESWYT,2017,-0.00574621190451874,0.0046630468280799055,43,False,cell_vs_two_stage_reml,spearman,all
GEM_IA,2016,0.06237282058426378,0.03088753519719749,7,False,cell_vs_two_stage_reml,spearman,all
GEM_IA,2017,0.029383680149858007,0.015796817719757238,7,False,cell_vs_two_stage_reml,spearman,all
GEM_IA,2018,0.011105158054211452,0.015796817719757238,9,False,cell_vs_two_stage_reml,spearman,all
GEM_IA,2019,0.07484539108670614,0.02667699751765798,10,False,cell_vs_two_stage_reml,spearman,all
MU_SOY,2020,-0.03133741318810644,0.010258969929800719,11,False,cell_vs_two_stage_reml,spearman,all
