contrast,target_years,level,resolution,est,dl_lo,dl_hi,dl_verdict,tau2,hk_lo,hk_hi,hk_verdict,verdict_changed
Benchmark: Two-stage GBLUP − cell-level GBLUP,48,0.95,0.0087,-0.012468268594645924,-0.01941634060613081,-0.005520196583161038,resolved loss,0.00032646699759705946,-0.021000727154586514,-0.003935810034705334,resolved loss,False
Benchmark: Random forest − cell-level GBLUP,48,0.95,0.0087,-0.02573805844412503,-0.04020822019987964,-0.011267896688370414,resolved loss,0.001533903585997492,-0.04111875665943519,-0.01035736022881487,resolved loss,False
Benchmark: Gradient boosting − cell-level GBLUP,46,0.95,0.0087,-0.04125634834781979,-0.05807488849096744,-0.024437808204672146,resolved loss,0.002370496560143439,-0.0626656168302346,-0.01984707986540499,resolved loss,False
Benchmark: Multilayer perceptron − cell-level GBLUP,48,0.95,0.0087,-0.08853517594572292,-0.10997335523720271,-0.06709699665424314,resolved loss,0.00427412729042114,-0.11848895486183711,-0.058581397029608746,resolved loss,False
Benchmark: Covariate LightGBM − cell-level GBLUP,16,0.95,0.0087,-0.036097995485258105,-0.07174901318392368,-0.00044697778659252146,resolved loss,0.003001831949068055,-0.08822383110311803,0.01602784013260182,tied,True
Benchmark: Covariate reaction-norm ridge − cell-level GBLUP,16,0.95,0.0087,-0.019640827670037355,-0.04434930921985128,0.005067653879776566,tied,0.0013321155703570472,-0.04980394954825751,0.010522294208182795,tied,False
Benchmark: Within-environment-loss network − cell-level GBLUP,31,0.95,0.0087,-0.008365710227044274,-0.017843363004803003,0.0011119425507144544,tied,0.0003882631342322313,-0.018461517950672017,0.0017300974965834687,tied,False
Benchmark: Stacking on the forward history − cell-level GBLUP,48,0.95,0.0087,-0.0024693838960231076,-0.011570804990919989,0.006632037198873773,tied,0.0007098043333773258,-0.01249683892091761,0.007558071128871395,tied,False
Benchmark: Best method in hindsight − cell-level GBLUP,48,0.95,0.0087,0.01864795656501474,0.010061567268558917,0.02723434586147056,resolved gain,0.0003089900034532456,0.009262956683191307,0.028032956446838175,resolved gain,False
Sparse 25 %: M×E − main-effect GBLUP,46,0.95,0.0103198252414311,0.018699457888536258,0.013561715715865248,0.023837200061207268,resolved gain,0.00017916525855069782,0.012772462152535847,0.02462645362453667,resolved gain,False
Sparse 50 %: M×E − main-effect GBLUP,36,0.95,0.0140423218033941,0.0349442000154711,0.025343213498329294,0.0445451865326129,resolved gain,0.0004943374141975525,0.023465987826012197,0.04642241220493,resolved gain,False
Sparse 25 %: learned environment correlation − M×E,46,0.95,0.0103198252414311,7.008557422788412e-05,-0.0029081026286554767,0.003048273777111245,tied,2.5442040921466287e-05,-0.0030411629962670693,0.0031813341447228375,tied,False
Sparse 25 %: stacking with LightGBM − M×E,46,0.9833333333333333,0.010319825241431135,-0.002765950504887408,-0.006129912013311934,0.0005980110035371184,tied,3.8516449195740366e-05,-0.00634869614389068,0.0008167951341158642,tied,False
Sparse 25 %: residual network − M×E,46,0.975,0.010319825241431135,-0.001440352156663665,-0.004669879476690245,0.0017891751633629148,tied,4.1345412389052504e-05,-0.0060221202627495155,0.003141415949422186,tied,False
Sparse 25 %: covariate environment correlation − M×E,14,0.95,0.015028770060469153,-0.0011868669554573768,-0.0040369197833430535,0.0016631858724282995,tied,1.1581869732064705e-05,-0.004714099746078544,0.0023403658351637898,tied,False
Old lines: own-history residual,19,0.95,0.0256936342343242,0.0010021849651130799,-0.003129335267130161,0.005133705197356321,tied,3.594232703653719e-05,-0.004304308720380115,0.006308678650606275,tied,False
Old lines: line × location history,18,0.975,0.026578871697687526,0.011516882894298808,0.0035429868850888127,0.019490778903508803,"detectable, below resolution",6.546308119226735e-05,0.0028440152795672843,0.02018975050903033,"detectable, below resolution",False
Same-season silking dates,4,0.95,0.01427729931021286,0.00048718111488049726,-0.0034999727702708632,0.004474335000031858,tied,0.0,-0.005322188007867448,0.006296550237628443,tied,False
CLAC − cell-level GBLUP,5,0.975,0.01319832550268359,0.05957898878617094,0.037434283996428494,0.08172369357591339,resolved gain,0.0,0.029728670709389636,0.08942930686295225,resolved gain,False
"CLAC ablation, loss: linear kernel",5,0.99,0.01295343549437951,0.02265422916122359,0.0022323226981368523,0.04307613562431033,resolved gain,0.00028031583592539916,-0.018145124909792417,0.0634535832322396,tied,True
"CLAC ablation, loss: single main effect",5,0.9875,0.01295343549437951,0.03239486076413546,-0.02026250179384207,0.08505222332211299,tied,0.001765866999121999,-0.05739457547012454,0.12218429699839546,tied,False
"CLAC ablation, loss: equal weights",5,0.95,0.01295343549437951,-0.000826621328540518,-0.016881467886081702,0.015228225229000667,tied,0.0,-0.021222281250104058,0.019569038593023023,tied,False
"CLAC ablation, loss: no phenotype cleaning",5,0.975,0.01295343549437951,0.0004685220398125004,-0.003762353798992565,0.004699397878617566,tied,1.0892730864668492e-05,-0.006254520616352775,0.0071915646959777755,tied,False
"CLAC ablation, loss: no spatial adjustment",5,0.9833333333333333,0.01295343549437951,-2.4489944496893397e-05,-0.00021524081462771124,0.00016626092563392446,tied,9.147266594305121e-09,-0.000356579562603499,0.0003075996736097122,tied,False
Kernel transfer: all six datasets,48,0.95,0.0087171741471576,0.0036233434820667886,-0.0002204291078575244,0.007467116071991102,tied,0.00012734803376070072,-0.0009725526275244142,0.008219239591657991,tied,False
Kernel transfer: G2F,5,0.95,0.0129534354943795,0.03418115703421333,0.02140156001377566,0.046960754054651,resolved gain,2.6847832377986882e-05,0.01607174489008598,0.052290569178340685,resolved gain,False
Kernel transfer: NUST,15,0.95,0.0165799003956264,0.004148697540071119,-0.0007192266424887479,0.009016621722630985,tied,5.4625389237081314e-05,-0.0011162108333243837,0.00941360591346662,tied,False
Kernel transfer: URSN,11,0.95,0.0991227900682634,0.003181123906800125,-0.007847330614716758,0.014209578428317009,tied,0.00024386258417553397,-0.009285574696461373,0.015647822510061624,tied,False
Kernel transfer: ESWYT,12,0.95,0.0200791338637447,-0.00038935818865918134,-0.005806375108954351,0.005027658731635988,tied,6.805373348023034e-05,-0.006505549021316688,0.005726832643998325,tied,False
Kernel transfer: GEM_IA,4,0.95,0.0360063376731948,-0.005705575171242959,-0.03247451955351547,0.021063369211029553,tied,0.0006852828482865026,-0.05311423952219986,0.04170308917971394,tied,False
Kernel transfer: MU_SOY,1,0.95,0.0692082494998187,0.0056299876872098,-0.009744428364907971,0.021004403739327573,tied,0.0,,,n/a (one target year),False
