analysis,dataset,target_years,cells,resolution,est,lo,hi,verdict
Sparse 25 %: M×E − main-effect GBLUP,G2F,5,39298,0.015133383247423901,0.03892162737054387,0.021719472902836254,0.05612378183825148,resolved gain
Sparse 25 %: M×E − main-effect GBLUP,NUST,15,21693,0.020368612524131528,0.02794024991608561,0.018610559713328555,0.037269940118842666,resolved gain
Sparse 25 %: M×E − main-effect GBLUP,URSN,9,549,0.12803687993289598,8.240854878159584e-05,-0.011275371547951865,0.011440188645515057,tied
Sparse 25 %: M×E − main-effect GBLUP,ESWYT,12,16628,0.02326490303557595,0.009169785484904982,0.003716253365117222,0.014623317604692742,"detectable, below resolution"
Sparse 25 %: M×E − main-effect GBLUP,GEM_IA,4,4894,0.0428834060459159,0.022397663431798158,0.0014411114726195912,0.043354215390976725,"detectable, below resolution"
Sparse 25 %: M×E − main-effect GBLUP,MU_SOY,1,1446,0.07889275245573255,0.026639810216773002,0.017516219429559943,0.03576340100398606,"detectable, below resolution"
Sparse 50 %: M×E − main-effect GBLUP,G2F,5,25694,0.01871567068272123,0.047988755073926116,0.027914925264940032,0.0680625848829122,resolved gain
Sparse 50 %: M×E − main-effect GBLUP,NUST,15,10680,0.029029237489356884,0.06450806538165817,0.046484056169687545,0.0825320745936288,resolved gain
Sparse 50 %: M×E − main-effect GBLUP,URSN,2,114,0.2809757434745082,0.00378787878787875,-0.005294289175342708,0.012870046751100208,tied
Sparse 50 %: M×E − main-effect GBLUP,ESWYT,9,5100,0.042008402520840295,0.0092384405282873,0.0023500509675909347,0.016126830088983666,"detectable, below resolution"
Sparse 50 %: M×E − main-effect GBLUP,GEM_IA,4,3212,0.052933850493043916,0.04094373251535344,0.00593285557213101,0.07595460945857586,"detectable, below resolution"
Sparse 50 %: M×E − main-effect GBLUP,MU_SOY,1,842,0.10338682751933664,0.0319471857180736,0.008626216052564868,0.055268155383582325,"detectable, below resolution"
Benchmark: Two-stage GBLUP − cell-level GBLUP,G2F,5,53638,0.01295343549437951,-0.009343760374543462,-0.04180408034508787,0.02311655959600094,tied
Benchmark: Two-stage GBLUP − cell-level GBLUP,NUST,15,32740,0.016579900395626457,-0.036368946295559555,-0.048777925444562234,-0.023959967146556873,resolved loss
Benchmark: Two-stage GBLUP − cell-level GBLUP,URSN,11,916,0.09912279006826347,0.0017882129808077557,-0.028076553604368667,0.03165297956598418,tied
Benchmark: Two-stage GBLUP − cell-level GBLUP,ESWYT,12,22323,0.020079133863744793,-0.0016991130340821422,-0.0057441264260826505,0.0023459003579183665,tied
Benchmark: Two-stage GBLUP − cell-level GBLUP,GEM_IA,4,6942,0.03600633767319481,-0.037149145015530204,-0.06448216069867876,-0.009816129332381636,resolved loss
Benchmark: Two-stage GBLUP − cell-level GBLUP,MU_SOY,1,1879,0.06920824949981877,0.0313374131881064,0.010511801049926502,0.0521630253262863,"detectable, below resolution"
"Benchmark: Two-stage ridge, shrinkage x0.1 − cell-level GBLUP",G2F,5,53638,0.01295343549437951,-0.020406354996085587,-0.03520233304799749,-0.005610376944173684,resolved loss
"Benchmark: Two-stage ridge, shrinkage x0.1 − cell-level GBLUP",NUST,15,32740,0.016579900395626457,-0.06484106208447758,-0.08108714211251229,-0.04859498205644287,resolved loss
"Benchmark: Two-stage ridge, shrinkage x0.1 − cell-level GBLUP",URSN,11,916,0.09912279006826347,0.01164278447801823,-0.016909974702947653,0.04019554365898412,tied
"Benchmark: Two-stage ridge, shrinkage x0.1 − cell-level GBLUP",ESWYT,12,22323,0.020079133863744793,-0.005491386393635233,-0.012421279277893655,0.0014385064906231888,tied
"Benchmark: Two-stage ridge, shrinkage x0.1 − cell-level GBLUP",GEM_IA,4,6942,0.03600633767319481,-0.05494834328830926,-0.12349049853076677,0.013593811954148244,tied
"Benchmark: Two-stage ridge, shrinkage x0.1 − cell-level GBLUP",MU_SOY,1,1879,0.06920824949981877,0.0267142787171244,-0.002117880114084921,0.055546437548333716,tied
"Benchmark: Two-stage ridge, shrinkage x10 − cell-level GBLUP",G2F,5,53638,0.01295343549437951,-0.020966529144855518,-0.061163769983298394,0.019230711693587355,tied
"Benchmark: Two-stage ridge, shrinkage x10 − cell-level GBLUP",NUST,15,32740,0.016579900395626457,-0.03193411731067183,-0.04414627103666625,-0.01972196358467742,resolved loss
"Benchmark: Two-stage ridge, shrinkage x10 − cell-level GBLUP",URSN,11,916,0.09912279006826347,-0.012474042979655566,-0.052919650595565956,0.02797156463625482,tied
"Benchmark: Two-stage ridge, shrinkage x10 − cell-level GBLUP",ESWYT,12,22323,0.020079133863744793,-0.011334741695250955,-0.021277637528904166,-0.0013918458615977437,"detectable, below resolution"
"Benchmark: Two-stage ridge, shrinkage x10 − cell-level GBLUP",GEM_IA,4,6942,0.03600633767319481,-0.051845456351061095,-0.106362241925752,0.0026713292236298022,tied
"Benchmark: Two-stage ridge, shrinkage x10 − cell-level GBLUP",MU_SOY,1,1879,0.06920824949981877,-0.0085804580763938,-0.07207263896874447,0.054911722815956875,tied
"Benchmark: Two-stage ridge, shrinkage x100 − cell-level GBLUP",G2F,5,53638,0.01295343549437951,-0.05979894405593655,-0.10145435570438588,-0.01814353240748722,resolved loss
"Benchmark: Two-stage ridge, shrinkage x100 − cell-level GBLUP",NUST,15,32740,0.016579900395626457,-0.05311925819144315,-0.06748717266059659,-0.0387513437222897,resolved loss
"Benchmark: Two-stage ridge, shrinkage x100 − cell-level GBLUP",URSN,11,916,0.09912279006826347,-0.08581910099512674,-0.17327609296266627,0.001637890972412806,tied
"Benchmark: Two-stage ridge, shrinkage x100 − cell-level GBLUP",ESWYT,12,22323,0.020079133863744793,-0.020609390655197388,-0.03532700717381039,-0.0058917741365843886,resolved loss
"Benchmark: Two-stage ridge, shrinkage x100 − cell-level GBLUP",GEM_IA,4,6942,0.03600633767319481,-0.05571178599749462,-0.12120692835773025,0.009783356362741018,tied
"Benchmark: Two-stage ridge, shrinkage x100 − cell-level GBLUP",MU_SOY,1,1879,0.06920824949981877,-0.0554275774698108,-0.1461122823270234,0.035257127387401783,tied
Benchmark: Ridge on 20 PCs − cell-level GBLUP,G2F,5,53638,0.01295343549437951,-0.06041453852714809,-0.10985921130310425,-0.010969865751191944,resolved loss
Benchmark: Ridge on 20 PCs − cell-level GBLUP,NUST,15,32740,0.016579900395626457,-0.07194586866409657,-0.08830994052064003,-0.055581796807553104,resolved loss
Benchmark: Ridge on 20 PCs − cell-level GBLUP,URSN,11,916,0.09912279006826347,-0.1715260678187917,-0.25223819106887235,-0.09081394456871107,resolved loss
Benchmark: Ridge on 20 PCs − cell-level GBLUP,ESWYT,12,22323,0.020079133863744793,-0.032558735726666975,-0.05581352487574496,-0.009303946577588991,resolved loss
Benchmark: Ridge on 20 PCs − cell-level GBLUP,GEM_IA,4,6942,0.03600633767319481,-0.06787495917393845,-0.11752472432110136,-0.01822519402677552,resolved loss
Benchmark: Ridge on 20 PCs − cell-level GBLUP,MU_SOY,1,1879,0.06920824949981877,-0.0664063052064993,-0.14373333862351773,0.010920728210519107,tied
Benchmark: Random forest − cell-level GBLUP,G2F,5,53638,0.01295343549437951,0.009503209515215019,-0.03817507827739518,0.05718149730782522,tied
Benchmark: Random forest − cell-level GBLUP,NUST,15,32740,0.016579900395626457,-0.05171367917488218,-0.06521808450023438,-0.038209273849529976,resolved loss
Benchmark: Random forest − cell-level GBLUP,URSN,11,916,0.09912279006826347,-0.036658119207178506,-0.09249128846432156,0.019175050049964545,tied
Benchmark: Random forest − cell-level GBLUP,ESWYT,12,22323,0.020079133863744793,-0.009371493271828173,-0.029555853685451307,0.010812867141794962,tied
Benchmark: Random forest − cell-level GBLUP,GEM_IA,4,6942,0.03600633767319481,-0.05465243943738159,-0.22718009791646815,0.11787521904170495,tied
Benchmark: Random forest − cell-level GBLUP,MU_SOY,1,1879,0.06920824949981877,-0.0378653935252726,-0.1029134570206706,0.027182669970125403,tied
Benchmark: Gradient boosting − cell-level GBLUP,G2F,5,53638,0.01295343549437951,0.0006070721073442746,-0.027086726537448483,0.028300870752137035,tied
Benchmark: Gradient boosting − cell-level GBLUP,NUST,15,32740,0.016579900395626457,-0.06441195334624865,-0.07784236582836161,-0.050981540864135685,resolved loss
Benchmark: Gradient boosting − cell-level GBLUP,URSN,9,916,0.09912279006826347,-0.10780283230540838,-0.200770784158962,-0.014834880451854784,resolved loss
Benchmark: Gradient boosting − cell-level GBLUP,ESWYT,12,22323,0.020079133863744793,-0.01725001384596963,-0.040934266152860124,0.006434238460920862,tied
Benchmark: Gradient boosting − cell-level GBLUP,GEM_IA,4,6942,0.03600633767319481,0.007411629345313484,-0.15163547246593173,0.16645873115655868,tied
Benchmark: Gradient boosting − cell-level GBLUP,MU_SOY,1,1879,0.06920824949981877,-0.0085187680506139,-0.06187508440190604,0.044837548300678244,tied
"Benchmark: kNN, k = 10 − cell-level GBLUP",G2F,5,53638,0.01295343549437951,-0.01858684032640341,-0.05274620326902524,0.015572522616218415,tied
"Benchmark: kNN, k = 10 − cell-level GBLUP",NUST,15,32740,0.016579900395626457,-0.08945559373858519,-0.10571043394695642,-0.07320075353021396,resolved loss
"Benchmark: kNN, k = 10 − cell-level GBLUP",URSN,11,916,0.09912279006826347,-0.17359711996049565,-0.2433100383507827,-0.1038842015702086,resolved loss
"Benchmark: kNN, k = 10 − cell-level GBLUP",ESWYT,12,22323,0.020079133863744793,-0.03174758505794893,-0.06025895284462181,-0.0032362172712760533,resolved loss
"Benchmark: kNN, k = 10 − cell-level GBLUP",GEM_IA,4,6942,0.03600633767319481,-0.01510432446273614,-0.06516309115036843,0.03495444222489616,tied
"Benchmark: kNN, k = 10 − cell-level GBLUP",MU_SOY,1,1879,0.06920824949981877,-0.0859439071688771,-0.14903660830860438,-0.022851206029149848,resolved loss
"Benchmark: kNN, k = 30 − cell-level GBLUP",G2F,5,53638,0.01295343549437951,-0.023091303928617454,-0.08690844259306216,0.04072583473582725,tied
"Benchmark: kNN, k = 30 − cell-level GBLUP",NUST,15,32740,0.016579900395626457,-0.07528111233879176,-0.09202962253526668,-0.05853260214231683,resolved loss
"Benchmark: kNN, k = 30 − cell-level GBLUP",URSN,11,916,0.09912279006826347,-0.2246692215961237,-0.33860420096515953,-0.11073424222708786,resolved loss
"Benchmark: kNN, k = 30 − cell-level GBLUP",ESWYT,12,22323,0.020079133863744793,-0.04196169269026176,-0.07076265106892991,-0.013160734311593602,resolved loss
"Benchmark: kNN, k = 30 − cell-level GBLUP",GEM_IA,4,6942,0.03600633767319481,-0.05621663743660615,-0.14680489250277232,0.03437161762956003,tied
"Benchmark: kNN, k = 30 − cell-level GBLUP",MU_SOY,1,1879,0.06920824949981877,-0.12483025063047952,-0.18574841251264532,-0.06391208874831372,resolved loss
Benchmark: Multilayer perceptron − cell-level GBLUP,G2F,5,53638,0.01295343549437951,-0.05600531036270712,-0.09784576546635246,-0.014164855259061776,resolved loss
Benchmark: Multilayer perceptron − cell-level GBLUP,NUST,15,32740,0.016579900395626457,-0.10583794355746437,-0.12657637497997248,-0.08509951213495624,resolved loss
Benchmark: Multilayer perceptron − cell-level GBLUP,URSN,11,916,0.09912279006826347,-0.150559200445889,-0.2670590607555045,-0.034059340136273486,resolved loss
Benchmark: Multilayer perceptron − cell-level GBLUP,ESWYT,12,22323,0.020079133863744793,-0.07003548995844333,-0.11292316778479944,-0.027147812132087216,resolved loss
Benchmark: Multilayer perceptron − cell-level GBLUP,GEM_IA,4,6942,0.03600633767319481,-0.04108455884475444,-0.06504662072173747,-0.017122496967771402,resolved loss
Benchmark: Multilayer perceptron − cell-level GBLUP,MU_SOY,1,1879,0.06920824949981877,-0.0779275973926394,-0.12521359711989907,-0.030641597665379723,resolved loss
Benchmark: Covariate LightGBM − cell-level GBLUP,G2F,5,53638,0.01295343549437951,0.014142049839248454,-0.01831343653902595,0.046597536217522856,tied
Benchmark: Covariate LightGBM − cell-level GBLUP,URSN,11,916,0.09912279006826347,-0.0884933809674861,-0.15663589063271693,-0.020350871302255283,"detectable, below resolution"
Benchmark: Covariate reaction-norm ridge − cell-level GBLUP,G2F,5,53638,0.01295343549437951,-0.017922395201555457,-0.045792946332745665,0.009948155929634755,tied
Benchmark: Covariate reaction-norm ridge − cell-level GBLUP,URSN,11,916,0.09912279006826347,-0.019633947154829516,-0.06459943538799498,0.02533154107833594,tied
Benchmark: Within-environment-loss network − cell-level GBLUP,G2F,5,53638,0.01295343549437951,-0.005570346378901697,-0.02872979821665099,0.017589105458847593,tied
Benchmark: Within-environment-loss network − cell-level GBLUP,NUST,15,32740,0.016579900395626457,-0.004438738959861036,-0.01617918173232534,0.007301703812603268,tied
Benchmark: Within-environment-loss network − cell-level GBLUP,URSN,11,916,0.09912279006826347,-0.0201909218850654,-0.04176420857244838,0.001382364802317581,tied
Benchmark: Stacking on the forward history − cell-level GBLUP,G2F,5,53638,0.01295343549437951,0.03734241076391921,0.006376011716196006,0.06830880981164242,resolved gain
Benchmark: Stacking on the forward history − cell-level GBLUP,NUST,15,32740,0.016579900395626457,-0.0006887927101888214,-0.007460626645542504,0.006083041225164861,tied
Benchmark: Stacking on the forward history − cell-level GBLUP,URSN,11,916,0.09912279006826347,-0.016930725794137347,-0.04209886039187635,0.008237408803601663,tied
Benchmark: Stacking on the forward history − cell-level GBLUP,ESWYT,12,22323,0.020079133863744793,-0.008250081832527551,-0.024828513182898762,0.008328349517843657,tied
Benchmark: Stacking on the forward history − cell-level GBLUP,GEM_IA,4,6942,0.03600633767319481,-0.07524952474604496,-0.141208678287652,-0.009290371204437917,resolved loss
Benchmark: Stacking on the forward history − cell-level GBLUP,MU_SOY,1,1879,0.06920824949981877,-0.0161757449666891,-0.0500116991323996,0.017660209199021403,tied
