analysis,est_all,est_without_nust,lo,hi,resolution,verdict,loss_smaller_without_nust
Benchmark: Two-stage GBLUP − cell-level GBLUP,-0.012468268594645924,-0.005100791659485193,-0.012573906522876335,0.0023723232039059494,0.01024792436502243,tied,True
"Benchmark: Two-stage ridge, shrinkage x0.1 − cell-level GBLUP",-0.024167875995448163,-0.008688307352828207,-0.01634951549309111,-0.0010270992125653014,0.01024792436502243,"detectable, below resolution",True
"Benchmark: Two-stage ridge, shrinkage x10 − cell-level GBLUP",-0.02120928368525367,-0.01656416687077424,-0.028909674718187617,-0.004218659023360863,0.01024792436502243,resolved loss,True
"Benchmark: Two-stage ridge, shrinkage x100 − cell-level GBLUP",-0.04872724774389317,-0.04745132995854051,-0.06822040501219373,-0.026682254904887293,0.01024792436502243,resolved loss,True
Benchmark: Ridge on 20 PCs − cell-level GBLUP,-0.07526737203532388,-0.07788143113836823,-0.10354973010706105,-0.05221313216967542,0.01024792436502243,resolved loss,False
Benchmark: Random forest − cell-level GBLUP,-0.02573805844412503,-0.011102296834142242,-0.029342471956375408,0.007137878288090923,0.01024792436502243,tied,True
Benchmark: Gradient boosting − cell-level GBLUP,-0.04125634834781979,-0.030689191677177773,-0.05290116420704043,-0.008477219147315116,0.01024792436502243,resolved loss,True
"Benchmark: kNN, k = 10 − cell-level GBLUP",-0.06474864110379287,-0.05194114427909183,-0.07465941708049342,-0.029222871477690236,0.01024792436502243,resolved loss,True
"Benchmark: kNN, k = 30 − cell-level GBLUP",-0.07929363671078717,-0.08611656627626474,-0.11862712173792825,-0.053606010814601236,0.01024792436502243,resolved loss,False
Benchmark: Multilayer perceptron − cell-level GBLUP,-0.08853517594572292,-0.0796536788010202,-0.1089642968481952,-0.050343060753845204,0.01024792436502243,resolved loss,True
Benchmark: Covariate LightGBM − cell-level GBLUP,-0.036097995485258105,-0.036097995485258105,-0.07174901318392368,-0.00044697778659252146,0.012844226486994029,resolved loss,False
Benchmark: Covariate reaction-norm ridge − cell-level GBLUP,-0.019640827670037355,-0.019640827670037355,-0.04434930921985128,0.005067653879776566,0.012844226486994029,tied,False
Benchmark: Within-environment-loss network − cell-level GBLUP,-0.008365710227044274,-0.014028558882206861,-0.03009577824648358,0.0020386604820698557,0.012844226486994029,tied,False
Benchmark: Stacking on the forward history − cell-level GBLUP,-0.0024693838960231076,-0.0055866596360798085,-0.020483703662369922,0.009310384390210306,0.01024792436502243,tied,False
