analysis,target_years,resolution,est,lo,hi,verdict
Sparse 25 %: M×E − main-effect GBLUP,25,0.01156148772416353,0.029357316043148483,0.022700550483751268,0.0360140816025457,resolved gain
Sparse 50 %: M×E − main-effect GBLUP,25,0.014920388317111344,0.05476980391756781,0.04259585208051905,0.06694375575461657,resolved gain
Benchmark: Two-stage GBLUP − cell-level GBLUP,25,0.009723106920154595,-0.026491072195403233,-0.0413412305001519,-0.011640913890654565,resolved loss
"Benchmark: Two-stage ridge, shrinkage x0.1 − cell-level GBLUP",25,0.009723106920154595,-0.04571448483198973,-0.06030088197213051,-0.031128087691848945,resolved loss
"Benchmark: Two-stage ridge, shrinkage x10 − cell-level GBLUP",25,0.009723106920154595,-0.030403131144765453,-0.04559969352955335,-0.015206568759977557,resolved loss
"Benchmark: Two-stage ridge, shrinkage x100 − cell-level GBLUP",25,0.009723106920154595,-0.054741098724827304,-0.06950438144413437,-0.03997781600552023,resolved loss
Benchmark: Ridge on 20 PCs − cell-level GBLUP,25,0.009723106920154595,-0.06856363267789548,-0.08570360363338869,-0.051423661722402265,resolved loss
Benchmark: Random forest − cell-level GBLUP,25,0.009723106920154595,-0.03464472512484304,-0.05604194835065687,-0.013247501899029204,resolved loss
Benchmark: Gradient boosting − cell-level GBLUP,25,0.009723106920154595,-0.04026482651393302,-0.05970350689174052,-0.02082614613612552,resolved loss
"Benchmark: kNN, k = 10 − cell-level GBLUP",25,0.009723106920154595,-0.06264557775798281,-0.0826410309617296,-0.042650124554236016,resolved loss
"Benchmark: kNN, k = 30 − cell-level GBLUP",25,0.009723106920154595,-0.06292016132265196,-0.08569151971576976,-0.04014880292953417,resolved loss
Benchmark: Multilayer perceptron − cell-level GBLUP,25,0.009723106920154595,-0.082365539102491,-0.10071951371764881,-0.0640115644873332,resolved loss
Benchmark: Covariate LightGBM − cell-level GBLUP,5,0.01295343549437951,0.014142049839248454,-0.01831343653902595,0.046597536217522856,tied
Benchmark: Covariate reaction-norm ridge − cell-level GBLUP,5,0.01295343549437951,-0.017922395201555457,-0.045792946332745665,0.009948155929634755,tied
Benchmark: Within-environment-loss network − cell-level GBLUP,20,0.010207506911186284,-0.004526933655132154,-0.014754988348579207,0.0057011210383149,tied
Benchmark: Stacking on the forward history − cell-level GBLUP,25,0.009723106920154595,0.004736294349019076,-0.007005607071905411,0.01647819576994356,tied
