contrast,metric,dataset,target,d,se,n_env,n_cells
H1,sp,G2F,2016,-0.003338727377138954,0.01652879821913913,27,1653
H1,sp,G2F,2018,-0.041073963202004876,0.023320503393450306,24,873
H1,sp,G2F,2020,0.07877666489697724,0.030831099879602742,21,670
H1,sp,G2F,2022,0.05446230048267498,0.024070673003212754,17,586
H1,sp,G2F,2024,-0.009311674748599683,0.013589061257930721,22,1172
H1,sp,NUST,2005,0.04230856911514151,0.018042292519641068,8,250
H1,sp,NUST,2006,-0.04368416083757769,0.03330044926365276,9,299
H1,sp,NUST,2007,-0.009583441395029355,0.018598064570689236,6,187
H1,sp,NUST,2008,0.049380575541711796,0.022759737915822552,9,299
H1,sp,NUST,2011,0.05430721933443022,0.043975081407854576,5,171
H1,sp,NUST,2012,0.04556426866254912,0.08041483758146041,10,325
H1,sp,NUST,2013,0.04190738986391187,0.026712705823236173,15,604
H1,sp,NUST,2014,-0.001369579654825067,0.020206978580579748,15,601
H1,sp,NUST,2015,0.012856247026855889,0.028618292840223478,24,1005
H1,sp,NUST,2016,-0.006449347733796251,0.027135111593256465,29,1200
H1,sp,NUST,2017,-0.031393049893089754,0.023479282450490194,19,747
H1,sp,NUST,2019,0.036593911078779795,0.021652597263384754,16,889
H1,sp,NUST,2020,0.012990310032018863,0.033165974237467755,24,1209
H1,pe,G2F,2016,0.002504472184993606,0.01388243486383208,27,1653
H1,pe,G2F,2018,-0.034122578435845936,0.025146469062453027,24,873
H1,pe,G2F,2020,0.058955576832017034,0.0296750873009739,21,670
H1,pe,G2F,2022,0.0705646229019522,0.027113519593161533,17,586
H1,pe,G2F,2024,0.0010828907558373781,0.00881030206879705,22,1172
H1,pe,NUST,2005,0.054967716580233535,0.0235387760480985,8,250
H1,pe,NUST,2006,-0.028410518175694288,0.029601340477076032,9,299
H1,pe,NUST,2007,-0.019552903002557825,0.024259920984558658,6,187
H1,pe,NUST,2008,0.04549415418593715,0.032018005795374824,9,299
H1,pe,NUST,2011,0.01845068612707288,0.03504867301131204,5,171
H1,pe,NUST,2012,0.03176066344883052,0.06676280255359368,10,325
H1,pe,NUST,2013,0.01539810453461314,0.01914791581209696,15,604
H1,pe,NUST,2014,0.0024966925209084297,0.016978965582891106,15,601
H1,pe,NUST,2015,-0.0069854889358412315,0.0209941313607296,24,1005
H1,pe,NUST,2016,0.0032960379645621484,0.024618648441437452,29,1200
H1,pe,NUST,2017,-0.02505202853661669,0.019825413777130128,19,747
H1,pe,NUST,2019,0.017738731056999156,0.019846115090767075,16,889
H1,pe,NUST,2020,0.01164150736455328,0.03058580699884893,24,1209
H1,sd,G2F,2016,0.1945069953254132,0.0683170183905436,27,1653
H1,sd,G2F,2018,0.1283708249966737,0.06801511259069325,24,873
H1,sd,G2F,2020,0.0926018376984883,0.09656719691331,21,670
H1,sd,G2F,2022,-0.11017283606717995,0.08133096193148656,17,586
H1,sd,G2F,2024,-0.008021435316902055,0.047062024387353574,22,1172
H1,sd,NUST,2005,0.22824087691489742,0.10682888222385603,8,250
H1,sd,NUST,2006,-0.1535395680036934,0.137650151601862,9,299
H1,sd,NUST,2007,0.014414715481231055,0.01949747245564891,6,187
H1,sd,NUST,2008,-0.11280044386184497,0.09380800597816173,9,299
H1,sd,NUST,2011,0.3270193039921555,0.18110209037471398,5,171
H1,sd,NUST,2012,-0.08010187307626442,0.13318749819747452,10,325
H1,sd,NUST,2013,0.17808689812352532,0.08210465164963641,15,604
H1,sd,NUST,2014,-0.04565327600793235,0.12328712274423775,15,601
H1,sd,NUST,2015,-0.055674168134580364,0.0766713176509025,24,1005
H1,sd,NUST,2016,-0.1267673961958951,0.08496322762876105,29,1200
H1,sd,NUST,2017,0.02889088621531408,0.11786223181622026,19,747
H1,sd,NUST,2019,0.03495727946720609,0.06745475878045129,16,889
H1,sd,NUST,2020,0.03560904726145437,0.11490616737995712,24,1209
H2,sp,G2F,2016,0.0024673260942975257,0.004283214050593612,27,1653
H2,sp,G2F,2018,-0.004582192760002346,0.008104912544085444,24,873
H2,sp,G2F,2020,0.010945930891820714,0.009289413854499568,21,670
H2,sp,G2F,2022,0.041887254468324205,0.012382007007384713,17,586
H2,sp,G2F,2024,-0.0023748943958017575,0.004147639887820993,22,1172
H2,sp,NUST,2005,0.04941611742974669,0.02631002542259019,8,250
H2,sp,NUST,2006,-0.007878064044564568,0.016116821633218124,9,299
H2,sp,NUST,2007,0.02514205023255302,0.008562257640932915,6,187
H2,sp,NUST,2008,0.03175572422196729,0.008144569287888358,9,299
H2,sp,NUST,2011,0.04224339622954397,0.025489959561733274,5,171
H2,sp,NUST,2012,0.009522975767457831,0.055965860358667664,10,325
H2,sp,NUST,2013,0.024337635984576042,0.012824141371022802,15,604
H2,sp,NUST,2014,0.003474740212264314,0.009545423260100673,15,601
H2,sp,NUST,2015,0.012786770035203626,0.016656176328033775,24,1005
H2,sp,NUST,2016,0.008699158888699326,0.00873121796557359,29,1200
H2,sp,NUST,2017,0.0032160341078625713,0.011285530678701396,19,747
H2,sp,NUST,2019,0.013020978809847341,0.012490209611577246,16,889
H2,sp,NUST,2020,0.01090726321109115,0.008137553067007761,24,1209
H2,pe,G2F,2016,0.006393879393723269,0.0033231430419017184,27,1653
H2,pe,G2F,2018,-0.00445035687107317,0.008112193717102879,24,873
H2,pe,G2F,2020,-0.001043206299678053,0.006144506536807149,21,670
H2,pe,G2F,2022,0.03570590237579143,0.00911024232816945,17,586
H2,pe,G2F,2024,0.0006498609507332291,0.002594255771876596,22,1172
H2,pe,NUST,2005,0.05916559183222768,0.028325651159800482,8,250
H2,pe,NUST,2006,-0.004626298604292429,0.013598977653072851,9,299
H2,pe,NUST,2007,0.01050757564135133,0.010294399727122476,6,187
H2,pe,NUST,2008,0.026141573978446204,0.014190144588374408,9,299
H2,pe,NUST,2011,0.05629619771564489,0.017551192116958755,5,171
H2,pe,NUST,2012,0.007249538635635433,0.04884234374185993,10,325
H2,pe,NUST,2013,0.020917106569974732,0.007944432866384412,15,604
H2,pe,NUST,2014,0.003097378307170025,0.009211901876973589,15,601
H2,pe,NUST,2015,0.004655255877056526,0.011889298004871816,24,1005
H2,pe,NUST,2016,0.00028028544000276753,0.007350717950174608,29,1200
H2,pe,NUST,2017,5.578200092707039e-05,0.01008141611895439,19,747
H2,pe,NUST,2019,0.013962459754667573,0.011410932007509098,16,889
H2,pe,NUST,2020,0.006182319471672147,0.00828231068223212,24,1209
H2,sd,G2F,2016,0.15119637504036676,0.0594100498577117,27,1653
H2,sd,G2F,2018,-0.005358432320963928,0.06362644467971938,24,873
H2,sd,G2F,2020,0.03570638757748079,0.06432480990955106,21,670
H2,sd,G2F,2022,0.028533223972394283,0.07841386082403401,17,586
H2,sd,G2F,2024,-0.030111873403553403,0.030899346503881923,22,1172
H2,sd,NUST,2005,0.22425822104041998,0.09185099681213744,8,250
H2,sd,NUST,2006,-0.004472465583729857,0.14415378514577576,9,299
H2,sd,NUST,2007,0.01322848886030581,0.012227719950980258,6,187
H2,sd,NUST,2008,-0.0518417590305607,0.057115248410700745,9,299
H2,sd,NUST,2011,0.015549001884581248,0.014173793437181906,5,171
H2,sd,NUST,2012,-0.13852084765761524,0.14778916420447089,10,325
H2,sd,NUST,2013,0.06578802047512282,0.058329192560058474,15,604
H2,sd,NUST,2014,-0.001429771186875998,0.05032439640479031,15,601
H2,sd,NUST,2015,0.00022262332184395475,0.050729027417884334,24,1005
H2,sd,NUST,2016,-0.06169372461511562,0.06255216280491384,29,1200
H2,sd,NUST,2017,0.12827364713528855,0.09553818676522668,19,747
H2,sd,NUST,2019,0.11264348186054131,0.07354013630471296,16,889
H2,sd,NUST,2020,0.1602504213819266,0.10563801896765626,24,1209
ol1-ol0,sp,G2F,2016,0.0008248511754703748,0.005986744175064,27,1653
ol1-ol0,sp,G2F,2018,0.023804275374483656,0.012487674671426113,24,873
ol1-ol0,sp,G2F,2020,0.003309100544068199,0.009214400483327438,21,670
ol1-ol0,sp,G2F,2022,0.0309615059250256,0.013245064172726943,17,586
ol1-ol0,sp,G2F,2024,0.003602437636670691,0.010595375085549653,22,1172
ol1-ol0,sp,MU_SOY,2020,0.001796701121703026,0.00032801525280350266,5,893
ol1-ol0,sp,NUST,2005,-0.00047884859232559876,0.00044216529420227285,8,250
ol1-ol0,sp,NUST,2006,0.0023472123706118776,0.004306188107081154,9,299
ol1-ol0,sp,NUST,2007,-0.0003909243052895306,0.00036649215222220495,6,187
ol1-ol0,sp,NUST,2008,-0.0013979470166786893,0.0024961083219998694,9,299
ol1-ol0,sp,NUST,2011,0.0002129111839463599,0.0025591766477748557,5,171
ol1-ol0,sp,NUST,2012,-0.0116129982904982,0.0054966113464498395,10,325
ol1-ol0,sp,NUST,2013,-0.018674517108715805,0.005969949212119921,15,604
ol1-ol0,sp,NUST,2014,-0.0049808838506142684,0.007433771051703803,15,601
ol1-ol0,sp,NUST,2015,-0.015217206533397922,0.007124438126422477,24,1005
ol1-ol0,sp,NUST,2016,0.004479191317906747,0.00775213276267723,29,1200
ol1-ol0,sp,NUST,2017,0.013843186317940622,0.007500400419094132,19,747
ol1-ol0,sp,NUST,2019,0.023839225645522724,0.007682356295655253,16,889
ol1-ol0,sp,NUST,2020,0.003967695411355274,0.005904237384089961,24,1209
ol1-ol0,pe,G2F,2016,-0.021753355412851796,0.010484707472478372,27,1653
ol1-ol0,pe,G2F,2018,-0.014643166255779093,0.012537772347079352,24,873
ol1-ol0,pe,G2F,2020,0.004658625841181106,0.008158879072926865,21,670
ol1-ol0,pe,G2F,2022,0.02172754786609649,0.010103832388489609,17,586
ol1-ol0,pe,G2F,2024,0.00967697118345093,0.006420037658465232,22,1172
ol1-ol0,pe,MU_SOY,2020,0.0011272663609127598,0.0002598400378092757,5,893
ol1-ol0,pe,NUST,2005,0.00025313084155594717,0.0010556824668145376,8,250
ol1-ol0,pe,NUST,2006,0.000524692500494747,0.0019279112739549371,9,299
ol1-ol0,pe,NUST,2007,0.0005721632541709579,0.0005648105948914937,6,187
ol1-ol0,pe,NUST,2008,-0.00023824194235575068,0.0009595199067487946,9,299
ol1-ol0,pe,NUST,2011,-0.004186001481791339,0.0048516510129160435,5,171
ol1-ol0,pe,NUST,2012,-0.001467665174701377,0.005558034955763497,10,325
ol1-ol0,pe,NUST,2013,-0.009365118706394141,0.004524926289946182,15,604
ol1-ol0,pe,NUST,2014,-0.00631672509865209,0.005513607447126865,15,601
ol1-ol0,pe,NUST,2015,-0.007002658800022168,0.0051280831964838,24,1005
ol1-ol0,pe,NUST,2016,0.007397238717472595,0.005649774777936135,29,1200
ol1-ol0,pe,NUST,2017,0.005198491317867396,0.006391943062270175,19,747
ol1-ol0,pe,NUST,2019,0.0187224971276492,0.0072730106632482965,16,889
ol1-ol0,pe,NUST,2020,0.0023245197288990233,0.004390074593735303,24,1209
ol1-ol0,sd,G2F,2016,-0.27555108144064194,0.06925815710898005,27,1653
ol1-ol0,sd,G2F,2018,0.007879240093838382,0.04260455452424184,24,873
ol1-ol0,sd,G2F,2020,0.13333514577280448,0.06954093124135942,21,670
ol1-ol0,sd,G2F,2022,0.37473011550136076,0.11214900135991304,17,586
ol1-ol0,sd,G2F,2024,0.07505591587795206,0.05395769465541457,22,1172
ol1-ol0,sd,MU_SOY,2020,-2.2204460492503132e-17,1.990292044188078e-17,5,893
ol1-ol0,sd,NUST,2005,0.0,0.0,8,250
ol1-ol0,sd,NUST,2006,-0.025466295865394645,0.08141282134128332,9,299
ol1-ol0,sd,NUST,2007,0.0,0.0,6,187
ol1-ol0,sd,NUST,2008,0.0,0.0,9,299
ol1-ol0,sd,NUST,2011,-0.006081472172942059,0.005370631005490603,5,171
ol1-ol0,sd,NUST,2012,-0.0713935949308399,0.1073366429571955,10,325
ol1-ol0,sd,NUST,2013,-0.14221042133878434,0.05367894656672087,15,604
ol1-ol0,sd,NUST,2014,-0.01484134219442559,0.0707654178688547,15,601
ol1-ol0,sd,NUST,2015,0.08036914862546979,0.0561101441536316,24,1005
ol1-ol0,sd,NUST,2016,0.0026290004625028752,0.024456111436846725,29,1200
ol1-ol0,sd,NUST,2017,-0.027943321574620972,0.02265949859539046,19,747
ol1-ol0,sd,NUST,2019,0.036663121680390105,0.02497489550302509,16,889
ol1-ol0,sd,NUST,2020,-0.05321722179465151,0.0506807038155108,24,1209
ol2-ol0,sp,G2F,2016,-0.002513876201668578,0.01851017441065607,27,1653
ol2-ol0,sp,G2F,2018,-0.01726968782752122,0.028740472490783243,24,873
ol2-ol0,sp,G2F,2020,0.08208576544104544,0.028248955135893337,21,670
ol2-ol0,sp,G2F,2022,0.08542380640770059,0.023559088253218865,17,586
ol2-ol0,sp,G2F,2024,-0.005709237111928992,0.01612988118533286,22,1172
ol2-ol0,sp,NUST,2005,0.04182972052281591,0.018743876849850856,8,250
ol2-ol0,sp,NUST,2006,-0.04133694846696581,0.031128568647572786,9,299
ol2-ol0,sp,NUST,2007,-0.009974365700318885,0.01888053386816553,6,187
ol2-ol0,sp,NUST,2008,0.047982628525033114,0.022853742883954323,9,299
ol2-ol0,sp,NUST,2011,0.054520130518376585,0.04466507183892466,5,171
ol2-ol0,sp,NUST,2012,0.03395127037205093,0.08321198712961043,10,325
ol2-ol0,sp,NUST,2013,0.023232872755196067,0.028444190780690472,15,604
ol2-ol0,sp,NUST,2014,-0.006350463505439338,0.01803255192652923,15,601
ol2-ol0,sp,NUST,2015,-0.0023609595065420368,0.02891351654114208,24,1005
ol2-ol0,sp,NUST,2016,-0.0019701564158895054,0.02745247553790719,29,1200
ol2-ol0,sp,NUST,2017,-0.01754986357514914,0.021920666122143787,19,747
ol2-ol0,sp,NUST,2019,0.06043313672430252,0.02280939098032727,16,889
ol2-ol0,sp,NUST,2020,0.016958005443374138,0.03356867025560687,24,1209
ol2-ol0,pe,G2F,2016,-0.01924888322785819,0.016898212617028882,27,1653
ol2-ol0,pe,G2F,2018,-0.048765744691625035,0.03238159266353935,24,873
ol2-ol0,pe,G2F,2020,0.06361420267319816,0.027350665675286635,21,670
ol2-ol0,pe,G2F,2022,0.09229217076804869,0.022791592762325265,17,586
ol2-ol0,pe,G2F,2024,0.010759861939288308,0.012177094167863651,22,1172
ol2-ol0,pe,NUST,2005,0.05522084742178948,0.02308236186238126,8,250
ol2-ol0,pe,NUST,2006,-0.027885825675199545,0.029724858245944393,9,299
ol2-ol0,pe,NUST,2007,-0.018980739748386866,0.023177528617626314,6,187
ol2-ol0,pe,NUST,2008,0.04525591224358141,0.03178158026185145,9,299
ol2-ol0,pe,NUST,2011,0.01426468464528154,0.037875575280241526,5,171
ol2-ol0,pe,NUST,2012,0.03029299827412915,0.06685660341919605,10,325
ol2-ol0,pe,NUST,2013,0.006032985828218999,0.02211971499000827,15,604
ol2-ol0,pe,NUST,2014,-0.0038200325777436577,0.014239828404440042,15,601
ol2-ol0,pe,NUST,2015,-0.013988147735863397,0.022793230007396817,24,1005
ol2-ol0,pe,NUST,2016,0.010693276682034746,0.025931667708515647,29,1200
ol2-ol0,pe,NUST,2017,-0.019853537218749294,0.019653410985994026,19,747
ol2-ol0,pe,NUST,2019,0.03646122818464835,0.02403876109586388,16,889
ol2-ol0,pe,NUST,2020,0.013966027093452307,0.0321492970230941,24,1209
ol2-ol0,sd,G2F,2016,-0.0810440861152287,0.08092048158887506,27,1653
ol2-ol0,sd,G2F,2018,0.13625006509051207,0.08470223951719007,24,873
ol2-ol0,sd,G2F,2020,0.22593698347129276,0.09147016419069463,21,670
ol2-ol0,sd,G2F,2022,0.2645572794341809,0.1371354405418754,17,586
ol2-ol0,sd,G2F,2024,0.06703448056104999,0.0607399531546492,22,1172
ol2-ol0,sd,NUST,2005,0.22824087691489742,0.10861336779329585,8,250
ol2-ol0,sd,NUST,2006,-0.17900586386908807,0.14397790872731678,9,299
ol2-ol0,sd,NUST,2007,0.014414715481231055,0.019458574735860736,6,187
ol2-ol0,sd,NUST,2008,-0.11280044386184497,0.09317886220606904,9,299
ol2-ol0,sd,NUST,2011,0.3209378318192135,0.1817272269907748,5,171
ol2-ol0,sd,NUST,2012,-0.15149546800710434,0.14358118737220246,10,325
ol2-ol0,sd,NUST,2013,0.03587647678474098,0.10162269653872742,15,604
ol2-ol0,sd,NUST,2014,-0.06049461820235793,0.14694883765578515,15,601
ol2-ol0,sd,NUST,2015,0.024694980490889418,0.0825769993286305,24,1005
ol2-ol0,sd,NUST,2016,-0.12413839573339226,0.08735835037350498,29,1200
ol2-ol0,sd,NUST,2017,0.0009475646406930865,0.12396208120428685,19,747
ol2-ol0,sd,NUST,2019,0.0716204011475962,0.05932898494828041,16,889
ol2-ol0,sd,NUST,2020,-0.01760817453319713,0.10920483697222388,24,1209
ol4-ol1,sp,G2F,2016,-0.004845315700080275,0.016380731239559975,27,1653
ol4-ol1,sp,G2F,2018,-0.04726011079656186,0.022905650206534667,24,873
ol4-ol1,sp,G2F,2020,0.07849676552120916,0.029480415561174495,21,670
ol4-ol1,sp,G2F,2022,0.05679120099653304,0.024233056925675924,17,586
ol4-ol1,sp,G2F,2024,-0.005229471407592687,0.012564680160914122,22,1172
ol4-ol1,sp,NUST,2005,0.040876351175740164,0.01841786317615969,8,250
ol4-ol1,sp,NUST,2006,-0.04541107532299665,0.03398151671060935,9,299
ol4-ol1,sp,NUST,2007,-0.003273011808953332,0.017411294576576388,6,187
ol4-ol1,sp,NUST,2008,0.04798255588542572,0.02289312549767491,9,299
ol4-ol1,sp,NUST,2011,0.054965411335573665,0.046536291215578895,5,171
ol4-ol1,sp,NUST,2012,0.0444406888181521,0.08057992638404371,10,325
ol4-ol1,sp,NUST,2013,0.045260788441728796,0.025979102622438282,15,604
ol4-ol1,sp,NUST,2014,-0.0016893837212789069,0.01942796497761221,15,601
ol4-ol1,sp,NUST,2015,0.016678015491679746,0.028811422787017097,24,1005
ol4-ol1,sp,NUST,2016,-0.0040715764589152915,0.027717284042586512,29,1200
ol4-ol1,sp,NUST,2017,-0.022628250604048463,0.023118838668666524,19,747
ol4-ol1,sp,NUST,2019,0.03806774045958042,0.023789952009868755,16,889
ol4-ol1,sp,NUST,2020,0.014347091702716244,0.033725405265714145,24,1209
ol4-ol1,pe,G2F,2016,0.003617204374702615,0.013656522103495935,27,1653
ol4-ol1,pe,G2F,2018,-0.03725589319699459,0.02496495524941945,24,873
ol4-ol1,pe,G2F,2020,0.05517077221387344,0.030845016218144162,21,670
ol4-ol1,pe,G2F,2022,0.07341283247378977,0.02833401399988979,17,586
ol4-ol1,pe,G2F,2024,8.645356584065864e-05,0.009122843177408071,22,1172
ol4-ol1,pe,NUST,2005,0.057945202633019846,0.02501030852074092,8,250
ol4-ol1,pe,NUST,2006,-0.02981194063238552,0.030694047428999192,9,299
ol4-ol1,pe,NUST,2007,-0.019281645915547523,0.02428868987107202,6,187
ol4-ol1,pe,NUST,2008,0.04675412785616581,0.03321921704816381,9,299
ol4-ol1,pe,NUST,2011,0.024347476920146258,0.03369318003451623,5,171
ol4-ol1,pe,NUST,2012,0.03068836547056255,0.06928192930265056,10,325
ol4-ol1,pe,NUST,2013,0.016488075305864776,0.018554173194636918,15,604
ol4-ol1,pe,NUST,2014,0.002914408978942946,0.018281823859887386,15,601
ol4-ol1,pe,NUST,2015,-0.005901178832603941,0.02223067045124441,24,1005
ol4-ol1,pe,NUST,2016,0.0018931401131573543,0.026393630353814743,29,1200
ol4-ol1,pe,NUST,2017,-0.022345224709793627,0.019713853324124148,19,747
ol4-ol1,pe,NUST,2019,0.018885766679891593,0.02163800647432724,16,889
ol4-ol1,pe,NUST,2020,0.011413711987061969,0.03165010377690762,24,1209
ol4-ol1,sd,G2F,2016,0.18918909146410212,0.06403093784134495,27,1653
ol4-ol1,sd,G2F,2018,0.12452373088444886,0.06837022417267045,24,873
ol4-ol1,sd,G2F,2020,0.13369343177496112,0.09695350932852426,21,670
ol4-ol1,sd,G2F,2022,-0.0764432255504796,0.08039966697913058,17,586
ol4-ol1,sd,G2F,2024,-0.08412433655864156,0.047880739285161525,22,1172
ol4-ol1,sd,NUST,2005,0.17765823839066974,0.10604084694404796,8,250
ol4-ol1,sd,NUST,2006,-0.1535395680036934,0.13419585365841707,9,299
ol4-ol1,sd,NUST,2007,0.06218425858789106,0.06279252612137257,6,187
ol4-ol1,sd,NUST,2008,-0.11280044386184497,0.09118388438082847,9,299
ol4-ol1,sd,NUST,2011,0.14356504659790711,0.2500207639419156,5,171
ol4-ol1,sd,NUST,2012,-0.08010187307626442,0.1318606141399229,10,325
ol4-ol1,sd,NUST,2013,0.17808689812352532,0.08196159282641273,15,604
ol4-ol1,sd,NUST,2014,-0.04565327600793235,0.12021862840852371,15,601
ol4-ol1,sd,NUST,2015,-0.04901246957914837,0.08259133305791494,24,1005
ol4-ol1,sd,NUST,2016,-0.1272051464453638,0.09354927791307178,29,1200
ol4-ol1,sd,NUST,2017,0.06601453367076424,0.10824576360113693,19,747
ol4-ol1,sd,NUST,2019,0.03699075369650561,0.07170096747475418,16,889
ol4-ol1,sd,NUST,2020,0.0361020550575706,0.1267385215766658,24,1209
ol4-ol0,sp,G2F,2016,-0.004020464524609901,0.018030556004122324,27,1653
ol4-ol0,sp,G2F,2018,-0.02345583542207821,0.028441878249537,24,873
ol4-ol0,sp,G2F,2020,0.08180586606527736,0.027647719291901175,21,670
ol4-ol0,sp,G2F,2022,0.08775270692155863,0.022992639644156387,17,586
ol4-ol0,sp,G2F,2024,-0.0016270337709219978,0.015538057919877642,22,1172
ol4-ol0,sp,NUST,2005,0.04039750258341456,0.01918354868615945,8,250
ol4-ol0,sp,NUST,2006,-0.04306386295238477,0.03298881787016398,9,299
ol4-ol0,sp,NUST,2007,-0.0036639361142428626,0.016667382072462125,6,187
ol4-ol0,sp,NUST,2008,0.046584608868747025,0.023508028149868326,9,299
ol4-ol0,sp,NUST,2011,0.055178322519520026,0.04620428369253254,5,171
ol4-ol0,sp,NUST,2012,0.03282769052765392,0.08355025688186889,10,325
ol4-ol0,sp,NUST,2013,0.026586271333012997,0.026929076506905906,15,604
ol4-ol0,sp,NUST,2014,-0.0066702675718931775,0.017929561392297837,15,601
ol4-ol0,sp,NUST,2015,0.0014608089582818253,0.027976019053827815,24,1005
ol4-ol0,sp,NUST,2016,0.00040761485899145516,0.028793722030770314,29,1200
ol4-ol0,sp,NUST,2017,-0.00878506428610783,0.02242228400911942,19,747
ol4-ol0,sp,NUST,2019,0.061906966105103135,0.024429672082683904,16,889
ol4-ol0,sp,NUST,2020,0.01831478711407152,0.03435329869158857,24,1209
ol4-ol0,pe,G2F,2016,-0.01813615103814918,0.016740192495289255,27,1653
ol4-ol0,pe,G2F,2018,-0.0518990594527737,0.03177745876138465,24,873
ol4-ol0,pe,G2F,2020,0.05982939805505453,0.02742644063402653,21,670
ol4-ol0,pe,G2F,2022,0.09514038033988627,0.023110572617469738,17,586
ol4-ol0,pe,G2F,2024,0.009763424749291589,0.012377734615040397,22,1172
ol4-ol0,pe,NUST,2005,0.05819833347457579,0.02577631463762288,8,250
ol4-ol0,pe,NUST,2006,-0.029287248131890778,0.02951981027350619,9,299
ol4-ol0,pe,NUST,2007,-0.018709482661376564,0.02348392510742442,6,187
ol4-ol0,pe,NUST,2008,0.046515885913810076,0.03208641176672573,9,299
ol4-ol0,pe,NUST,2011,0.02016147543835492,0.03668737529930192,5,171
ol4-ol0,pe,NUST,2012,0.029220700295861178,0.07174010879558962,10,325
ol4-ol0,pe,NUST,2013,0.0071229565994706335,0.021586600484212504,15,604
ol4-ol0,pe,NUST,2014,-0.003402316119709142,0.015154651505172121,15,601
ol4-ol0,pe,NUST,2015,-0.012903837632626107,0.023419383909949312,24,1005
ol4-ol0,pe,NUST,2016,0.009290378830629954,0.026683992908733727,29,1200
ol4-ol0,pe,NUST,2017,-0.01714673339192623,0.02057118927623078,19,747
ol4-ol0,pe,NUST,2019,0.037608263807540794,0.025195977646055814,16,889
ol4-ol0,pe,NUST,2020,0.013738231715960987,0.03370757197704097,24,1209
ol4-ol0,sd,G2F,2016,-0.08636198997653982,0.08107669592608296,27,1653
ol4-ol0,sd,G2F,2018,0.13240297097828724,0.08587815298053984,24,873
ol4-ol0,sd,G2F,2020,0.26702857754776554,0.09866727181679635,21,670
ol4-ol0,sd,G2F,2022,0.29828688995088115,0.13313205401343486,17,586
ol4-ol0,sd,G2F,2024,-0.009068420680689498,0.0646278178396742,22,1172
ol4-ol0,sd,NUST,2005,0.17765823839066974,0.10166507579683826,8,250
ol4-ol0,sd,NUST,2006,-0.17900586386908807,0.14065684818795346,9,299
ol4-ol0,sd,NUST,2007,0.06218425858789106,0.06150033712784077,6,187
ol4-ol0,sd,NUST,2008,-0.11280044386184497,0.09173979901680407,9,299
ol4-ol0,sd,NUST,2011,0.13748357442496506,0.2419272924746823,5,171
ol4-ol0,sd,NUST,2012,-0.15149546800710434,0.1473307091395596,10,325
ol4-ol0,sd,NUST,2013,0.03587647678474098,0.10211049940510937,15,604
ol4-ol0,sd,NUST,2014,-0.06049461820235793,0.14731149317833006,15,601
ol4-ol0,sd,NUST,2015,0.031356679046321424,0.08465103473140569,24,1005
ol4-ol0,sd,NUST,2016,-0.12457614598286096,0.09110100624564296,29,1200
ol4-ol0,sd,NUST,2017,0.03807121209614326,0.10605627821400869,19,747
ol4-ol0,sd,NUST,2019,0.07365387537689573,0.06216528946438496,16,889
ol4-ol0,sd,NUST,2020,-0.0171151667370809,0.1278539608626773,24,1209
ol3-ol0,sp,G2F,2016,0.0032921772697679006,0.009154439791753746,27,1653
ol3-ol0,sp,G2F,2018,0.01922208261448131,0.016378849176607944,24,873
ol3-ol0,sp,G2F,2020,0.014255031435888915,0.01499678830117333,21,670
ol3-ol0,sp,G2F,2022,0.07284876039334981,0.018480632337461098,17,586
ol3-ol0,sp,G2F,2024,0.0012275432408689335,0.011585808486136183,22,1172
ol3-ol0,sp,NUST,2005,0.0489372688374211,0.026991832974813456,8,250
ol3-ol0,sp,NUST,2006,-0.00553085167395269,0.014711848247233988,9,299
ol3-ol0,sp,NUST,2007,0.02475112592726349,0.008255372616994706,6,187
ol3-ol0,sp,NUST,2008,0.0303577772052886,0.00892967275650192,9,299
ol3-ol0,sp,NUST,2011,0.04245630741349034,0.024470801158817616,5,171
ol3-ol0,sp,NUST,2012,-0.0020900225230403692,0.060231360009672504,10,325
ol3-ol0,sp,NUST,2013,0.0056631188758602385,0.013604557375863706,15,604
ol3-ol0,sp,NUST,2014,-0.0015061436383499549,0.011470769207976832,15,601
ol3-ol0,sp,NUST,2015,-0.0024304364981942938,0.01653778404184241,24,1005
ol3-ol0,sp,NUST,2016,0.013178350206606073,0.012575217745998108,29,1200
ol3-ol0,sp,NUST,2017,0.017059220425803195,0.013051795109851154,19,747
ol3-ol0,sp,NUST,2019,0.03686020445537007,0.015583565085379423,16,889
ol3-ol0,sp,NUST,2020,0.014874958622446427,0.010112264108109949,24,1209
ol3-ol0,pe,G2F,2016,-0.015359476019128524,0.011356820131728137,27,1653
ol3-ol0,pe,G2F,2018,-0.019093523126852262,0.016617640151356656,24,873
ol3-ol0,pe,G2F,2020,0.0036154195415030533,0.011198733975800365,21,670
ol3-ol0,pe,G2F,2022,0.05743345024188792,0.011685893682614485,17,586
ol3-ol0,pe,G2F,2024,0.01032683213418416,0.007902315856706425,22,1172
ol3-ol0,pe,NUST,2005,0.05941872267378362,0.027119080298959274,8,250
ol3-ol0,pe,NUST,2006,-0.004101606103797682,0.012680091500095097,9,299
ol3-ol0,pe,NUST,2007,0.011079738895522287,0.009800692153785448,6,187
ol3-ol0,pe,NUST,2008,0.025903332036090455,0.014666952415677587,9,299
ol3-ol0,pe,NUST,2011,0.052110196233853545,0.017542504386131173,5,171
ol3-ol0,pe,NUST,2012,0.005781873460934056,0.05270869471229,10,325
ol3-ol0,pe,NUST,2013,0.011551987863580589,0.00946765178888953,15,604
ol3-ol0,pe,NUST,2014,-0.003219346791482064,0.008834473160483964,15,601
ol3-ol0,pe,NUST,2015,-0.00234740292296564,0.013568244792063111,24,1005
ol3-ol0,pe,NUST,2016,0.007677524157475361,0.009375194928450523,29,1200
ol3-ol0,pe,NUST,2017,0.005254273318794467,0.010669140817999028,19,747
ol3-ol0,pe,NUST,2019,0.03268495688231677,0.01645620697691778,16,889
ol3-ol0,pe,NUST,2020,0.00850683920057117,0.010030995000311753,24,1209
ol3-ol0,sd,G2F,2016,-0.1243547064002752,0.06187790612694491,27,1653
ol3-ol0,sd,G2F,2018,0.002520807772874445,0.07262865505873897,24,873
ol3-ol0,sd,G2F,2020,0.16904153335028527,0.07332617775288122,21,670
ol3-ol0,sd,G2F,2022,0.4032633394737551,0.12499640719133892,17,586
ol3-ol0,sd,G2F,2024,0.044944042474398656,0.057989510702335344,22,1172
ol3-ol0,sd,NUST,2005,0.22425822104041998,0.09080687796856339,8,250
ol3-ol0,sd,NUST,2006,-0.029938761449124513,0.1685886352043796,9,299
ol3-ol0,sd,NUST,2007,0.01322848886030581,0.012142717291588005,6,187
ol3-ol0,sd,NUST,2008,-0.0518417590305607,0.05630870910748157,9,299
ol3-ol0,sd,NUST,2011,0.009467529711639189,0.016253998223451294,5,171
ol3-ol0,sd,NUST,2012,-0.2099144425884551,0.1447312104318957,10,325
ol3-ol0,sd,NUST,2013,-0.07642240086366152,0.07762052990043754,15,604
ol3-ol0,sd,NUST,2014,-0.01627111338130159,0.08118775323970345,15,601
ol3-ol0,sd,NUST,2015,0.08059177194731375,0.06241647218246617,24,1005
ol3-ol0,sd,NUST,2016,-0.05906472415261274,0.06494771712650785,29,1200
ol3-ol0,sd,NUST,2017,0.10033032556066755,0.09850456627994335,19,747
ol3-ol0,sd,NUST,2019,0.1493066035409314,0.07608029146001591,16,889
ol3-ol0,sd,NUST,2020,0.10703319958727509,0.1011951154437558,24,1209
