contrast,reference,target_years,est,lo,hi,level,se,mde80,resolution,resolved_gain_excluded
Covariate reaction-norm ridge,cell_reml,16,-0.0196408276700373,-0.0443493092198513,0.0050676538797765,0.95,0.01260659978688958,0.035318463613615944,0.0087,True
Within-environment-loss network,cell_reml,31,-0.0083657102270442,-0.017843363004803,0.0011119425507144,0.95,0.004835625987271815,0.013547418286263647,0.0087,True
Stacking on the forward history,cell_reml,48,-0.0024693838960231,-0.01157080499092,0.0066320371988737,0.95,0.004643667519754291,0.013009630281174932,0.0087,True
Own-history residual for old lines,cell_reml,19,0.001002184965113,-0.0031293352671301,0.0051337051973563,0.95,0.002107957220046952,0.005905621788098047,0.0256936342343242,True
Same-season silking dates,cell_reml,4,0.0004871811148804535,-0.003499972770270958,0.004474335000031865,0.95,0.0020342995670336664,0.0056992635962151315,0.01427729931021286,True
Sparse 25 %: learned environment correlation,MxE GBLUP,46,7.00855742278932e-05,-0.0029081026286554798,0.003048273777111266,0.95,0.0015195116983653485,0.004257041512890092,0.010319825241431135,True
Sparse 25 %: stacking with LightGBM,MxE GBLUP,46,-0.00276595050488742,-0.006129912013311955,0.0005980110035371149,0.9833333333333333,0.0014051753939943686,0.00393671861267069,0.010319825241431135,True
Sparse 25 %: residual network,MxE GBLUP,46,-0.0014403521566636985,-0.004669879476690309,0.0017891751633629116,0.975,0.0014408509815090325,0.004036666811299268,0.010319825241431135,True
Sparse 25 %: covariate environment correlation,MxE GBLUP,14,-0.0011868669554573792,-0.0040369197833431,0.0016631858724283422,0.95,0.0014541353057334597,0.004073883977679042,0.015028770060469153,True
