contrast,est,se,lo,hi,tau2,k,lo_envboot,hi_envboot,hk_lo,hk_hi,Q,I2,loyo
H1,0.0004871811148804535,0.0020342995670336664,-0.003499972770270958,0.004474335000031865,0.0,4,-0.0032393628373724175,0.004188221741241709,-0.003801036167327293,0.0030495046940937046,2.699394145391018,0.0,"[0.0005078418950658904, 0.0019173505018247328, 0.0012838155674166462, -0.001470383348091812]"
H1_pearson,-0.0010684192754591554,0.0026244348125688596,-0.006212216987867248,0.004075378436948936,1.5899275410380816e-05,4,-0.006212216987867248,0.004075378436948936,-0.008800643922510816,0.006472578432044119,8.282448789849925,0.6377882826542223,"[-0.0005650638908765641, 0.00064136066274837, -0.0009911817597629045, -0.003448573838423882]"
H1_seldiff,-0.0027018767808811442,0.00979788990230107,-0.021905388113879907,0.01650163455211762,0.00022287528375746092,4,-0.021905388113879907,0.01650163455211762,-0.04243920770128125,0.03864810570942186,8.365543299199091,0.6413861129273914,"[0.0055023434682077, -0.006607963511903673, -0.01033205555886354, -0.01089910797327406]"
NY,0.004130929877584129,0.0034125099944972135,-0.0025574668085133877,0.010819326563681645,2.8091025620397364e-05,4,-0.0019435308425231985,0.011371874015933849,-0.008133923474905332,0.015565737158165872,12.1090348463561,0.7522511052230746,"[0.002612293381622685, 0.006639877578378132, 0.006738048446074506, 0.0012756003587504675]"
lor,0.00043615788453153326,0.0019299820702968953,-0.0033465374640584324,0.0042188532331214985,4.882513402656674e-06,4,-0.0033465374640584324,0.0042188532331214985,-0.005113359859262176,0.005295452325989692,5.005476066525413,0.400656409075097,"[0.0005975151284035134, 0.0017522128274299214, 0.0009640673696530962, -0.0015371165669256853]"
new,0.0002984011776264405,0.0023936238924307045,-0.004393015444072316,0.004989817799325198,1.1148700488151888e-05,4,-0.004393015444072316,0.004989817799325198,-0.00668280159707416,0.006740662530688012,6.924005937571324,0.5667248082903457,"[0.0005617039047232658, 0.0018448410315436052, 0.0007881949139074493, -0.0020209408761448708]"
s1-rn_ridge,0.018434053404122533,0.020408671421035134,-0.021566207553418218,0.058434314361663284,0.0013552092817631074,4,-0.021566207553418218,0.058434314361663284,-0.045809112829122686,0.08198733026777717,17.729656024510383,0.8307919795030063,"[0.03637245555885284, 0.010480755314331715, 0.02102748527650154, 0.005922264272374345]"
s1-s1g,6.472216569175099e-05,0.002812645051042212,-0.005447960835645807,0.0055774051670293085,0.0,4,-0.005447960835645807,0.0055774051670293085,-0.0003294773752308797,0.004930166811426452,2.1021068296186285,0.0,"[0.00040005906658070593, 0.0012226798335763225, -0.000515640008017541, -0.0009919820013897286]"
s1g-s0,0.0008947274392926774,0.0027786582218334004,-0.0045513426008468956,0.00634079747943225,0.0,4,-0.0045513426008468956,0.00634079747943225,-0.003425515884546134,0.006405415870772156,1.362277706102143,0.0,"[0.0011405194636458541, -0.00044257934434037405, 0.0027432923486952593, -6.537991815727921e-06]"
s1h-s0,0.015236072732647049,0.036350636191281274,-0.05600986501738248,0.08648201048267658,0.0049070255756688335,4,-0.05600986501738248,0.08648201048267658,-0.1255922628174675,0.15712196988336274,48.94989563323063,0.9387128417498936,"[0.059983954115342936, 4.721042038699132e-05, 0.0039586858752071585, -0.004391920864433166]"
s1h-s0_pearson,0.024252608094208105,0.04199491212387267,-0.05805590720250679,0.10656112339092301,0.0066726921355106,4,-0.05805590720250679,0.10656112339092301,-0.1209250475770817,0.17058825677927522,63.49441395265496,0.9527517491186395,"[0.07178765547590636, 0.0032952724206211344, 0.013168689143661668, 0.010181374381347195]"
s1h-s1,0.014315653067232608,0.038009133916928145,-0.060180880493506395,0.0888121866279716,0.0054343735307161595,4,-0.060180880493506395,0.0888121866279716,-0.12455347577231689,0.15408796558490118,56.73969371617009,0.9471269616821171,"[0.05871163754527025, -0.0012161073461671031, 0.0026374175065273166, -0.003222600974047521]"
s1n-s0,-0.0012222565000304078,0.001814045873124726,-0.004777721077658387,0.0023332080775975714,0.0,4,-0.004777721077658387,0.0023332080775975714,-0.002695518983300024,-0.0009098094277978755,0.2817988397581969,0.0,"[-0.0015477547828454219, -0.0010743044351454011, -0.0013363536749627883, -0.0009422526939935665]"
s1n-s1,-0.0009762496938851443,0.0019032748508735437,-0.004706599854278132,0.0027541004665078434,3.214430733013821e-06,4,-0.004706599854278132,0.0027541004665078434,-0.005841949311973657,0.0046069082240766035,4.082271703409948,0.2651150589770689,"[-0.001593264767365151, -0.0016574361620138353, -0.0015128883084934031, 0.0004727532801045662]"
tertile,0.00021186012003952717,0.00048049982373414763,-0.0007299022290572464,0.0011536224691363008,1.0597786046592189e-07,4,-0.0007299022290572464,0.0011536224691363008,-0.0012725326487567062,0.0015733354913642734,3.6983470572425117,0.18882680463287818,"[0.00013015891554268264, -0.000194954529825639, 0.0004614214505375693, 0.0005287978997582784]"
