contrast,dataset,target,d,se_env,n_env,se_twoway,se
H1,G2F,2016,-0.0025860550925415446,0.007083474096150923,27,0.008930676250331613,0.008930676250331613
H1,G2F,2018,-0.0020576811631391983,0.002303989204440847,29,0.0032777290275878474,0.0032777290275878474
H1,G2F,2020,-0.0007328011554434539,0.0009742376626507614,24,0.0012890560340166849,0.0012890560340166849
H1,G2F,2022,0.0053820467370323385,0.0028215326683279306,27,0.003798142396913949,0.003798142396913949
s1-s1g,G2F,2016,-0.0011450782762208215,0.0046730683210679065,27,,0.0046730683210679065
s1-s1g,G2F,2018,-0.005767722717694425,0.006722320327335168,29,,0.006722320327335168
s1-s1g,G2F,2020,0.002635871776563809,0.005734044828976774,24,,0.005734044828976774
s1-s1g,G2F,2022,0.002651832116721311,0.0010381829393636404,27,,0.0010381829393636404
s1-rn_ridge,G2F,2016,-0.03430435924817334,0.015303191949450975,27,,0.015303191949450975
s1-rn_ridge,G2F,2018,0.043782831297333465,0.020267576735350065,29,,0.020267576735350065
s1-rn_ridge,G2F,2020,0.012115015004966699,0.015855325814318935,24,,0.015855325814318935
s1-rn_ridge,G2F,2022,0.05461067179986457,0.01717095175708095,27,,0.01717095175708095
lor,G2F,2016,-0.0027001077768060463,0.006919652413798125,27,,0.006919652413798125
lor,G2F,2018,-0.0021899839892758574,0.002403458384853707,29,,0.002403458384853707
lor,G2F,2020,-0.0007439415798783955,0.0009256422963140105,24,,0.0009256422963140105
lor,G2F,2022,0.005360978718023102,0.002810113630001176,27,,0.002810113630001176
tertile,G2F,2016,0.003263500461037036,0.0026986833349224655,27,,0.0026986833349224655
tertile,G2F,2018,0.000993839553748741,0.0007349478330405307,29,,0.0007349478330405307
tertile,G2F,2020,-0.00021081147046146456,0.0005515770157336132,24,,0.0005515770157336132
tertile,G2F,2022,-0.0004858381459701989,0.0008037046183473162,27,,0.0008037046183473162
new,G2F,2016,-0.003850185215996705,0.007626168864784996,27,,0.007626168864784996
new,G2F,2018,-0.002913668670537839,0.0023596728516906335,29,,0.0023596728516906335
new,G2F,2020,-0.0009530823038609414,0.0004512426780962531,24,,0.0004512426780962531
new,G2F,2022,0.006362169083889252,0.0029556509926158465,27,,0.0029556509926158465
s1g-s0,G2F,2016,-0.0014409768163207242,0.010198558275806409,27,,0.010198558275806409
s1g-s0,G2F,2018,0.003710041554555228,0.004868872162263215,29,,0.004868872162263215
s1g-s0,G2F,2020,-0.0033686729320072627,0.005069579664936211,24,,0.005069579664936211
s1g-s0,G2F,2022,0.0027302146203110277,0.0031680548712584274,27,,0.0031680548712584274
s1h-s0,G2F,2016,-0.12214974352788938,0.025266340602279787,27,,0.025266340602279787
s1h-s0,G2F,2018,0.05583082642251182,0.013338231607149977,29,,0.013338231607149977
s1h-s0,G2F,2020,0.049304844866340375,0.019125588467429705,24,,0.019125588467429705
s1h-s0,G2F,2022,0.06933108156219547,0.011499931229590655,27,,0.011499931229590655
s1h-s1,G2F,2016,-0.11956368843534781,0.022509624881052567,27,,0.022509624881052567
s1h-s1,G2F,2018,0.057888507585651006,0.013454449052219779,29,,0.013454449052219779
s1h-s1,G2F,2020,0.050037646021783816,0.018860191596535392,24,,0.018860191596535392
s1h-s1,G2F,2022,0.06394903482516313,0.011366255775881113,27,,0.011366255775881113
s1n-s0,G2F,2016,-0.000317455736263153,0.003516155190825721,27,,0.003516155190825721
s1n-s0,G2F,2018,-0.0017928943859561715,0.0039951686874561704,29,,0.0039951686874561704
s1n-s0,G2F,2020,-0.000902322506691799,0.0035316974835693754,24,,0.0035316974835693754
s1n-s0,G2F,2022,-0.0020016246772702946,0.0010155190284154164,27,,0.0010155190284154164
s1n-s1,G2F,2016,0.0022685993562783914,0.003629295225624665,27,,0.003629295225624665
s1n-s1,G2F,2018,0.00026478677718302695,0.001548368237280867,29,,0.001548368237280867
s1n-s1,G2F,2020,-0.00016952135124834408,0.0024972314650879702,24,,0.0024972314650879702
s1n-s1,G2F,2022,-0.007383671414302633,0.0038152115147526713,27,,0.0038152115147526713
H1_pearson,G2F,2016,-0.006001125060900881,0.007184828506378147,27,,0.007184828506378147
H1_pearson,G2F,2018,-0.004837323620868753,0.0024407308942501543,29,,0.0024407308942501543
H1_pearson,G2F,2020,-0.0017652588479507246,0.0013333571110782571,24,,0.0013333571110782571
H1_pearson,G2F,2022,0.005303231503716742,0.00278002088803681,27,,0.00278002088803681
H1_seldiff,G2F,2016,-0.06746833949601448,0.025805132211474874,27,,0.025805132211474874
H1_seldiff,G2F,2018,0.0005547432347933737,0.010491429574869116,29,,0.010491429574869116
H1_seldiff,G2F,2020,0.0062351881145898515,0.009020798289400297,24,,0.009020798289400297
H1_seldiff,G2F,2022,0.008427258815678572,0.006097312971509145,27,,0.006097312971509145
s1h-s0_pearson,G2F,2016,-0.11419633154262358,0.022290594798608402,27,,0.022290594798608402
s1h-s0_pearson,G2F,2018,0.08461059221232888,0.013359846101828528,29,,0.013359846101828528
s1h-s0_pearson,G2F,2020,0.05953188253786562,0.021035502729258148,24,,0.021035502729258148
s1h-s0_pearson,G2F,2022,0.06390825615443757,0.008793501761195657,27,,0.008793501761195657
NY,G2F,2016,0.020611175286082042,0.008278833816411346,30,0.010663663686402829,0.010663663686402829
NY,G2F,2018,-0.00027398363991241293,0.002278520317425284,28,0.003045305614849091,0.003045305614849091
NY,G2F,2020,-0.0008097884514608741,0.0008880103203178495,25,0.0011691690877883053,0.0011691690877883053
NY,G2F,2022,0.009143351555888858,0.001947039380891085,26,0.0032137346479444574,0.0032137346479444574
